DATAFLOW,LAST UPDATE,freq,unit,age,sex,geo,TIME_PERIOD,OBS_VALUE,OBS_FLAG,CONF_STATUS
ESTAT:DEMO_PJAN(1.0),08/05/26 11:00:00,A,NR,TOTAL,T,AL,1960-01-01,1583800.0,,
ESTAT:DEMO_PJAN(1.0),08/05/26 11:00:00,A,NR,TOTAL,T,AT,1960-01-01,7030385.0,,
ESTAT:DEMO_PJAN(1.0),08/05/26 11:00:00,A,NR,TOTAL,T,BA,1960-01-01,3212349.0,,
ESTAT:DEMO_PJAN(1.0),08/05/26 11:00:00,A,NR,TOTAL,T,BE,1960-01-01,9128824.0,,
ESTAT:DEMO_PJAN(1.0),08/05/26 11:00:00,A,NR,TOTAL,T,BG,1960-01-01,7829246.0,,
ESTAT:DEMO_PJAN(1.0),08/05/26 11:00:00,A,NR,TOTAL,T,CH,1960-01-01,5295500.0,,
ESTAT:DEMO_PJAN(1.0),08/05/26 11:00:00,A,NR,TOTAL,T,CY,1960-01-01,572000.0,,
ESTAT:DEMO_PJAN(1.0),08/05/26 11:00:00,A,NR,TOTAL,T,CZ,1960-01-01,9637840.0,,
ESTAT:DEMO_PJAN(1.0),08/05/26 11:00:00,A,NR,TOTAL,T,DE,1960-01-01,55257088.0,,
ESTAT:DEMO_PJAN(1.0),08/05/26 11:00:00,A,NR,TOTAL,T,DE_TOT,1960-01-01,72542990.0,,
ESTAT:DEMO_PJAN(1.0),08/05/26 11:00:00,A,NR,TOTAL,T,DK,1960-01-01,4565455.0,,
ESTAT:DEMO_PJAN(1.0),08/05/26 11:00:00,A,NR,TOTAL,T,EE,1960-01-01,1206362.0,,
ESTAT:DEMO_PJAN(1.0),08/05/26 11:00:00,A,NR,TOTAL,T,EEA30_2007,1960-01-01,406362168.0,,
ESTAT:DEMO_PJAN(1.0),08/05/26 11:00:00,A,NR,TOTAL,T,EEA31,1960-01-01,410489590.0,,
ESTAT:DEMO_PJAN(1.0),08/05/26 11:00:00,A,NR,TOTAL,T,EFTA,1960-01-01,9053336.0,,
ESTAT:DEMO_PJAN(1.0),08/05/26 11:00:00,A,NR,TOTAL,T,EL,1960-01-01,8300399.0,,
ESTAT:DEMO_PJAN(1.0),08/05/26 11:00:00,A,NR,TOTAL,T,ES,1960-01-01,30327000.0,,
ESTAT:DEMO_PJAN(1.0),08/05/26 11:00:00,A,NR,TOTAL,T,EU27_2007,1960-01-01,402604332.0,,
ESTAT:DEMO_PJAN(1.0),08/05/26 11:00:00,A,NR,TOTAL,T,EU27_2020,1960-01-01,354531754.0,,
ESTAT:DEMO_PJAN(1.0),08/05/26 11:00:00,A,NR,TOTAL,T,EU28,1960-01-01,406731754.0,,
ESTAT:DEMO_PJAN(1.0),08/05/26 11:00:00,A,NR,TOTAL,T,FI,1960-01-01,4413046.0,,
ESTAT:DEMO_PJAN(1.0),08/05/26 11:00:00,A,NR,TOTAL,T,FX,1960-01-01,45464797.0,,
ESTAT:DEMO_PJAN(1.0),08/05/26 11:00:00,A,NR,TOTAL,T,HR,1960-01-01,4127422.0,,
ESTAT:DEMO_PJAN(1.0),08/05/26 11:00:00,A,NR,TOTAL,T,HU,1960-01-01,9961044.0,,
ESTAT:DEMO_PJAN(1.0),08/05/26 11:00:00,A,NR,TOTAL,T,IE,1960-01-01,2835500.0,,
ESTAT:DEMO_PJAN(1.0),08/05/26 11:00:00,A,NR,TOTAL,T,IS,1960-01-01,173855.0,,
ESTAT:DEMO_PJAN(1.0),08/05/26 11:00:00,A,NR,TOTAL,T,IT,1960-01-01,50025500.0,,
ESTAT:DEMO_PJAN(1.0),08/05/26 11:00:00,A,NR,TOTAL,T,LI,1960-01-01,16274.0,,
ESTAT:DEMO_PJAN(1.0),08/05/26 11:00:00,A,NR,TOTAL,T,LT,1960-01-01,2755600.0,,
ESTAT:DEMO_PJAN(1.0),08/05/26 11:00:00,A,NR,TOTAL,T,LU,1960-01-01,313050.0,,
ESTAT:DEMO_PJAN(1.0),08/05/26 11:00:00,A,NR,TOTAL,T,LV,1960-01-01,2104128.0,,
ESTAT:DEMO_PJAN(1.0),08/05/26 11:00:00,A,NR,TOTAL,T,MK,1960-01-01,1384451.0,,
ESTAT:DEMO_PJAN(1.0),08/05/26 11:00:00,A,NR,TOTAL,T,MT,1960-01-01,327200.0,,
ESTAT:DEMO_PJAN(1.0),08/05/26 11:00:00,A,NR,TOTAL,T,NL,1960-01-01,11417254.0,,
ESTAT:DEMO_PJAN(1.0),08/05/26 11:00:00,A,NR,TOTAL,T,NO,1960-01-01,3567707.0,,
ESTAT:DEMO_PJAN(1.0),08/05/26 11:00:00,A,NR,TOTAL,T,PL,1960-01-01,29479900.0,,
ESTAT:DEMO_PJAN(1.0),08/05/26 11:00:00,A,NR,TOTAL,T,PT,1960-01-01,8826040.0,,
ESTAT:DEMO_PJAN(1.0),08/05/26 11:00:00,A,NR,TOTAL,T,RO,1960-01-01,18319210.0,,
ESTAT:DEMO_PJAN(1.0),08/05/26 11:00:00,A,NR,TOTAL,T,SE,1960-01-01,7471345.0,,
ESTAT:DEMO_PJAN(1.0),08/05/26 11:00:00,A,NR,TOTAL,T,SI,1960-01-01,1580535.0,,
ESTAT:DEMO_PJAN(1.0),08/05/26 11:00:00,A,NR,TOTAL,T,SK,1960-01-01,3969682.0,,
ESTAT:DEMO_PJAN(1.0),08/05/26 11:00:00,A,NR,TOTAL,T,TR,1960-01-01,27119962.0,,
ESTAT:DEMO_PJAN(1.0),08/05/26 11:00:00,A,NR,TOTAL,T,UK,1960-01-01,52200000.0,,
ESTAT:DEMO_PJAN(1.0),08/05/26 11:00:00,A,NR,TOTAL,T,AL,1961-01-01,1633800.0,,
ESTAT:DEMO_PJAN(1.0),08/05/26 11:00:00,A,NR,TOTAL,T,AT,1961-01-01,7064693.0,,
ESTAT:DEMO_PJAN(1.0),08/05/26 11:00:00,A,NR,TOTAL,T,BA,1961-01-01,3265629.0,,
ESTAT:DEMO_PJAN(1.0),08/05/26 11:00:00,A,NR,TOTAL,T,BE,1961-01-01,9178154.0,,
ESTAT:DEMO_PJAN(1.0),08/05/26 11:00:00,A,NR,TOTAL,T,BG,1961-01-01,7905502.0,,
ESTAT:DEMO_PJAN(1.0),08/05/26 11:00:00,A,NR,TOTAL,T,CH,1961-01-01,5360153.0,,
ESTAT:DEMO_PJAN(1.0),08/05/26 11:00:00,A,NR,TOTAL,T,CY,1961-01-01,573566.0,,
ESTAT:DEMO_PJAN(1.0),08/05/26 11:00:00,A,NR,TOTAL,T,CZ,1961-01-01,9566172.0,,
ESTAT:DEMO_PJAN(1.0),08/05/26 11:00:00,A,NR,TOTAL,T,DE,1961-01-01,55958321.0,,
ESTAT:DEMO_PJAN(1.0),08/05/26 11:00:00,A,NR,TOTAL,T,DE_TOT,1961-01-01,73086809.0,,
ESTAT:DEMO_PJAN(1.0),08/05/26 11:00:00,A,NR,TOTAL,T,DK,1961-01-01,4593750.0,,
ESTAT:DEMO_PJAN(1.0),08/05/26 11:00:00,A,NR,TOTAL,T,EE,1961-01-01,1216712.0,,
ESTAT:DEMO_PJAN(1.0),08/05/26 11:00:00,A,NR,TOTAL,T,EFTA,1961-01-01,9148844.0,,
ESTAT:DEMO_PJAN(1.0),08/05/26 11:00:00,A,NR,TOTAL,T,EL,1961-01-01,8363050.0,,
ESTAT:DEMO_PJAN(1.0),08/05/26 11:00:00,A,NR,TOTAL,T,ES,1961-01-01,30583000.0,,
ESTAT:DEMO_PJAN(1.0),08/05/26 11:00:00,A,NR,TOTAL,T,FI,1961-01-01,4446222.0,,
ESTAT:DEMO_PJAN(1.0),08/05/26 11:00:00,A,NR,TOTAL,T,FX,1961-01-01,45903656.0,,
ESTAT:DEMO_PJAN(1.0),08/05/26 11:00:00,A,NR,TOTAL,T,HR,1961-01-01,4152939.0,,
ESTAT:DEMO_PJAN(1.0),08/05/26 11:00:00,A,NR,TOTAL,T,HU,1961-01-01,10005980.0,,
ESTAT:DEMO_PJAN(1.0),08/05/26 11:00:00,A,NR,TOTAL,T,IE,1961-01-01,2821700.0,,
ESTAT:DEMO_PJAN(1.0),08/05/26 11:00:00,A,NR,TOTAL,T,IS,1961-01-01,177292.0,,
ESTAT:DEMO_PJAN(1.0),08/05/26 11:00:00,A,NR,TOTAL,T,IT,1961-01-01,50373900.0,,
ESTAT:DEMO_PJAN(1.0),08/05/26 11:00:00,A,NR,TOTAL,T,LI,1961-01-01,16628.0,,
ESTAT:DEMO_PJAN(1.0),08/05/26 11:00:00,A,NR,TOTAL,T,LT,1961-01-01,2801500.0,,
ESTAT:DEMO_PJAN(1.0),08/05/26 11:00:00,A,NR,TOTAL,T,LU,1961-01-01,314889.0,,
ESTAT:DEMO_PJAN(1.0),08/05/26 11:00:00,A,NR,TOTAL,T,LV,1961-01-01,2137830.0,,
ESTAT:DEMO_PJAN(1.0),08/05/26 11:00:00,A,NR,TOTAL,T,MK,1961-01-01,1399403.0,,
ESTAT:DEMO_PJAN(1.0),08/05/26 11:00:00,A,NR,TOTAL,T,NL,1961-01-01,11556008.0,,
ESTAT:DEMO_PJAN(1.0),08/05/26 11:00:00,A,NR,TOTAL,T,NO,1961-01-01,3594771.0,,
ESTAT:DEMO_PJAN(1.0),08/05/26 11:00:00,A,NR,TOTAL,T,PL,1961-01-01,29795000.0,,
ESTAT:DEMO_PJAN(1.0),08/05/26 11:00:00,A,NR,TOTAL,T,PT,1961-01-01,8889392.0,,
ESTAT:DEMO_PJAN(1.0),08/05/26 11:00:00,A,NR,TOTAL,T,RO,1961-01-01,18494600.0,,
ESTAT:DEMO_PJAN(1.0),08/05/26 11:00:00,A,NR,TOTAL,T,SE,1961-01-01,7497967.0,,
ESTAT:DEMO_PJAN(1.0),08/05/26 11:00:00,A,NR,TOTAL,T,SI,1961-01-01,1588904.0,,
ESTAT:DEMO_PJAN(1.0),08/05/26 11:00:00,A,NR,TOTAL,T,SK,1961-01-01,4166507.0,,
ESTAT:DEMO_PJAN(1.0),08/05/26 11:00:00,A,NR,TOTAL,T,TR,1961-01-01,27755078.0,,
ESTAT:DEMO_PJAN(1.0),08/05/26 11:00:00,A,NR,TOTAL,T,UK,1961-01-01,52600000.0,,
ESTAT:DEMO_PJAN(1.0),08/05/26 11:00:00,A,NR,TOTAL,T,AL,1962-01-01,1685800.0,,
ESTAT:DEMO_PJAN(1.0),08/05/26 11:00:00,A,NR,TOTAL,T,AT,1962-01-01,7107904.0,,
ESTAT:DEMO_PJAN(1.0),08/05/26 11:00:00,A,NR,TOTAL,T,BA,1962-01-01,3329909.0,,
ESTAT:DEMO_PJAN(1.0),08/05/26 11:00:00,A,NR,TOTAL,T,BE,1962-01-01,9189741.0,,
ESTAT:DEMO_PJAN(1.0),08/05/26 11:00:00,A,NR,TOTAL,T,BG,1962-01-01,7980734.0,,
ESTAT:DEMO_PJAN(1.0),08/05/26 11:00:00,A,NR,TOTAL,T,CH,1962-01-01,5508435.0,,
ESTAT:DEMO_PJAN(1.0),08/05/26 11:00:00,A,NR,TOTAL,T,CY,1962-01-01,575900.0,,
ESTAT:DEMO_PJAN(1.0),08/05/26 11:00:00,A,NR,TOTAL,T,CZ,1962-01-01,9607129.0,,
ESTAT:DEMO_PJAN(1.0),08/05/26 11:00:00,A,NR,TOTAL,T,DE,1962-01-01,56589148.0,,
ESTAT:DEMO_PJAN(1.0),08/05/26 11:00:00,A,NR,TOTAL,T,DE_TOT,1962-01-01,73668454.0,,
ESTAT:DEMO_PJAN(1.0),08/05/26 11:00:00,A,NR,TOTAL,T,DK,1962-01-01,4629624.0,,
ESTAT:DEMO_PJAN(1.0),08/05/26 11:00:00,A,NR,TOTAL,T,EE,1962-01-01,1233441.0,,
ESTAT:DEMO_PJAN(1.0),08/05/26 11:00:00,A,NR,TOTAL,T,EFTA,1962-01-01,9331154.0,,
ESTAT:DEMO_PJAN(1.0),08/05/26 11:00:00,A,NR,TOTAL,T,EL,1962-01-01,8433050.0,,
ESTAT:DEMO_PJAN(1.0),08/05/26 11:00:00,A,NR,TOTAL,T,ES,1962-01-01,30895500.0,,
ESTAT:DEMO_PJAN(1.0),08/05/26 11:00:00,A,NR,TOTAL,T,FI,1962-01-01,4475787.0,,
ESTAT:DEMO_PJAN(1.0),08/05/26 11:00:00,A,NR,TOTAL,T,FX,1962-01-01,46422000.0,,
ESTAT:DEMO_PJAN(1.0),08/05/26 11:00:00,A,NR,TOTAL,T,HR,1962-01-01,4181645.0,,
ESTAT:DEMO_PJAN(1.0),08/05/26 11:00:00,A,NR,TOTAL,T,HU,1962-01-01,10049935.0,,
ESTAT:DEMO_PJAN(1.0),08/05/26 11:00:00,A,NR,TOTAL,T,IE,1962-01-01,2827100.0,,
ESTAT:DEMO_PJAN(1.0),08/05/26 11:00:00,A,NR,TOTAL,T,IS,1962-01-01,180765.0,,
ESTAT:DEMO_PJAN(1.0),08/05/26 11:00:00,A,NR,TOTAL,T,IT,1962-01-01,50698800.0,,
ESTAT:DEMO_PJAN(1.0),08/05/26 11:00:00,A,NR,TOTAL,T,LI,1962-01-01,17125.0,,
ESTAT:DEMO_PJAN(1.0),08/05/26 11:00:00,A,NR,TOTAL,T,LT,1962-01-01,2845600.0,,
ESTAT:DEMO_PJAN(1.0),08/05/26 11:00:00,A,NR,TOTAL,T,LU,1962-01-01,318800.0,,
ESTAT:DEMO_PJAN(1.0),08/05/26 11:00:00,A,NR,TOTAL,T,LV,1962-01-01,2167531.0,,
ESTAT:DEMO_PJAN(1.0),08/05/26 11:00:00,A,NR,TOTAL,T,MK,1962-01-01,1417200.0,,
ESTAT:DEMO_PJAN(1.0),08/05/26 11:00:00,A,NR,TOTAL,T,NL,1962-01-01,11721416.0,,
ESTAT:DEMO_PJAN(1.0),08/05/26 11:00:00,A,NR,TOTAL,T,NO,1962-01-01,3624829.0,,
ESTAT:DEMO_PJAN(1.0),08/05/26 11:00:00,A,NR,TOTAL,T,PL,1962-01-01,30133000.0,,
ESTAT:DEMO_PJAN(1.0),08/05/26 11:00:00,A,NR,TOTAL,T,PT,1962-01-01,8969240.0,,
ESTAT:DEMO_PJAN(1.0),08/05/26 11:00:00,A,NR,TOTAL,T,RO,1962-01-01,18615900.0,,
ESTAT:DEMO_PJAN(1.0),08/05/26 11:00:00,A,NR,TOTAL,T,SE,1962-01-01,7542028.0,,
ESTAT:DEMO_PJAN(1.0),08/05/26 11:00:00,A,NR,TOTAL,T,SI,1962-01-01,1599357.0,,
ESTAT:DEMO_PJAN(1.0),08/05/26 11:00:00,A,NR,TOTAL,T,SK,1962-01-01,4216827.0,,
ESTAT:DEMO_PJAN(1.0),08/05/26 11:00:00,A,NR,TOTAL,T,TR,1962-01-01,28435197.0,,
ESTAT:DEMO_PJAN(1.0),08/05/26 11:00:00,A,NR,TOTAL,T,UK,1962-01-01,53000000.0,,
ESTAT:DEMO_PJAN(1.0),08/05/26 11:00:00,A,NR,TOTAL,T,AL,1963-01-01,1736838.0,,
ESTAT:DEMO_PJAN(1.0),08/05/26 11:00:00,A,NR,TOTAL,T,AT,1963-01-01,7151824.0,,
ESTAT:DEMO_PJAN(1.0),08/05/26 11:00:00,A,NR,TOTAL,T,BA,1963-01-01,3406130.0,,
ESTAT:DEMO_PJAN(1.0),08/05/26 11:00:00,A,NR,TOTAL,T,BE,1963-01-01,9251414.0,,
ESTAT:DEMO_PJAN(1.0),08/05/26 11:00:00,A,NR,TOTAL,T,BG,1963-01-01,8045158.0,,
ESTAT:DEMO_PJAN(1.0),08/05/26 11:00:00,A,NR,TOTAL,T,CH,1963-01-01,5639195.0,,
ESTAT:DEMO_PJAN(1.0),08/05/26 11:00:00,A,NR,TOTAL,T,CY,1963-01-01,578900.0,,
ESTAT:DEMO_PJAN(1.0),08/05/26 11:00:00,A,NR,TOTAL,T,CZ,1963-01-01,9642191.0,,
ESTAT:DEMO_PJAN(1.0),08/05/26 11:00:00,A,NR,TOTAL,T,DE,1963-01-01,57247246.0,,
ESTAT:DEMO_PJAN(1.0),08/05/26 11:00:00,A,NR,TOTAL,T,DE_TOT,1963-01-01,74383113.0,,
ESTAT:DEMO_PJAN(1.0),08/05/26 11:00:00,A,NR,TOTAL,T,DK,1963-01-01,4665829.0,,
ESTAT:DEMO_PJAN(1.0),08/05/26 11:00:00,A,NR,TOTAL,T,EE,1963-01-01,1249804.0,,
ESTAT:DEMO_PJAN(1.0),08/05/26 11:00:00,A,NR,TOTAL,T,EFTA,1963-01-01,9493953.0,,
ESTAT:DEMO_PJAN(1.0),08/05/26 11:00:00,A,NR,TOTAL,T,EL,1963-01-01,8463416.0,,
ESTAT:DEMO_PJAN(1.0),08/05/26 11:00:00,A,NR,TOTAL,T,ES,1963-01-01,31151231.0,,
ESTAT:DEMO_PJAN(1.0),08/05/26 11:00:00,A,NR,TOTAL,T,FI,1963-01-01,4507098.0,,
ESTAT:DEMO_PJAN(1.0),08/05/26 11:00:00,A,NR,TOTAL,T,FX,1963-01-01,47573406.0,,
ESTAT:DEMO_PJAN(1.0),08/05/26 11:00:00,A,NR,TOTAL,T,HR,1963-01-01,4211778.0,,
ESTAT:DEMO_PJAN(1.0),08/05/26 11:00:00,A,NR,TOTAL,T,HU,1963-01-01,10071715.0,,
ESTAT:DEMO_PJAN(1.0),08/05/26 11:00:00,A,NR,TOTAL,T,IE,1963-01-01,2845000.0,,
ESTAT:DEMO_PJAN(1.0),08/05/26 11:00:00,A,NR,TOTAL,T,IS,1963-01-01,183991.0,,
ESTAT:DEMO_PJAN(1.0),08/05/26 11:00:00,A,NR,TOTAL,T,IT,1963-01-01,51060100.0,,
ESTAT:DEMO_PJAN(1.0),08/05/26 11:00:00,A,NR,TOTAL,T,LI,1963-01-01,17761.0,,
ESTAT:DEMO_PJAN(1.0),08/05/26 11:00:00,A,NR,TOTAL,T,LT,1963-01-01,2881100.0,,
ESTAT:DEMO_PJAN(1.0),08/05/26 11:00:00,A,NR,TOTAL,T,LU,1963-01-01,322700.0,,
ESTAT:DEMO_PJAN(1.0),08/05/26 11:00:00,A,NR,TOTAL,T,LV,1963-01-01,2195640.0,,
ESTAT:DEMO_PJAN(1.0),08/05/26 11:00:00,A,NR,TOTAL,T,MK,1963-01-01,1438342.0,,
ESTAT:DEMO_PJAN(1.0),08/05/26 11:00:00,A,NR,TOTAL,T,NL,1963-01-01,11889962.0,,
ESTAT:DEMO_PJAN(1.0),08/05/26 11:00:00,A,NR,TOTAL,T,NO,1963-01-01,3653006.0,,
ESTAT:DEMO_PJAN(1.0),08/05/26 11:00:00,A,NR,TOTAL,T,PL,1963-01-01,30484000.0,,
ESTAT:DEMO_PJAN(1.0),08/05/26 11:00:00,A,NR,TOTAL,T,PT,1963-01-01,9018730.0,,
ESTAT:DEMO_PJAN(1.0),08/05/26 11:00:00,A,NR,TOTAL,T,RO,1963-01-01,18737200.0,,
ESTAT:DEMO_PJAN(1.0),08/05/26 11:00:00,A,NR,TOTAL,T,SE,1963-01-01,7581148.0,,
ESTAT:DEMO_PJAN(1.0),08/05/26 11:00:00,A,NR,TOTAL,T,SI,1963-01-01,1607941.0,,
ESTAT:DEMO_PJAN(1.0),08/05/26 11:00:00,A,NR,TOTAL,T,SK,1963-01-01,4259549.0,,
ESTAT:DEMO_PJAN(1.0),08/05/26 11:00:00,A,NR,TOTAL,T,TR,1963-01-01,29162545.0,,
ESTAT:DEMO_PJAN(1.0),08/05/26 11:00:00,A,NR,TOTAL,T,UK,1963-01-01,53500000.0,,
ESTAT:DEMO_PJAN(1.0),08/05/26 11:00:00,A,NR,TOTAL,T,AL,1964-01-01,1788404.0,,
ESTAT:DEMO_PJAN(1.0),08/05/26 11:00:00,A,NR,TOTAL,T,AT,1964-01-01,7199798.0,,
ESTAT:DEMO_PJAN(1.0),08/05/26 11:00:00,A,NR,TOTAL,T,BA,1964-01-01,3480448.0,,
ESTAT:DEMO_PJAN(1.0),08/05/26 11:00:00,A,NR,TOTAL,T,BE,1964-01-01,9328126.0,,
ESTAT:DEMO_PJAN(1.0),08/05/26 11:00:00,A,NR,TOTAL,T,BG,1964-01-01,8111132.0,,
ESTAT:DEMO_PJAN(1.0),08/05/26 11:00:00,A,NR,TOTAL,T,CH,1964-01-01,5749299.0,,
ESTAT:DEMO_PJAN(1.0),08/05/26 11:00:00,A,NR,TOTAL,T,CY,1964-01-01,585500.0,,
ESTAT:DEMO_PJAN(1.0),08/05/26 11:00:00,A,NR,TOTAL,T,CZ,1964-01-01,9699179.0,,
ESTAT:DEMO_PJAN(1.0),08/05/26 11:00:00,A,NR,TOTAL,T,DE,1964-01-01,57864509.0,,
ESTAT:DEMO_PJAN(1.0),08/05/26 11:00:00,A,NR,TOTAL,T,DE_TOT,1964-01-01,75045592.0,,
ESTAT:DEMO_PJAN(1.0),08/05/26 11:00:00,A,NR,TOTAL,T,DK,1964-01-01,4703136.0,,
ESTAT:DEMO_PJAN(1.0),08/05/26 11:00:00,A,NR,TOTAL,T,EE,1964-01-01,1267910.0,,
ESTAT:DEMO_PJAN(1.0),08/05/26 11:00:00,A,NR,TOTAL,T,EFTA,1964-01-01,9635106.0,,
ESTAT:DEMO_PJAN(1.0),08/05/26 11:00:00,A,NR,TOTAL,T,EL,1964-01-01,8495834.0,,
ESTAT:DEMO_PJAN(1.0),08/05/26 11:00:00,A,NR,TOTAL,T,ES,1964-01-01,31442070.0,,
ESTAT:DEMO_PJAN(1.0),08/05/26 11:00:00,A,NR,TOTAL,T,FI,1964-01-01,4539519.0,,
ESTAT:DEMO_PJAN(1.0),08/05/26 11:00:00,A,NR,TOTAL,T,FX,1964-01-01,48059029.0,,
ESTAT:DEMO_PJAN(1.0),08/05/26 11:00:00,A,NR,TOTAL,T,HR,1964-01-01,4239572.0,,
ESTAT:DEMO_PJAN(1.0),08/05/26 11:00:00,A,NR,TOTAL,T,HU,1964-01-01,10104179.0,,
ESTAT:DEMO_PJAN(1.0),08/05/26 11:00:00,A,NR,TOTAL,T,IE,1964-01-01,2860300.0,,
ESTAT:DEMO_PJAN(1.0),08/05/26 11:00:00,A,NR,TOTAL,T,IS,1964-01-01,187314.0,,
ESTAT:DEMO_PJAN(1.0),08/05/26 11:00:00,A,NR,TOTAL,T,IT,1964-01-01,51443900.0,,
ESTAT:DEMO_PJAN(1.0),08/05/26 11:00:00,A,NR,TOTAL,T,LI,1964-01-01,18425.0,,
ESTAT:DEMO_PJAN(1.0),08/05/26 11:00:00,A,NR,TOTAL,T,LT,1964-01-01,2916800.0,,
ESTAT:DEMO_PJAN(1.0),08/05/26 11:00:00,A,NR,TOTAL,T,LU,1964-01-01,325500.0,,
ESTAT:DEMO_PJAN(1.0),08/05/26 11:00:00,A,NR,TOTAL,T,LV,1964-01-01,2226198.0,,
ESTAT:DEMO_PJAN(1.0),08/05/26 11:00:00,A,NR,TOTAL,T,MK,1964-01-01,1461522.0,,
ESTAT:DEMO_PJAN(1.0),08/05/26 11:00:00,A,NR,TOTAL,T,NL,1964-01-01,12041970.0,,
ESTAT:DEMO_PJAN(1.0),08/05/26 11:00:00,A,NR,TOTAL,T,NO,1964-01-01,3680068.0,,
ESTAT:DEMO_PJAN(1.0),08/05/26 11:00:00,A,NR,TOTAL,T,PL,1964-01-01,30940000.0,,
ESTAT:DEMO_PJAN(1.0),08/05/26 11:00:00,A,NR,TOTAL,T,PT,1964-01-01,9041980.0,,
ESTAT:DEMO_PJAN(1.0),08/05/26 11:00:00,A,NR,TOTAL,T,RO,1964-01-01,18858500.0,,
ESTAT:DEMO_PJAN(1.0),08/05/26 11:00:00,A,NR,TOTAL,T,SE,1964-01-01,7627507.0,,
ESTAT:DEMO_PJAN(1.0),08/05/26 11:00:00,A,NR,TOTAL,T,SI,1964-01-01,1626000.0,,
ESTAT:DEMO_PJAN(1.0),08/05/26 11:00:00,A,NR,TOTAL,T,SK,1964-01-01,4304484.0,,
ESTAT:DEMO_PJAN(1.0),08/05/26 11:00:00,A,NR,TOTAL,T,TR,1964-01-01,29939582.0,,
ESTAT:DEMO_PJAN(1.0),08/05/26 11:00:00,A,NR,TOTAL,T,UK,1964-01-01,53800000.0,,
ESTAT:DEMO_PJAN(1.0),08/05/26 11:00:00,A,NR,TOTAL,T,AL,1965-01-01,1839866.0,,
ESTAT:DEMO_PJAN(1.0),08/05/26 11:00:00,A,NR,TOTAL,T,AT,1965-01-01,7247804.0,,
ESTAT:DEMO_PJAN(1.0),08/05/26 11:00:00,A,NR,TOTAL,T,BA,1965-01-01,3553053.0,,
ESTAT:DEMO_PJAN(1.0),08/05/26 11:00:00,A,NR,TOTAL,T,BE,1965-01-01,9428100.0,,
ESTAT:DEMO_PJAN(1.0),08/05/26 11:00:00,A,NR,TOTAL,T,BG,1965-01-01,8177547.0,,
ESTAT:DEMO_PJAN(1.0),08/05/26 11:00:00,A,NR,TOTAL,T,CH,1965-01-01,5829156.0,,
ESTAT:DEMO_PJAN(1.0),08/05/26 11:00:00,A,NR,TOTAL,T,CY,1965-01-01,588400.0,,
ESTAT:DEMO_PJAN(1.0),08/05/26 11:00:00,A,NR,TOTAL,T,CZ,1965-01-01,9756429.0,,
ESTAT:DEMO_PJAN(1.0),08/05/26 11:00:00,A,NR,TOTAL,T,DE,1965-01-01,58587451.0,,
ESTAT:DEMO_PJAN(1.0),08/05/26 11:00:00,A,NR,TOTAL,T,DE_TOT,1965-01-01,75591082.0,,
ESTAT:DEMO_PJAN(1.0),08/05/26 11:00:00,A,NR,TOTAL,T,DK,1965-01-01,4741008.0,,
ESTAT:DEMO_PJAN(1.0),08/05/26 11:00:00,A,NR,TOTAL,T,EE,1965-01-01,1286262.0,,
ESTAT:DEMO_PJAN(1.0),08/05/26 11:00:00,A,NR,TOTAL,T,EEA30_2007,1965-01-01,424373323.0,,
ESTAT:DEMO_PJAN(1.0),08/05/26 11:00:00,A,NR,TOTAL,T,EEA31,1965-01-01,428639503.0,,
ESTAT:DEMO_PJAN(1.0),08/05/26 11:00:00,A,NR,TOTAL,T,EFTA,1965-01-01,9747502.0,,
ESTAT:DEMO_PJAN(1.0),08/05/26 11:00:00,A,NR,TOTAL,T,EL,1965-01-01,8525024.0,,
ESTAT:DEMO_PJAN(1.0),08/05/26 11:00:00,A,NR,TOTAL,T,ES,1965-01-01,31776320.0,,
ESTAT:DEMO_PJAN(1.0),08/05/26 11:00:00,A,NR,TOTAL,T,EU27_2007,1965-01-01,420454977.0,,
ESTAT:DEMO_PJAN(1.0),08/05/26 11:00:00,A,NR,TOTAL,T,EU27_2020,1965-01-01,370521157.0,,
ESTAT:DEMO_PJAN(1.0),08/05/26 11:00:00,A,NR,TOTAL,T,EU28,1965-01-01,424721157.0,,
ESTAT:DEMO_PJAN(1.0),08/05/26 11:00:00,A,NR,TOTAL,T,FI,1965-01-01,4557567.0,,
ESTAT:DEMO_PJAN(1.0),08/05/26 11:00:00,A,NR,TOTAL,T,FX,1965-01-01,48561800.0,,
ESTAT:DEMO_PJAN(1.0),08/05/26 11:00:00,A,NR,TOTAL,T,HR,1965-01-01,4266180.0,,
ESTAT:DEMO_PJAN(1.0),08/05/26 11:00:00,A,NR,TOTAL,T,HU,1965-01-01,10135490.0,,
ESTAT:DEMO_PJAN(1.0),08/05/26 11:00:00,A,NR,TOTAL,T,IE,1965-01-01,2872800.0,,
ESTAT:DEMO_PJAN(1.0),08/05/26 11:00:00,A,NR,TOTAL,T,IS,1965-01-01,190652.0,,
ESTAT:DEMO_PJAN(1.0),08/05/26 11:00:00,A,NR,TOTAL,T,IT,1965-01-01,51906800.0,,
ESTAT:DEMO_PJAN(1.0),08/05/26 11:00:00,A,NR,TOTAL,T,LI,1965-01-01,19085.0,,
ESTAT:DEMO_PJAN(1.0),08/05/26 11:00:00,A,NR,TOTAL,T,LT,1965-01-01,2953600.0,,
ESTAT:DEMO_PJAN(1.0),08/05/26 11:00:00,A,NR,TOTAL,T,LU,1965-01-01,330000.0,,
ESTAT:DEMO_PJAN(1.0),08/05/26 11:00:00,A,NR,TOTAL,T,LV,1965-01-01,2255048.0,,
ESTAT:DEMO_PJAN(1.0),08/05/26 11:00:00,A,NR,TOTAL,T,MK,1965-01-01,1486469.0,,
ESTAT:DEMO_PJAN(1.0),08/05/26 11:00:00,A,NR,TOTAL,T,MT,1965-01-01,320600.0,,
ESTAT:DEMO_PJAN(1.0),08/05/26 11:00:00,A,NR,TOTAL,T,NL,1965-01-01,12212269.0,,
ESTAT:DEMO_PJAN(1.0),08/05/26 11:00:00,A,NR,TOTAL,T,NO,1965-01-01,3708609.0,,
ESTAT:DEMO_PJAN(1.0),08/05/26 11:00:00,A,NR,TOTAL,T,PL,1965-01-01,31338900.0,,
ESTAT:DEMO_PJAN(1.0),08/05/26 11:00:00,A,NR,TOTAL,T,PT,1965-01-01,9028750.0,,
ESTAT:DEMO_PJAN(1.0),08/05/26 11:00:00,A,NR,TOTAL,T,RO,1965-01-01,18979752.0,,
ESTAT:DEMO_PJAN(1.0),08/05/26 11:00:00,A,NR,TOTAL,T,SE,1965-01-01,7695200.0,,
ESTAT:DEMO_PJAN(1.0),08/05/26 11:00:00,A,NR,TOTAL,T,SI,1965-01-01,1638227.0,,
ESTAT:DEMO_PJAN(1.0),08/05/26 11:00:00,A,NR,TOTAL,T,SK,1965-01-01,4350198.0,,
ESTAT:DEMO_PJAN(1.0),08/05/26 11:00:00,A,NR,TOTAL,T,TR,1965-01-01,30769013.0,,
ESTAT:DEMO_PJAN(1.0),08/05/26 11:00:00,A,NR,TOTAL,T,UK,1965-01-01,54200000.0,,
ESTAT:DEMO_PJAN(1.0),08/05/26 11:00:00,A,NR,TOTAL,T,AL,1966-01-01,1889715.0,,
ESTAT:DEMO_PJAN(1.0),08/05/26 11:00:00,A,NR,TOTAL,T,AT,1966-01-01,7293973.0,,
ESTAT:DEMO_PJAN(1.0),08/05/26 11:00:00,A,NR,TOTAL,T,BA,1966-01-01,3627922.0,,
ESTAT:DEMO_PJAN(1.0),08/05/26 11:00:00,A,NR,TOTAL,T,BE,1966-01-01,9499234.0,,
ESTAT:DEMO_PJAN(1.0),08/05/26 11:00:00,A,NR,TOTAL,T,BG,1966-01-01,8230788.0,,
ESTAT:DEMO_PJAN(1.0),08/05/26 11:00:00,A,NR,TOTAL,T,CH,1966-01-01,5883788.0,,
ESTAT:DEMO_PJAN(1.0),08/05/26 11:00:00,A,NR,TOTAL,T,CY,1966-01-01,593200.0,,
ESTAT:DEMO_PJAN(1.0),08/05/26 11:00:00,A,NR,TOTAL,T,CZ,1966-01-01,9802287.0,,
ESTAT:DEMO_PJAN(1.0),08/05/26 11:00:00,A,NR,TOTAL,T,DE,1966-01-01,59296591.0,,
ESTAT:DEMO_PJAN(1.0),08/05/26 11:00:00,A,NR,TOTAL,T,DE_TOT,1966-01-01,76336308.0,,
ESTAT:DEMO_PJAN(1.0),08/05/26 11:00:00,A,NR,TOTAL,T,DK,1966-01-01,4777015.0,,
ESTAT:DEMO_PJAN(1.0),08/05/26 11:00:00,A,NR,TOTAL,T,EE,1966-01-01,1302870.0,,
ESTAT:DEMO_PJAN(1.0),08/05/26 11:00:00,A,NR,TOTAL,T,EFTA,1966-01-01,9834737.0,,
ESTAT:DEMO_PJAN(1.0),08/05/26 11:00:00,A,NR,TOTAL,T,EL,1966-01-01,8575642.0,,
ESTAT:DEMO_PJAN(1.0),08/05/26 11:00:00,A,NR,TOTAL,T,ES,1966-01-01,32132264.0,,
ESTAT:DEMO_PJAN(1.0),08/05/26 11:00:00,A,NR,TOTAL,T,FI,1966-01-01,4569896.0,,
ESTAT:DEMO_PJAN(1.0),08/05/26 11:00:00,A,NR,TOTAL,T,FX,1966-01-01,48953792.0,,
ESTAT:DEMO_PJAN(1.0),08/05/26 11:00:00,A,NR,TOTAL,T,HR,1966-01-01,4295665.0,,
ESTAT:DEMO_PJAN(1.0),08/05/26 11:00:00,A,NR,TOTAL,T,HU,1966-01-01,10160380.0,,
ESTAT:DEMO_PJAN(1.0),08/05/26 11:00:00,A,NR,TOTAL,T,IE,1966-01-01,2881800.0,,
ESTAT:DEMO_PJAN(1.0),08/05/26 11:00:00,A,NR,TOTAL,T,IS,1966-01-01,193919.0,,
ESTAT:DEMO_PJAN(1.0),08/05/26 11:00:00,A,NR,TOTAL,T,IT,1966-01-01,52317900.0,,
ESTAT:DEMO_PJAN(1.0),08/05/26 11:00:00,A,NR,TOTAL,T,LI,1966-01-01,19304.0,,
ESTAT:DEMO_PJAN(1.0),08/05/26 11:00:00,A,NR,TOTAL,T,LT,1966-01-01,2989300.0,,
ESTAT:DEMO_PJAN(1.0),08/05/26 11:00:00,A,NR,TOTAL,T,LU,1966-01-01,333000.0,,
ESTAT:DEMO_PJAN(1.0),08/05/26 11:00:00,A,NR,TOTAL,T,LV,1966-01-01,2276789.0,,
ESTAT:DEMO_PJAN(1.0),08/05/26 11:00:00,A,NR,TOTAL,T,MK,1966-01-01,1512988.0,,
ESTAT:DEMO_PJAN(1.0),08/05/26 11:00:00,A,NR,TOTAL,T,NL,1966-01-01,12377194.0,,
ESTAT:DEMO_PJAN(1.0),08/05/26 11:00:00,A,NR,TOTAL,T,NO,1966-01-01,3737726.0,,
ESTAT:DEMO_PJAN(1.0),08/05/26 11:00:00,A,NR,TOTAL,T,PL,1966-01-01,31551000.0,,
ESTAT:DEMO_PJAN(1.0),08/05/26 11:00:00,A,NR,TOTAL,T,PT,1966-01-01,8968440.0,,
ESTAT:DEMO_PJAN(1.0),08/05/26 11:00:00,A,NR,TOTAL,T,RO,1966-01-01,19083400.0,,
ESTAT:DEMO_PJAN(1.0),08/05/26 11:00:00,A,NR,TOTAL,T,SE,1966-01-01,7772506.0,,
ESTAT:DEMO_PJAN(1.0),08/05/26 11:00:00,A,NR,TOTAL,T,SI,1966-01-01,1660092.0,,
ESTAT:DEMO_PJAN(1.0),08/05/26 11:00:00,A,NR,TOTAL,T,SK,1966-01-01,4391768.0,,
ESTAT:DEMO_PJAN(1.0),08/05/26 11:00:00,A,NR,TOTAL,T,TR,1966-01-01,31499416.0,,
ESTAT:DEMO_PJAN(1.0),08/05/26 11:00:00,A,NR,TOTAL,T,UK,1966-01-01,54496100.0,,
ESTAT:DEMO_PJAN(1.0),08/05/26 11:00:00,A,NR,TOTAL,T,AL,1967-01-01,1939430.0,,
ESTAT:DEMO_PJAN(1.0),08/05/26 11:00:00,A,NR,TOTAL,T,AT,1967-01-01,7350159.0,,
ESTAT:DEMO_PJAN(1.0),08/05/26 11:00:00,A,NR,TOTAL,T,BA,1967-01-01,3700916.0,,
ESTAT:DEMO_PJAN(1.0),08/05/26 11:00:00,A,NR,TOTAL,T,BE,1967-01-01,9556380.0,,
ESTAT:DEMO_PJAN(1.0),08/05/26 11:00:00,A,NR,TOTAL,T,BG,1967-01-01,8285325.0,,
ESTAT:DEMO_PJAN(1.0),08/05/26 11:00:00,A,NR,TOTAL,T,CH,1967-01-01,5952216.0,,
ESTAT:DEMO_PJAN(1.0),08/05/26 11:00:00,A,NR,TOTAL,T,CY,1967-01-01,597100.0,,
ESTAT:DEMO_PJAN(1.0),08/05/26 11:00:00,A,NR,TOTAL,T,CZ,1967-01-01,9839792.0,,
ESTAT:DEMO_PJAN(1.0),08/05/26 11:00:00,A,NR,TOTAL,T,DE,1967-01-01,59792934.0,,
ESTAT:DEMO_PJAN(1.0),08/05/26 11:00:00,A,NR,TOTAL,T,DE_TOT,1967-01-01,76864314.0,,
ESTAT:DEMO_PJAN(1.0),08/05/26 11:00:00,A,NR,TOTAL,T,DK,1967-01-01,4817746.0,,
ESTAT:DEMO_PJAN(1.0),08/05/26 11:00:00,A,NR,TOTAL,T,EE,1967-01-01,1314323.0,,
ESTAT:DEMO_PJAN(1.0),08/05/26 11:00:00,A,NR,TOTAL,T,EFTA,1967-01-01,9937651.0,,
ESTAT:DEMO_PJAN(1.0),08/05/26 11:00:00,A,NR,TOTAL,T,EL,1967-01-01,8651660.0,,
ESTAT:DEMO_PJAN(1.0),08/05/26 11:00:00,A,NR,TOTAL,T,ES,1967-01-01,32434123.0,,
ESTAT:DEMO_PJAN(1.0),08/05/26 11:00:00,A,NR,TOTAL,T,FI,1967-01-01,4591842.0,,
ESTAT:DEMO_PJAN(1.0),08/05/26 11:00:00,A,NR,TOTAL,T,FX,1967-01-01,49373537.0,,
ESTAT:DEMO_PJAN(1.0),08/05/26 11:00:00,A,NR,TOTAL,T,HR,1967-01-01,4325736.0,,
ESTAT:DEMO_PJAN(1.0),08/05/26 11:00:00,A,NR,TOTAL,T,HU,1967-01-01,10196926.0,,
ESTAT:DEMO_PJAN(1.0),08/05/26 11:00:00,A,NR,TOTAL,T,IE,1967-01-01,2895800.0,,
ESTAT:DEMO_PJAN(1.0),08/05/26 11:00:00,A,NR,TOTAL,T,IS,1967-01-01,197221.0,,
ESTAT:DEMO_PJAN(1.0),08/05/26 11:00:00,A,NR,TOTAL,T,IT,1967-01-01,52720100.0,,
ESTAT:DEMO_PJAN(1.0),08/05/26 11:00:00,A,NR,TOTAL,T,LI,1967-01-01,19916.0,,
ESTAT:DEMO_PJAN(1.0),08/05/26 11:00:00,A,NR,TOTAL,T,LT,1967-01-01,3026800.0,,
ESTAT:DEMO_PJAN(1.0),08/05/26 11:00:00,A,NR,TOTAL,T,LU,1967-01-01,334790.0,,
ESTAT:DEMO_PJAN(1.0),08/05/26 11:00:00,A,NR,TOTAL,T,LV,1967-01-01,2289645.0,,
ESTAT:DEMO_PJAN(1.0),08/05/26 11:00:00,A,NR,TOTAL,T,MK,1967-01-01,1538694.0,,
ESTAT:DEMO_PJAN(1.0),08/05/26 11:00:00,A,NR,TOTAL,T,NL,1967-01-01,12535307.0,,
ESTAT:DEMO_PJAN(1.0),08/05/26 11:00:00,A,NR,TOTAL,T,NO,1967-01-01,3768298.0,,
ESTAT:DEMO_PJAN(1.0),08/05/26 11:00:00,A,NR,TOTAL,T,PL,1967-01-01,31811000.0,,
ESTAT:DEMO_PJAN(1.0),08/05/26 11:00:00,A,NR,TOTAL,T,PT,1967-01-01,8893540.0,,
ESTAT:DEMO_PJAN(1.0),08/05/26 11:00:00,A,NR,TOTAL,T,RO,1967-01-01,19347500.0,,
ESTAT:DEMO_PJAN(1.0),08/05/26 11:00:00,A,NR,TOTAL,T,SE,1967-01-01,7843088.0,,
ESTAT:DEMO_PJAN(1.0),08/05/26 11:00:00,A,NR,TOTAL,T,SI,1967-01-01,1679717.0,,
ESTAT:DEMO_PJAN(1.0),08/05/26 11:00:00,A,NR,TOTAL,T,SK,1967-01-01,4431564.0,,
ESTAT:DEMO_PJAN(1.0),08/05/26 11:00:00,A,NR,TOTAL,T,TR,1967-01-01,32273630.0,,
ESTAT:DEMO_PJAN(1.0),08/05/26 11:00:00,A,NR,TOTAL,T,UK,1967-01-01,54800900.0,,
ESTAT:DEMO_PJAN(1.0),08/05/26 11:00:00,A,NR,TOTAL,T,AL,1968-01-01,1991765.0,,
ESTAT:DEMO_PJAN(1.0),08/05/26 11:00:00,A,NR,TOTAL,T,AT,1968-01-01,7403837.0,,
ESTAT:DEMO_PJAN(1.0),08/05/26 11:00:00,A,NR,TOTAL,T,BA,1968-01-01,3767185.0,,
ESTAT:DEMO_PJAN(1.0),08/05/26 11:00:00,A,NR,TOTAL,T,BE,1968-01-01,9605601.0,,
ESTAT:DEMO_PJAN(1.0),08/05/26 11:00:00,A,NR,TOTAL,T,BG,1968-01-01,8335126.0,,
ESTAT:DEMO_PJAN(1.0),08/05/26 11:00:00,A,NR,TOTAL,T,CH,1968-01-01,6031353.0,,
ESTAT:DEMO_PJAN(1.0),08/05/26 11:00:00,A,NR,TOTAL,T,CY,1968-01-01,601800.0,,
ESTAT:DEMO_PJAN(1.0),08/05/26 11:00:00,A,NR,TOTAL,T,CZ,1968-01-01,9866006.0,,
ESTAT:DEMO_PJAN(1.0),08/05/26 11:00:00,A,NR,TOTAL,T,DE,1968-01-01,59948474.0,,
ESTAT:DEMO_PJAN(1.0),08/05/26 11:00:00,A,NR,TOTAL,T,DE_TOT,1968-01-01,77038358.0,,
ESTAT:DEMO_PJAN(1.0),08/05/26 11:00:00,A,NR,TOTAL,T,DK,1968-01-01,4852962.0,,
ESTAT:DEMO_PJAN(1.0),08/05/26 11:00:00,A,NR,TOTAL,T,EE,1968-01-01,1323569.0,,
ESTAT:DEMO_PJAN(1.0),08/05/26 11:00:00,A,NR,TOTAL,T,EFTA,1968-01-01,10052847.0,,
ESTAT:DEMO_PJAN(1.0),08/05/26 11:00:00,A,NR,TOTAL,T,EL,1968-01-01,8716516.0,,
ESTAT:DEMO_PJAN(1.0),08/05/26 11:00:00,A,NR,TOTAL,T,ES,1968-01-01,32931771.0,,
ESTAT:DEMO_PJAN(1.0),08/05/26 11:00:00,A,NR,TOTAL,T,FI,1968-01-01,4619645.0,,
ESTAT:DEMO_PJAN(1.0),08/05/26 11:00:00,A,NR,TOTAL,T,FX,1968-01-01,49723072.0,,
ESTAT:DEMO_PJAN(1.0),08/05/26 11:00:00,A,NR,TOTAL,T,HR,1968-01-01,4351629.0,,
ESTAT:DEMO_PJAN(1.0),08/05/26 11:00:00,A,NR,TOTAL,T,HU,1968-01-01,10236282.0,,
ESTAT:DEMO_PJAN(1.0),08/05/26 11:00:00,A,NR,TOTAL,T,IE,1968-01-01,2909100.0,,
ESTAT:DEMO_PJAN(1.0),08/05/26 11:00:00,A,NR,TOTAL,T,IS,1968-01-01,200281.0,,
ESTAT:DEMO_PJAN(1.0),08/05/26 11:00:00,A,NR,TOTAL,T,IT,1968-01-01,53080900.0,,
ESTAT:DEMO_PJAN(1.0),08/05/26 11:00:00,A,NR,TOTAL,T,LI,1968-01-01,20433.0,,
ESTAT:DEMO_PJAN(1.0),08/05/26 11:00:00,A,NR,TOTAL,T,LT,1968-01-01,3062000.0,,
ESTAT:DEMO_PJAN(1.0),08/05/26 11:00:00,A,NR,TOTAL,T,LU,1968-01-01,335200.0,,
ESTAT:DEMO_PJAN(1.0),08/05/26 11:00:00,A,NR,TOTAL,T,LV,1968-01-01,2312795.0,,
ESTAT:DEMO_PJAN(1.0),08/05/26 11:00:00,A,NR,TOTAL,T,MK,1968-01-01,1562211.0,,
ESTAT:DEMO_PJAN(1.0),08/05/26 11:00:00,A,NR,TOTAL,T,NL,1968-01-01,12661095.0,,
ESTAT:DEMO_PJAN(1.0),08/05/26 11:00:00,A,NR,TOTAL,T,NO,1968-01-01,3800780.0,,
ESTAT:DEMO_PJAN(1.0),08/05/26 11:00:00,A,NR,TOTAL,T,PL,1968-01-01,32163310.0,,
ESTAT:DEMO_PJAN(1.0),08/05/26 11:00:00,A,NR,TOTAL,T,PT,1968-01-01,8855500.0,,
ESTAT:DEMO_PJAN(1.0),08/05/26 11:00:00,A,NR,TOTAL,T,RO,1968-01-01,19720984.0,,
ESTAT:DEMO_PJAN(1.0),08/05/26 11:00:00,A,NR,TOTAL,T,SE,1968-01-01,7892774.0,,
ESTAT:DEMO_PJAN(1.0),08/05/26 11:00:00,A,NR,TOTAL,T,SI,1968-01-01,1699339.0,,
ESTAT:DEMO_PJAN(1.0),08/05/26 11:00:00,A,NR,TOTAL,T,SK,1968-01-01,4467170.0,,
ESTAT:DEMO_PJAN(1.0),08/05/26 11:00:00,A,NR,TOTAL,T,TR,1968-01-01,33093700.0,,
ESTAT:DEMO_PJAN(1.0),08/05/26 11:00:00,A,NR,TOTAL,T,UK,1968-01-01,55086300.0,,
ESTAT:DEMO_PJAN(1.0),08/05/26 11:00:00,A,NR,TOTAL,T,AL,1969-01-01,2052778.0,,
ESTAT:DEMO_PJAN(1.0),08/05/26 11:00:00,A,NR,TOTAL,T,AT,1969-01-01,7426968.0,,
ESTAT:DEMO_PJAN(1.0),08/05/26 11:00:00,A,NR,TOTAL,T,BA,1969-01-01,3734546.0,,
ESTAT:DEMO_PJAN(1.0),08/05/26 11:00:00,A,NR,TOTAL,T,BE,1969-01-01,9631910.0,,
ESTAT:DEMO_PJAN(1.0),08/05/26 11:00:00,A,NR,TOTAL,T,BG,1969-01-01,8404080.0,,
ESTAT:DEMO_PJAN(1.0),08/05/26 11:00:00,A,NR,TOTAL,T,CH,1969-01-01,6104074.0,,
ESTAT:DEMO_PJAN(1.0),08/05/26 11:00:00,A,NR,TOTAL,T,CY,1969-01-01,606800.0,,
ESTAT:DEMO_PJAN(1.0),08/05/26 11:00:00,A,NR,TOTAL,T,CZ,1969-01-01,9886686.0,,
ESTAT:DEMO_PJAN(1.0),08/05/26 11:00:00,A,NR,TOTAL,T,DE,1969-01-01,60463033.0,,
ESTAT:DEMO_PJAN(1.0),08/05/26 11:00:00,A,NR,TOTAL,T,DE_TOT,1969-01-01,77550269.0,,
ESTAT:DEMO_PJAN(1.0),08/05/26 11:00:00,A,NR,TOTAL,T,DK,1969-01-01,4876803.0,,
ESTAT:DEMO_PJAN(1.0),08/05/26 11:00:00,A,NR,TOTAL,T,EE,1969-01-01,1338858.0,,
ESTAT:DEMO_PJAN(1.0),08/05/26 11:00:00,A,NR,TOTAL,T,EFTA,1969-01-01,10160198.0,,
ESTAT:DEMO_PJAN(1.0),08/05/26 11:00:00,A,NR,TOTAL,T,EL,1969-01-01,8765014.0,,
ESTAT:DEMO_PJAN(1.0),08/05/26 11:00:00,A,NR,TOTAL,T,ES,1969-01-01,33294497.0,,
ESTAT:DEMO_PJAN(1.0),08/05/26 11:00:00,A,NR,TOTAL,T,FI,1969-01-01,4633292.0,,
ESTAT:DEMO_PJAN(1.0),08/05/26 11:00:00,A,NR,TOTAL,T,FX,1969-01-01,50107735.0,,
ESTAT:DEMO_PJAN(1.0),08/05/26 11:00:00,A,NR,TOTAL,T,HR,1969-01-01,4379627.0,,
ESTAT:DEMO_PJAN(1.0),08/05/26 11:00:00,A,NR,TOTAL,T,HU,1969-01-01,10275347.0,,
ESTAT:DEMO_PJAN(1.0),08/05/26 11:00:00,A,NR,TOTAL,T,IE,1969-01-01,2922000.0,,
ESTAT:DEMO_PJAN(1.0),08/05/26 11:00:00,A,NR,TOTAL,T,IS,1969-01-01,202695.0,,
ESTAT:DEMO_PJAN(1.0),08/05/26 11:00:00,A,NR,TOTAL,T,IT,1969-01-01,53390600.0,,
ESTAT:DEMO_PJAN(1.0),08/05/26 11:00:00,A,NR,TOTAL,T,LI,1969-01-01,21237.0,,
ESTAT:DEMO_PJAN(1.0),08/05/26 11:00:00,A,NR,TOTAL,T,LT,1969-01-01,3095700.0,,
ESTAT:DEMO_PJAN(1.0),08/05/26 11:00:00,A,NR,TOTAL,T,LU,1969-01-01,336500.0,,
ESTAT:DEMO_PJAN(1.0),08/05/26 11:00:00,A,NR,TOTAL,T,LV,1969-01-01,2334443.0,,
ESTAT:DEMO_PJAN(1.0),08/05/26 11:00:00,A,NR,TOTAL,T,MK,1969-01-01,1589217.0,,
ESTAT:DEMO_PJAN(1.0),08/05/26 11:00:00,A,NR,TOTAL,T,NL,1969-01-01,12798346.0,,
ESTAT:DEMO_PJAN(1.0),08/05/26 11:00:00,A,NR,TOTAL,T,NO,1969-01-01,3832192.0,,
ESTAT:DEMO_PJAN(1.0),08/05/26 11:00:00,A,NR,TOTAL,T,PL,1969-01-01,32426000.0,,
ESTAT:DEMO_PJAN(1.0),08/05/26 11:00:00,A,NR,TOTAL,T,PT,1969-01-01,8817800.0,,
ESTAT:DEMO_PJAN(1.0),08/05/26 11:00:00,A,NR,TOTAL,T,RO,1969-01-01,19878678.0,,
ESTAT:DEMO_PJAN(1.0),08/05/26 11:00:00,A,NR,TOTAL,T,SE,1969-01-01,7931772.0,,
ESTAT:DEMO_PJAN(1.0),08/05/26 11:00:00,A,NR,TOTAL,T,SI,1969-01-01,1709752.0,,
ESTAT:DEMO_PJAN(1.0),08/05/26 11:00:00,A,NR,TOTAL,T,SK,1969-01-01,4500659.0,,
ESTAT:DEMO_PJAN(1.0),08/05/26 11:00:00,A,NR,TOTAL,T,TR,1969-01-01,33961875.0,,
ESTAT:DEMO_PJAN(1.0),08/05/26 11:00:00,A,NR,TOTAL,T,UK,1969-01-01,55337100.0,,
ESTAT:DEMO_PJAN(1.0),08/05/26 11:00:00,A,NR,TOTAL,T,AL,1970-01-01,2110612.0,,
ESTAT:DEMO_PJAN(1.0),08/05/26 11:00:00,A,NR,TOTAL,T,AT,1970-01-01,7455142.0,,
ESTAT:DEMO_PJAN(1.0),08/05/26 11:00:00,A,NR,TOTAL,T,BA,1970-01-01,3685694.0,,
ESTAT:DEMO_PJAN(1.0),08/05/26 11:00:00,A,NR,TOTAL,T,BE,1970-01-01,9660154.0,,
ESTAT:DEMO_PJAN(1.0),08/05/26 11:00:00,A,NR,TOTAL,T,BG,1970-01-01,8464264.0,,
ESTAT:DEMO_PJAN(1.0),08/05/26 11:00:00,A,NR,TOTAL,T,CH,1970-01-01,6168700.0,,
ESTAT:DEMO_PJAN(1.0),08/05/26 11:00:00,A,NR,TOTAL,T,CY,1970-01-01,612000.0,,
ESTAT:DEMO_PJAN(1.0),08/05/26 11:00:00,A,NR,TOTAL,T,CZ,1970-01-01,9906474.0,,
ESTAT:DEMO_PJAN(1.0),08/05/26 11:00:00,A,NR,TOTAL,T,DE,1970-01-01,61194591.0,,
ESTAT:DEMO_PJAN(1.0),08/05/26 11:00:00,A,NR,TOTAL,T,DE_TOT,1970-01-01,78269095.0,,
ESTAT:DEMO_PJAN(1.0),08/05/26 11:00:00,A,NR,TOTAL,T,DK,1970-01-01,4906916.0,,
ESTAT:DEMO_PJAN(1.0),08/05/26 11:00:00,A,NR,TOTAL,T,EE,1970-01-01,1351640.0,,
ESTAT:DEMO_PJAN(1.0),08/05/26 11:00:00,A,NR,TOTAL,T,EEA30_2007,1970-01-01,439557803.0,,
ESTAT:DEMO_PJAN(1.0),08/05/26 11:00:00,A,NR,TOTAL,T,EEA31,1970-01-01,443961155.0,,
ESTAT:DEMO_PJAN(1.0),08/05/26 11:00:00,A,NR,TOTAL,T,EFTA,1970-01-01,10256893.0,,
ESTAT:DEMO_PJAN(1.0),08/05/26 11:00:00,A,NR,TOTAL,T,EL,1970-01-01,8780514.0,,
ESTAT:DEMO_PJAN(1.0),08/05/26 11:00:00,A,NR,TOTAL,T,ES,1970-01-01,33587610.0,,
ESTAT:DEMO_PJAN(1.0),08/05/26 11:00:00,A,NR,TOTAL,T,EU27_2007,1970-01-01,435469610.0,,
ESTAT:DEMO_PJAN(1.0),08/05/26 11:00:00,A,NR,TOTAL,T,EU27_2020,1970-01-01,384326562.0,,
ESTAT:DEMO_PJAN(1.0),08/05/26 11:00:00,A,NR,TOTAL,T,EU28,1970-01-01,439872962.0,,
ESTAT:DEMO_PJAN(1.0),08/05/26 11:00:00,A,NR,TOTAL,T,FI,1970-01-01,4614277.0,,
ESTAT:DEMO_PJAN(1.0),08/05/26 11:00:00,A,NR,TOTAL,T,FX,1970-01-01,50528219.0,,
ESTAT:DEMO_PJAN(1.0),08/05/26 11:00:00,A,NR,TOTAL,T,HR,1970-01-01,4403352.0,,
ESTAT:DEMO_PJAN(1.0),08/05/26 11:00:00,A,NR,TOTAL,T,HU,1970-01-01,10322099.0,,
ESTAT:DEMO_PJAN(1.0),08/05/26 11:00:00,A,NR,TOTAL,T,IE,1970-01-01,2943300.0,,
ESTAT:DEMO_PJAN(1.0),08/05/26 11:00:00,A,NR,TOTAL,T,IS,1970-01-01,204042.0,,
ESTAT:DEMO_PJAN(1.0),08/05/26 11:00:00,A,NR,TOTAL,T,IT,1970-01-01,53685300.0,,
ESTAT:DEMO_PJAN(1.0),08/05/26 11:00:00,A,NR,TOTAL,T,LI,1970-01-01,20930.0,,
ESTAT:DEMO_PJAN(1.0),08/05/26 11:00:00,A,NR,TOTAL,T,LT,1970-01-01,3118941.0,,
ESTAT:DEMO_PJAN(1.0),08/05/26 11:00:00,A,NR,TOTAL,T,LU,1970-01-01,338507.0,,
ESTAT:DEMO_PJAN(1.0),08/05/26 11:00:00,A,NR,TOTAL,T,LV,1970-01-01,2351903.0,,
ESTAT:DEMO_PJAN(1.0),08/05/26 11:00:00,A,NR,TOTAL,T,MK,1970-01-01,1616769.0,,
ESTAT:DEMO_PJAN(1.0),08/05/26 11:00:00,A,NR,TOTAL,T,MT,1970-01-01,302500.0,,
ESTAT:DEMO_PJAN(1.0),08/05/26 11:00:00,A,NR,TOTAL,T,NL,1970-01-01,12957621.0,,
ESTAT:DEMO_PJAN(1.0),08/05/26 11:00:00,A,NR,TOTAL,T,NO,1970-01-01,3863221.0,,
ESTAT:DEMO_PJAN(1.0),08/05/26 11:00:00,A,NR,TOTAL,T,PL,1970-01-01,32670600.0,,
ESTAT:DEMO_PJAN(1.0),08/05/26 11:00:00,A,NR,TOTAL,T,PT,1970-01-01,8697610.0,,
ESTAT:DEMO_PJAN(1.0),08/05/26 11:00:00,A,NR,TOTAL,T,RO,1970-01-01,20139603.0,,
ESTAT:DEMO_PJAN(1.0),08/05/26 11:00:00,A,NR,TOTAL,T,SE,1970-01-01,8004371.0,,
ESTAT:DEMO_PJAN(1.0),08/05/26 11:00:00,A,NR,TOTAL,T,SI,1970-01-01,1717995.0,,
ESTAT:DEMO_PJAN(1.0),08/05/26 11:00:00,A,NR,TOTAL,T,SK,1970-01-01,4536555.0,,
ESTAT:DEMO_PJAN(1.0),08/05/26 11:00:00,A,NR,TOTAL,T,TR,1970-01-01,34880611.0,,
ESTAT:DEMO_PJAN(1.0),08/05/26 11:00:00,A,NR,TOTAL,T,UK,1970-01-01,55546400.0,,
ESTAT:DEMO_PJAN(1.0),08/05/26 11:00:00,A,NR,TOTAL,T,AL,1971-01-01,2160345.0,,
ESTAT:DEMO_PJAN(1.0),08/05/26 11:00:00,A,NR,TOTAL,T,AT,1971-01-01,7479030.0,,
ESTAT:DEMO_PJAN(1.0),08/05/26 11:00:00,A,NR,TOTAL,T,BA,1971-01-01,3731216.0,,
ESTAT:DEMO_PJAN(1.0),08/05/26 11:00:00,A,NR,TOTAL,T,BE,1971-01-01,9650944.0,,
ESTAT:DEMO_PJAN(1.0),08/05/26 11:00:00,A,NR,TOTAL,T,BG,1971-01-01,8514883.0,,
ESTAT:DEMO_PJAN(1.0),08/05/26 11:00:00,A,NR,TOTAL,T,CH,1971-01-01,6193054.0,,
ESTAT:DEMO_PJAN(1.0),08/05/26 11:00:00,A,NR,TOTAL,T,CY,1971-01-01,616900.0,,
ESTAT:DEMO_PJAN(1.0),08/05/26 11:00:00,A,NR,TOTAL,T,CZ,1971-01-01,9809667.0,,
ESTAT:DEMO_PJAN(1.0),08/05/26 11:00:00,A,NR,TOTAL,T,DE,1971-01-01,61001164.0,,
ESTAT:DEMO_PJAN(1.0),08/05/26 11:00:00,A,NR,TOTAL,T,DE_TOT,1971-01-01,78069482.0,,
ESTAT:DEMO_PJAN(1.0),08/05/26 11:00:00,A,NR,TOTAL,T,DK,1971-01-01,4950598.0,,
ESTAT:DEMO_PJAN(1.0),08/05/26 11:00:00,A,NR,TOTAL,T,EE,1971-01-01,1368511.0,,
ESTAT:DEMO_PJAN(1.0),08/05/26 11:00:00,A,NR,TOTAL,T,EEA30_2007,1971-01-01,441422518.0,,
ESTAT:DEMO_PJAN(1.0),08/05/26 11:00:00,A,NR,TOTAL,T,EEA31,1971-01-01,445843669.0,,
ESTAT:DEMO_PJAN(1.0),08/05/26 11:00:00,A,NR,TOTAL,T,EFTA,1971-01-01,10307543.0,,
ESTAT:DEMO_PJAN(1.0),08/05/26 11:00:00,A,NR,TOTAL,T,EL,1971-01-01,8805098.0,,
ESTAT:DEMO_PJAN(1.0),08/05/26 11:00:00,A,NR,TOTAL,T,ES,1971-01-01,34040642.0,,
ESTAT:DEMO_PJAN(1.0),08/05/26 11:00:00,A,NR,TOTAL,T,EU27_2007,1971-01-01,437308029.0,,
ESTAT:DEMO_PJAN(1.0),08/05/26 11:00:00,A,NR,TOTAL,T,EU27_2020,1971-01-01,385949080.0,,
ESTAT:DEMO_PJAN(1.0),08/05/26 11:00:00,A,NR,TOTAL,T,EU28,1971-01-01,441729180.0,,
ESTAT:DEMO_PJAN(1.0),08/05/26 11:00:00,A,NR,TOTAL,T,FI,1971-01-01,4598336.0,,
ESTAT:DEMO_PJAN(1.0),08/05/26 11:00:00,A,NR,TOTAL,T,FX,1971-01-01,51016234.0,,
ESTAT:DEMO_PJAN(1.0),08/05/26 11:00:00,A,NR,TOTAL,T,HR,1971-01-01,4421151.0,,
ESTAT:DEMO_PJAN(1.0),08/05/26 11:00:00,A,NR,TOTAL,T,HU,1971-01-01,10353721.0,,
ESTAT:DEMO_PJAN(1.0),08/05/26 11:00:00,A,NR,TOTAL,T,IE,1971-01-01,2971200.0,,
ESTAT:DEMO_PJAN(1.0),08/05/26 11:00:00,A,NR,TOTAL,T,IS,1971-01-01,204834.0,,
ESTAT:DEMO_PJAN(1.0),08/05/26 11:00:00,A,NR,TOTAL,T,IT,1971-01-01,53958400.0,,
ESTAT:DEMO_PJAN(1.0),08/05/26 11:00:00,A,NR,TOTAL,T,LI,1971-01-01,21350.0,,
ESTAT:DEMO_PJAN(1.0),08/05/26 11:00:00,A,NR,TOTAL,T,LT,1971-01-01,3160437.0,,
ESTAT:DEMO_PJAN(1.0),08/05/26 11:00:00,A,NR,TOTAL,T,LU,1971-01-01,339841.0,,
ESTAT:DEMO_PJAN(1.0),08/05/26 11:00:00,A,NR,TOTAL,T,LV,1971-01-01,2366424.0,,
ESTAT:DEMO_PJAN(1.0),08/05/26 11:00:00,A,NR,TOTAL,T,MK,1971-01-01,1641353.0,,
ESTAT:DEMO_PJAN(1.0),08/05/26 11:00:00,A,NR,TOTAL,T,MT,1971-01-01,302800.0,,
ESTAT:DEMO_PJAN(1.0),08/05/26 11:00:00,A,NR,TOTAL,T,NL,1971-01-01,13119430.0,,
ESTAT:DEMO_PJAN(1.0),08/05/26 11:00:00,A,NR,TOTAL,T,NO,1971-01-01,3888305.0,,
ESTAT:DEMO_PJAN(1.0),08/05/26 11:00:00,A,NR,TOTAL,T,PL,1971-01-01,32658000.0,,
ESTAT:DEMO_PJAN(1.0),08/05/26 11:00:00,A,NR,TOTAL,T,PT,1971-01-01,8663252.0,,
ESTAT:DEMO_PJAN(1.0),08/05/26 11:00:00,A,NR,TOTAL,T,RO,1971-01-01,20361192.0,,
ESTAT:DEMO_PJAN(1.0),08/05/26 11:00:00,A,NR,TOTAL,T,SE,1971-01-01,8081230.0,,
ESTAT:DEMO_PJAN(1.0),08/05/26 11:00:00,A,NR,TOTAL,T,SI,1971-01-01,1731787.0,,
ESTAT:DEMO_PJAN(1.0),08/05/26 11:00:00,A,NR,TOTAL,T,SK,1971-01-01,4539890.0,,
ESTAT:DEMO_PJAN(1.0),08/05/26 11:00:00,A,NR,TOTAL,T,TR,1971-01-01,35707058.0,,
ESTAT:DEMO_PJAN(1.0),08/05/26 11:00:00,A,NR,TOTAL,T,UK,1971-01-01,55780100.0,,
ESTAT:DEMO_PJAN(1.0),08/05/26 11:00:00,A,NR,TOTAL,T,AL,1972-01-01,2215361.0,,
ESTAT:DEMO_PJAN(1.0),08/05/26 11:00:00,A,NR,TOTAL,T,AT,1972-01-01,7521933.0,,
ESTAT:DEMO_PJAN(1.0),08/05/26 11:00:00,A,NR,TOTAL,T,BA,1972-01-01,3789131.0,,
ESTAT:DEMO_PJAN(1.0),08/05/26 11:00:00,A,NR,TOTAL,T,BE,1972-01-01,9695379.0,,
ESTAT:DEMO_PJAN(1.0),08/05/26 11:00:00,A,NR,TOTAL,T,BG,1972-01-01,8557906.0,,
ESTAT:DEMO_PJAN(1.0),08/05/26 11:00:00,A,NR,TOTAL,T,CH,1972-01-01,6233744.0,,
ESTAT:DEMO_PJAN(1.0),08/05/26 11:00:00,A,NR,TOTAL,T,CY,1972-01-01,623100.0,,
ESTAT:DEMO_PJAN(1.0),08/05/26 11:00:00,A,NR,TOTAL,T,CZ,1972-01-01,9843962.0,,
ESTAT:DEMO_PJAN(1.0),08/05/26 11:00:00,A,NR,TOTAL,T,DE,1972-01-01,61502503.0,,
ESTAT:DEMO_PJAN(1.0),08/05/26 11:00:00,A,NR,TOTAL,T,DE_TOT,1972-01-01,78556202.0,,
ESTAT:DEMO_PJAN(1.0),08/05/26 11:00:00,A,NR,TOTAL,T,DK,1972-01-01,4975653.0,,
ESTAT:DEMO_PJAN(1.0),08/05/26 11:00:00,A,NR,TOTAL,T,EE,1972-01-01,1385399.0,,
ESTAT:DEMO_PJAN(1.0),08/05/26 11:00:00,A,NR,TOTAL,T,EFTA,1972-01-01,10380728.0,,
ESTAT:DEMO_PJAN(1.0),08/05/26 11:00:00,A,NR,TOTAL,T,EL,1972-01-01,8856974.0,,
ESTAT:DEMO_PJAN(1.0),08/05/26 11:00:00,A,NR,TOTAL,T,ES,1972-01-01,34408338.0,,
ESTAT:DEMO_PJAN(1.0),08/05/26 11:00:00,A,NR,TOTAL,T,FI,1972-01-01,4625912.0,,
ESTAT:DEMO_PJAN(1.0),08/05/26 11:00:00,A,NR,TOTAL,T,FX,1972-01-01,51485953.0,,
ESTAT:DEMO_PJAN(1.0),08/05/26 11:00:00,A,NR,TOTAL,T,HR,1972-01-01,4441399.0,,
ESTAT:DEMO_PJAN(1.0),08/05/26 11:00:00,A,NR,TOTAL,T,HU,1972-01-01,10381352.0,,
ESTAT:DEMO_PJAN(1.0),08/05/26 11:00:00,A,NR,TOTAL,T,IE,1972-01-01,3012900.0,,
ESTAT:DEMO_PJAN(1.0),08/05/26 11:00:00,A,NR,TOTAL,T,IS,1972-01-01,207361.0,,
ESTAT:DEMO_PJAN(1.0),08/05/26 11:00:00,A,NR,TOTAL,T,IT,1972-01-01,54188579.0,,
ESTAT:DEMO_PJAN(1.0),08/05/26 11:00:00,A,NR,TOTAL,T,LI,1972-01-01,21850.0,,
ESTAT:DEMO_PJAN(1.0),08/05/26 11:00:00,A,NR,TOTAL,T,LT,1972-01-01,3197645.0,,
ESTAT:DEMO_PJAN(1.0),08/05/26 11:00:00,A,NR,TOTAL,T,LU,1972-01-01,345000.0,,
ESTAT:DEMO_PJAN(1.0),08/05/26 11:00:00,A,NR,TOTAL,T,LV,1972-01-01,2386353.0,,
ESTAT:DEMO_PJAN(1.0),08/05/26 11:00:00,A,NR,TOTAL,T,MK,1972-01-01,1666798.0,,
ESTAT:DEMO_PJAN(1.0),08/05/26 11:00:00,A,NR,TOTAL,T,NL,1972-01-01,13269563.0,,
ESTAT:DEMO_PJAN(1.0),08/05/26 11:00:00,A,NR,TOTAL,T,NO,1972-01-01,3917773.0,,
ESTAT:DEMO_PJAN(1.0),08/05/26 11:00:00,A,NR,TOTAL,T,PL,1972-01-01,32909000.0,,
ESTAT:DEMO_PJAN(1.0),08/05/26 11:00:00,A,NR,TOTAL,T,PT,1972-01-01,8624260.0,,
ESTAT:DEMO_PJAN(1.0),08/05/26 11:00:00,A,NR,TOTAL,T,RO,1972-01-01,20561942.0,,
ESTAT:DEMO_PJAN(1.0),08/05/26 11:00:00,A,NR,TOTAL,T,SE,1972-01-01,8115438.0,,
ESTAT:DEMO_PJAN(1.0),08/05/26 11:00:00,A,NR,TOTAL,T,SI,1972-01-01,1744882.0,,
ESTAT:DEMO_PJAN(1.0),08/05/26 11:00:00,A,NR,TOTAL,T,SK,1972-01-01,4575007.0,,
ESTAT:DEMO_PJAN(1.0),08/05/26 11:00:00,A,NR,TOTAL,T,TR,1972-01-01,36582215.0,,
ESTAT:DEMO_PJAN(1.0),08/05/26 11:00:00,A,NR,TOTAL,T,UK,1972-01-01,56012345.0,,
ESTAT:DEMO_PJAN(1.0),08/05/26 11:00:00,A,NR,TOTAL,T,AL,1973-01-01,2270891.0,,
ESTAT:DEMO_PJAN(1.0),08/05/26 11:00:00,A,NR,TOTAL,T,AT,1973-01-01,7566469.0,,
ESTAT:DEMO_PJAN(1.0),08/05/26 11:00:00,A,NR,TOTAL,T,BA,1973-01-01,3845048.0,,
ESTAT:DEMO_PJAN(1.0),08/05/26 11:00:00,A,NR,TOTAL,T,BE,1973-01-01,9726850.0,,
ESTAT:DEMO_PJAN(1.0),08/05/26 11:00:00,A,NR,TOTAL,T,BG,1973-01-01,8594493.0,,
ESTAT:DEMO_PJAN(1.0),08/05/26 11:00:00,A,NR,TOTAL,T,CH,1973-01-01,6288168.0,,
ESTAT:DEMO_PJAN(1.0),08/05/26 11:00:00,A,NR,TOTAL,T,CY,1973-01-01,631778.0,,
ESTAT:DEMO_PJAN(1.0),08/05/26 11:00:00,A,NR,TOTAL,T,CZ,1973-01-01,9891302.0,,
ESTAT:DEMO_PJAN(1.0),08/05/26 11:00:00,A,NR,TOTAL,T,DE,1973-01-01,61809358.0,,
ESTAT:DEMO_PJAN(1.0),08/05/26 11:00:00,A,NR,TOTAL,T,DE_TOT,1973-01-01,78820701.0,,
ESTAT:DEMO_PJAN(1.0),08/05/26 11:00:00,A,NR,TOTAL,T,DK,1973-01-01,5007538.0,,
ESTAT:DEMO_PJAN(1.0),08/05/26 11:00:00,A,NR,TOTAL,T,EE,1973-01-01,1399637.0,,
ESTAT:DEMO_PJAN(1.0),08/05/26 11:00:00,A,NR,TOTAL,T,EFTA,1973-01-01,10469728.0,,
ESTAT:DEMO_PJAN(1.0),08/05/26 11:00:00,A,NR,TOTAL,T,EL,1973-01-01,8920282.0,,
ESTAT:DEMO_PJAN(1.0),08/05/26 11:00:00,A,NR,TOTAL,T,ES,1973-01-01,34800600.0,,
ESTAT:DEMO_PJAN(1.0),08/05/26 11:00:00,A,NR,TOTAL,T,FI,1973-01-01,4653401.0,,
ESTAT:DEMO_PJAN(1.0),08/05/26 11:00:00,A,NR,TOTAL,T,FX,1973-01-01,51915873.0,,
ESTAT:DEMO_PJAN(1.0),08/05/26 11:00:00,A,NR,TOTAL,T,HR,1973-01-01,4459729.0,,
ESTAT:DEMO_PJAN(1.0),08/05/26 11:00:00,A,NR,TOTAL,T,HU,1973-01-01,10415626.0,,
ESTAT:DEMO_PJAN(1.0),08/05/26 11:00:00,A,NR,TOTAL,T,IE,1973-01-01,3060800.0,,
ESTAT:DEMO_PJAN(1.0),08/05/26 11:00:00,A,NR,TOTAL,T,IS,1973-01-01,210912.0,,
ESTAT:DEMO_PJAN(1.0),08/05/26 11:00:00,A,NR,TOTAL,T,IT,1973-01-01,54574111.0,,
ESTAT:DEMO_PJAN(1.0),08/05/26 11:00:00,A,NR,TOTAL,T,LI,1973-01-01,22414.0,,
ESTAT:DEMO_PJAN(1.0),08/05/26 11:00:00,A,NR,TOTAL,T,LT,1973-01-01,3229598.0,,
ESTAT:DEMO_PJAN(1.0),08/05/26 11:00:00,A,NR,TOTAL,T,LU,1973-01-01,348200.0,,
ESTAT:DEMO_PJAN(1.0),08/05/26 11:00:00,A,NR,TOTAL,T,LV,1973-01-01,2404995.0,,
ESTAT:DEMO_PJAN(1.0),08/05/26 11:00:00,A,NR,TOTAL,T,MK,1973-01-01,1692113.0,,
ESTAT:DEMO_PJAN(1.0),08/05/26 11:00:00,A,NR,TOTAL,T,NL,1973-01-01,13387623.0,,
ESTAT:DEMO_PJAN(1.0),08/05/26 11:00:00,A,NR,TOTAL,T,NO,1973-01-01,3948234.0,,
ESTAT:DEMO_PJAN(1.0),08/05/26 11:00:00,A,NR,TOTAL,T,PL,1973-01-01,33202300.0,,
ESTAT:DEMO_PJAN(1.0),08/05/26 11:00:00,A,NR,TOTAL,T,PT,1973-01-01,8636600.0,,
ESTAT:DEMO_PJAN(1.0),08/05/26 11:00:00,A,NR,TOTAL,T,RO,1973-01-01,20753972.0,,
ESTAT:DEMO_PJAN(1.0),08/05/26 11:00:00,A,NR,TOTAL,T,SE,1973-01-01,8129161.0,,
ESTAT:DEMO_PJAN(1.0),08/05/26 11:00:00,A,NR,TOTAL,T,SI,1973-01-01,1759584.0,,
ESTAT:DEMO_PJAN(1.0),08/05/26 11:00:00,A,NR,TOTAL,T,SK,1973-01-01,4618236.0,,
ESTAT:DEMO_PJAN(1.0),08/05/26 11:00:00,A,NR,TOTAL,T,TR,1973-01-01,37508880.0,,
ESTAT:DEMO_PJAN(1.0),08/05/26 11:00:00,A,NR,TOTAL,T,UK,1973-01-01,56159785.0,,
ESTAT:DEMO_PJAN(1.0),08/05/26 11:00:00,A,NR,TOTAL,T,AL,1974-01-01,2322613.0,,
ESTAT:DEMO_PJAN(1.0),08/05/26 11:00:00,A,NR,TOTAL,T,AT,1974-01-01,7605760.0,,
ESTAT:DEMO_PJAN(1.0),08/05/26 11:00:00,A,NR,TOTAL,T,BA,1974-01-01,3898064.0,,
ESTAT:DEMO_PJAN(1.0),08/05/26 11:00:00,A,NR,TOTAL,T,BE,1974-01-01,9756590.0,,
ESTAT:DEMO_PJAN(1.0),08/05/26 11:00:00,A,NR,TOTAL,T,BG,1974-01-01,8647440.0,,
ESTAT:DEMO_PJAN(1.0),08/05/26 11:00:00,A,NR,TOTAL,T,CH,1974-01-01,6326525.0,,
ESTAT:DEMO_PJAN(1.0),08/05/26 11:00:00,A,NR,TOTAL,T,CY,1974-01-01,637800.0,,
ESTAT:DEMO_PJAN(1.0),08/05/26 11:00:00,A,NR,TOTAL,T,CZ,1974-01-01,9953230.0,,
ESTAT:DEMO_PJAN(1.0),08/05/26 11:00:00,A,NR,TOTAL,T,DE,1974-01-01,62101379.0,,
ESTAT:DEMO_PJAN(1.0),08/05/26 11:00:00,A,NR,TOTAL,T,DE_TOT,1974-01-01,79052630.0,,
ESTAT:DEMO_PJAN(1.0),08/05/26 11:00:00,A,NR,TOTAL,T,DK,1974-01-01,5036184.0,,
ESTAT:DEMO_PJAN(1.0),08/05/26 11:00:00,A,NR,TOTAL,T,EE,1974-01-01,1412265.0,,
ESTAT:DEMO_PJAN(1.0),08/05/26 11:00:00,A,NR,TOTAL,T,EFTA,1974-01-01,10536393.0,,
ESTAT:DEMO_PJAN(1.0),08/05/26 11:00:00,A,NR,TOTAL,T,EL,1974-01-01,8937890.0,,
ESTAT:DEMO_PJAN(1.0),08/05/26 11:00:00,A,NR,TOTAL,T,ES,1974-01-01,35177294.0,,
ESTAT:DEMO_PJAN(1.0),08/05/26 11:00:00,A,NR,TOTAL,T,FI,1974-01-01,4678761.0,,
ESTAT:DEMO_PJAN(1.0),08/05/26 11:00:00,A,NR,TOTAL,T,FX,1974-01-01,52320725.0,,
ESTAT:DEMO_PJAN(1.0),08/05/26 11:00:00,A,NR,TOTAL,T,HR,1974-01-01,4480592.0,,
ESTAT:DEMO_PJAN(1.0),08/05/26 11:00:00,A,NR,TOTAL,T,HU,1974-01-01,10448484.0,,
ESTAT:DEMO_PJAN(1.0),08/05/26 11:00:00,A,NR,TOTAL,T,IE,1974-01-01,3111100.0,,
ESTAT:DEMO_PJAN(1.0),08/05/26 11:00:00,A,NR,TOTAL,T,IS,1974-01-01,213722.0,,
ESTAT:DEMO_PJAN(1.0),08/05/26 11:00:00,A,NR,TOTAL,T,IT,1974-01-01,54928700.0,,
ESTAT:DEMO_PJAN(1.0),08/05/26 11:00:00,A,NR,TOTAL,T,LI,1974-01-01,23156.0,,
ESTAT:DEMO_PJAN(1.0),08/05/26 11:00:00,A,NR,TOTAL,T,LT,1974-01-01,3259277.0,,
ESTAT:DEMO_PJAN(1.0),08/05/26 11:00:00,A,NR,TOTAL,T,LU,1974-01-01,352700.0,,
ESTAT:DEMO_PJAN(1.0),08/05/26 11:00:00,A,NR,TOTAL,T,LV,1974-01-01,2426642.0,,
ESTAT:DEMO_PJAN(1.0),08/05/26 11:00:00,A,NR,TOTAL,T,MK,1974-01-01,1717090.0,,
ESTAT:DEMO_PJAN(1.0),08/05/26 11:00:00,A,NR,TOTAL,T,NL,1974-01-01,13491020.0,,
ESTAT:DEMO_PJAN(1.0),08/05/26 11:00:00,A,NR,TOTAL,T,NO,1974-01-01,3972990.0,,
ESTAT:DEMO_PJAN(1.0),08/05/26 11:00:00,A,NR,TOTAL,T,PL,1974-01-01,33512100.0,,
ESTAT:DEMO_PJAN(1.0),08/05/26 11:00:00,A,NR,TOTAL,T,PT,1974-01-01,8629600.0,,
ESTAT:DEMO_PJAN(1.0),08/05/26 11:00:00,A,NR,TOTAL,T,RO,1974-01-01,20917390.0,,
ESTAT:DEMO_PJAN(1.0),08/05/26 11:00:00,A,NR,TOTAL,T,SE,1974-01-01,8143463.0,,
ESTAT:DEMO_PJAN(1.0),08/05/26 11:00:00,A,NR,TOTAL,T,SI,1974-01-01,1773809.0,,
ESTAT:DEMO_PJAN(1.0),08/05/26 11:00:00,A,NR,TOTAL,T,SK,1974-01-01,4664653.0,,
ESTAT:DEMO_PJAN(1.0),08/05/26 11:00:00,A,NR,TOTAL,T,TR,1974-01-01,38490106.0,,
ESTAT:DEMO_PJAN(1.0),08/05/26 11:00:00,A,NR,TOTAL,T,UK,1974-01-01,56229268.0,,
ESTAT:DEMO_PJAN(1.0),08/05/26 11:00:00,A,NR,TOTAL,T,AL,1975-01-01,2377635.0,,
ESTAT:DEMO_PJAN(1.0),08/05/26 11:00:00,A,NR,TOTAL,T,AT,1975-01-01,7592316.0,,
ESTAT:DEMO_PJAN(1.0),08/05/26 11:00:00,A,NR,TOTAL,T,BA,1975-01-01,3950628.0,,
ESTAT:DEMO_PJAN(1.0),08/05/26 11:00:00,A,NR,TOTAL,T,BE,1975-01-01,9788248.0,,
ESTAT:DEMO_PJAN(1.0),08/05/26 11:00:00,A,NR,TOTAL,T,BG,1975-01-01,8710049.0,,
ESTAT:DEMO_PJAN(1.0),08/05/26 11:00:00,A,NR,TOTAL,T,CH,1975-01-01,6356285.0,,
ESTAT:DEMO_PJAN(1.0),08/05/26 11:00:00,A,NR,TOTAL,T,CY,1975-01-01,505700.0,b,
ESTAT:DEMO_PJAN(1.0),08/05/26 11:00:00,A,NR,TOTAL,T,CZ,1975-01-01,10023688.0,,
ESTAT:DEMO_PJAN(1.0),08/05/26 11:00:00,A,NR,TOTAL,T,DE,1975-01-01,61991475.0,,
ESTAT:DEMO_PJAN(1.0),08/05/26 11:00:00,A,NR,TOTAL,T,DE_TOT,1975-01-01,78882235.0,,
ESTAT:DEMO_PJAN(1.0),08/05/26 11:00:00,A,NR,TOTAL,T,DK,1975-01-01,5054410.0,,
ESTAT:DEMO_PJAN(1.0),08/05/26 11:00:00,A,NR,TOTAL,T,EE,1975-01-01,1424073.0,,
ESTAT:DEMO_PJAN(1.0),08/05/26 11:00:00,A,NR,TOTAL,T,EEA30_2007,1975-01-01,451803585.0,,
ESTAT:DEMO_PJAN(1.0),08/05/26 11:00:00,A,NR,TOTAL,T,EEA31,1975-01-01,456304312.0,,
ESTAT:DEMO_PJAN(1.0),08/05/26 11:00:00,A,NR,TOTAL,T,EFTA,1975-01-01,10594250.0,,
ESTAT:DEMO_PJAN(1.0),08/05/26 11:00:00,A,NR,TOTAL,T,EL,1975-01-01,8986153.0,,
ESTAT:DEMO_PJAN(1.0),08/05/26 11:00:00,A,NR,TOTAL,T,ES,1975-01-01,35569375.0,,
ESTAT:DEMO_PJAN(1.0),08/05/26 11:00:00,A,NR,TOTAL,T,EU27_2007,1975-01-01,447565620.0,,
ESTAT:DEMO_PJAN(1.0),08/05/26 11:00:00,A,NR,TOTAL,T,EU27_2020,1975-01-01,395835667.0,,
ESTAT:DEMO_PJAN(1.0),08/05/26 11:00:00,A,NR,TOTAL,T,EU28,1975-01-01,452066347.0,,
ESTAT:DEMO_PJAN(1.0),08/05/26 11:00:00,A,NR,TOTAL,T,FI,1975-01-01,4702387.0,,
ESTAT:DEMO_PJAN(1.0),08/05/26 11:00:00,A,NR,TOTAL,T,FX,1975-01-01,52600000.0,,
ESTAT:DEMO_PJAN(1.0),08/05/26 11:00:00,A,NR,TOTAL,T,HR,1975-01-01,4500727.0,,
ESTAT:DEMO_PJAN(1.0),08/05/26 11:00:00,A,NR,TOTAL,T,HU,1975-01-01,10508956.0,,
ESTAT:DEMO_PJAN(1.0),08/05/26 11:00:00,A,NR,TOTAL,T,IE,1975-01-01,3163900.0,,
ESTAT:DEMO_PJAN(1.0),08/05/26 11:00:00,A,NR,TOTAL,T,IS,1975-01-01,216695.0,,
ESTAT:DEMO_PJAN(1.0),08/05/26 11:00:00,A,NR,TOTAL,T,IT,1975-01-01,55293036.0,,
ESTAT:DEMO_PJAN(1.0),08/05/26 11:00:00,A,NR,TOTAL,T,LI,1975-01-01,23745.0,,
ESTAT:DEMO_PJAN(1.0),08/05/26 11:00:00,A,NR,TOTAL,T,LT,1975-01-01,3288510.0,,
ESTAT:DEMO_PJAN(1.0),08/05/26 11:00:00,A,NR,TOTAL,T,LU,1975-01-01,357400.0,,
ESTAT:DEMO_PJAN(1.0),08/05/26 11:00:00,A,NR,TOTAL,T,LV,1975-01-01,2447730.0,,
ESTAT:DEMO_PJAN(1.0),08/05/26 11:00:00,A,NR,TOTAL,T,MK,1975-01-01,1742780.0,,
ESTAT:DEMO_PJAN(1.0),08/05/26 11:00:00,A,NR,TOTAL,T,MT,1975-01-01,301892.0,,
ESTAT:DEMO_PJAN(1.0),08/05/26 11:00:00,A,NR,TOTAL,T,NL,1975-01-01,13599092.0,,
ESTAT:DEMO_PJAN(1.0),08/05/26 11:00:00,A,NR,TOTAL,T,NO,1975-01-01,3997525.0,,
ESTAT:DEMO_PJAN(1.0),08/05/26 11:00:00,A,NR,TOTAL,T,PL,1975-01-01,33845698.0,,
ESTAT:DEMO_PJAN(1.0),08/05/26 11:00:00,A,NR,TOTAL,T,PT,1975-01-01,8879130.0,,
ESTAT:DEMO_PJAN(1.0),08/05/26 11:00:00,A,NR,TOTAL,T,RO,1975-01-01,21141468.0,,
ESTAT:DEMO_PJAN(1.0),08/05/26 11:00:00,A,NR,TOTAL,T,SE,1975-01-01,8176447.0,,
ESTAT:DEMO_PJAN(1.0),08/05/26 11:00:00,A,NR,TOTAL,T,SI,1975-01-01,1778454.0,,
ESTAT:DEMO_PJAN(1.0),08/05/26 11:00:00,A,NR,TOTAL,T,SK,1975-01-01,4714593.0,,
ESTAT:DEMO_PJAN(1.0),08/05/26 11:00:00,A,NR,TOTAL,T,TR,1975-01-01,39529218.0,,
ESTAT:DEMO_PJAN(1.0),08/05/26 11:00:00,A,NR,TOTAL,T,UK,1975-01-01,56230680.0,,
ESTAT:DEMO_PJAN(1.0),08/05/26 11:00:00,A,NR,TOTAL,T,AL,1976-01-01,2432027.0,,
ESTAT:DEMO_PJAN(1.0),08/05/26 11:00:00,A,NR,TOTAL,T,AT,1976-01-01,7565489.0,,
ESTAT:DEMO_PJAN(1.0),08/05/26 11:00:00,A,NR,TOTAL,T,BA,1976-01-01,4004830.0,,
ESTAT:DEMO_PJAN(1.0),08/05/26 11:00:00,A,NR,TOTAL,T,BE,1976-01-01,9813152.0,,
ESTAT:DEMO_PJAN(1.0),08/05/26 11:00:00,A,NR,TOTAL,T,BG,1976-01-01,8731434.0,,
ESTAT:DEMO_PJAN(1.0),08/05/26 11:00:00,A,NR,TOTAL,T,CH,1976-01-01,6320978.0,,
ESTAT:DEMO_PJAN(1.0),08/05/26 11:00:00,A,NR,TOTAL,T,CY,1976-01-01,497879.0,,
ESTAT:DEMO_PJAN(1.0),08/05/26 11:00:00,A,NR,TOTAL,T,CZ,1976-01-01,10093551.0,,
ESTAT:DEMO_PJAN(1.0),08/05/26 11:00:00,A,NR,TOTAL,T,DE,1976-01-01,61644624.0,,
ESTAT:DEMO_PJAN(1.0),08/05/26 11:00:00,A,NR,TOTAL,T,DE_TOT,1976-01-01,78464873.0,,
ESTAT:DEMO_PJAN(1.0),08/05/26 11:00:00,A,NR,TOTAL,T,DK,1976-01-01,5065313.0,,
ESTAT:DEMO_PJAN(1.0),08/05/26 11:00:00,A,NR,TOTAL,T,EE,1976-01-01,1434630.0,,
ESTAT:DEMO_PJAN(1.0),08/05/26 11:00:00,A,NR,TOTAL,T,EEA30_2007,1976-01-01,453994905.0,,
ESTAT:DEMO_PJAN(1.0),08/05/26 11:00:00,A,NR,TOTAL,T,EEA31,1976-01-01,458518341.0,,
ESTAT:DEMO_PJAN(1.0),08/05/26 11:00:00,A,NR,TOTAL,T,EFTA,1976-01-01,10581288.0,,
ESTAT:DEMO_PJAN(1.0),08/05/26 11:00:00,A,NR,TOTAL,T,EL,1976-01-01,9106928.0,,
ESTAT:DEMO_PJAN(1.0),08/05/26 11:00:00,A,NR,TOTAL,T,ES,1976-01-01,35946425.0,,
ESTAT:DEMO_PJAN(1.0),08/05/26 11:00:00,A,NR,TOTAL,T,EU27_2007,1976-01-01,449734595.0,,
ESTAT:DEMO_PJAN(1.0),08/05/26 11:00:00,A,NR,TOTAL,T,EU27_2020,1976-01-01,398037111.0,,
ESTAT:DEMO_PJAN(1.0),08/05/26 11:00:00,A,NR,TOTAL,T,EU28,1976-01-01,454258031.0,,
ESTAT:DEMO_PJAN(1.0),08/05/26 11:00:00,A,NR,TOTAL,T,FI,1976-01-01,4720492.0,,
ESTAT:DEMO_PJAN(1.0),08/05/26 11:00:00,A,NR,TOTAL,T,FX,1976-01-01,52798338.0,,
ESTAT:DEMO_PJAN(1.0),08/05/26 11:00:00,A,NR,TOTAL,T,HR,1976-01-01,4523436.0,,
ESTAT:DEMO_PJAN(1.0),08/05/26 11:00:00,A,NR,TOTAL,T,HU,1976-01-01,10572094.0,,
ESTAT:DEMO_PJAN(1.0),08/05/26 11:00:00,A,NR,TOTAL,T,IE,1976-01-01,3215200.0,,
ESTAT:DEMO_PJAN(1.0),08/05/26 11:00:00,A,NR,TOTAL,T,IS,1976-01-01,219262.0,,
ESTAT:DEMO_PJAN(1.0),08/05/26 11:00:00,A,NR,TOTAL,T,IT,1976-01-01,55588966.0,,
ESTAT:DEMO_PJAN(1.0),08/05/26 11:00:00,A,NR,TOTAL,T,LI,1976-01-01,23947.0,,
ESTAT:DEMO_PJAN(1.0),08/05/26 11:00:00,A,NR,TOTAL,T,LT,1976-01-01,3314794.0,,
ESTAT:DEMO_PJAN(1.0),08/05/26 11:00:00,A,NR,TOTAL,T,LU,1976-01-01,360500.0,,
ESTAT:DEMO_PJAN(1.0),08/05/26 11:00:00,A,NR,TOTAL,T,LV,1976-01-01,2464529.0,,
ESTAT:DEMO_PJAN(1.0),08/05/26 11:00:00,A,NR,TOTAL,T,MK,1976-01-01,1769890.0,,
ESTAT:DEMO_PJAN(1.0),08/05/26 11:00:00,A,NR,TOTAL,T,MT,1976-01-01,306551.0,,
ESTAT:DEMO_PJAN(1.0),08/05/26 11:00:00,A,NR,TOTAL,T,NL,1976-01-01,13733578.0,,
ESTAT:DEMO_PJAN(1.0),08/05/26 11:00:00,A,NR,TOTAL,T,NO,1976-01-01,4017101.0,,
ESTAT:DEMO_PJAN(1.0),08/05/26 11:00:00,A,NR,TOTAL,T,PL,1976-01-01,34184700.0,,
ESTAT:DEMO_PJAN(1.0),08/05/26 11:00:00,A,NR,TOTAL,T,PT,1976-01-01,9307810.0,,
ESTAT:DEMO_PJAN(1.0),08/05/26 11:00:00,A,NR,TOTAL,T,RO,1976-01-01,21445698.0,,
ESTAT:DEMO_PJAN(1.0),08/05/26 11:00:00,A,NR,TOTAL,T,SE,1976-01-01,8208427.0,,
ESTAT:DEMO_PJAN(1.0),08/05/26 11:00:00,A,NR,TOTAL,T,SI,1976-01-01,1808707.0,,
ESTAT:DEMO_PJAN(1.0),08/05/26 11:00:00,A,NR,TOTAL,T,SK,1976-01-01,4763617.0,,
ESTAT:DEMO_PJAN(1.0),08/05/26 11:00:00,A,NR,TOTAL,T,TR,1976-01-01,40281507.0,,
ESTAT:DEMO_PJAN(1.0),08/05/26 11:00:00,A,NR,TOTAL,T,UK,1976-01-01,56220920.0,,
ESTAT:DEMO_PJAN(1.0),08/05/26 11:00:00,A,NR,TOTAL,T,AL,1977-01-01,2485025.0,,
ESTAT:DEMO_PJAN(1.0),08/05/26 11:00:00,A,NR,TOTAL,T,AT,1977-01-01,7565561.0,,
ESTAT:DEMO_PJAN(1.0),08/05/26 11:00:00,A,NR,TOTAL,T,BA,1977-01-01,4059247.0,,
ESTAT:DEMO_PJAN(1.0),08/05/26 11:00:00,A,NR,TOTAL,T,BE,1977-01-01,9823302.0,,
ESTAT:DEMO_PJAN(1.0),08/05/26 11:00:00,A,NR,TOTAL,T,BG,1977-01-01,8785763.0,,
ESTAT:DEMO_PJAN(1.0),08/05/26 11:00:00,A,NR,TOTAL,T,CH,1977-01-01,6284029.0,,
ESTAT:DEMO_PJAN(1.0),08/05/26 11:00:00,A,NR,TOTAL,T,CY,1977-01-01,497600.0,,
ESTAT:DEMO_PJAN(1.0),08/05/26 11:00:00,A,NR,TOTAL,T,CZ,1977-01-01,10158327.0,,
ESTAT:DEMO_PJAN(1.0),08/05/26 11:00:00,A,NR,TOTAL,T,DE,1977-01-01,61441996.0,,
ESTAT:DEMO_PJAN(1.0),08/05/26 11:00:00,A,NR,TOTAL,T,DE_TOT,1977-01-01,78209026.0,,
ESTAT:DEMO_PJAN(1.0),08/05/26 11:00:00,A,NR,TOTAL,T,DK,1977-01-01,5079879.0,,
ESTAT:DEMO_PJAN(1.0),08/05/26 11:00:00,A,NR,TOTAL,T,EE,1977-01-01,1444522.0,,
ESTAT:DEMO_PJAN(1.0),08/05/26 11:00:00,A,NR,TOTAL,T,EEA30_2007,1977-01-01,455902582.0,,
ESTAT:DEMO_PJAN(1.0),08/05/26 11:00:00,A,NR,TOTAL,T,EEA31,1977-01-01,460451014.0,,
ESTAT:DEMO_PJAN(1.0),08/05/26 11:00:00,A,NR,TOTAL,T,EFTA,1977-01-01,10564446.0,,
ESTAT:DEMO_PJAN(1.0),08/05/26 11:00:00,A,NR,TOTAL,T,EL,1977-01-01,9269372.0,,
ESTAT:DEMO_PJAN(1.0),08/05/26 11:00:00,A,NR,TOTAL,T,ES,1977-01-01,36329199.0,,
ESTAT:DEMO_PJAN(1.0),08/05/26 11:00:00,A,NR,TOTAL,T,EU27_2007,1977-01-01,451622165.0,,
ESTAT:DEMO_PJAN(1.0),08/05/26 11:00:00,A,NR,TOTAL,T,EU27_2020,1977-01-01,399967581.0,,
ESTAT:DEMO_PJAN(1.0),08/05/26 11:00:00,A,NR,TOTAL,T,EU28,1977-01-01,456170597.0,,
ESTAT:DEMO_PJAN(1.0),08/05/26 11:00:00,A,NR,TOTAL,T,FI,1977-01-01,4730836.0,,
ESTAT:DEMO_PJAN(1.0),08/05/26 11:00:00,A,NR,TOTAL,T,FX,1977-01-01,53019005.0,,
ESTAT:DEMO_PJAN(1.0),08/05/26 11:00:00,A,NR,TOTAL,T,HR,1977-01-01,4548432.0,,
ESTAT:DEMO_PJAN(1.0),08/05/26 11:00:00,A,NR,TOTAL,T,HU,1977-01-01,10625259.0,,
ESTAT:DEMO_PJAN(1.0),08/05/26 11:00:00,A,NR,TOTAL,T,IE,1977-01-01,3260900.0,,
ESTAT:DEMO_PJAN(1.0),08/05/26 11:00:00,A,NR,TOTAL,T,IS,1977-01-01,221046.0,,
ESTAT:DEMO_PJAN(1.0),08/05/26 11:00:00,A,NR,TOTAL,T,IT,1977-01-01,55847553.0,,
ESTAT:DEMO_PJAN(1.0),08/05/26 11:00:00,A,NR,TOTAL,T,LI,1977-01-01,24169.0,,
ESTAT:DEMO_PJAN(1.0),08/05/26 11:00:00,A,NR,TOTAL,T,LT,1977-01-01,3342533.0,,
ESTAT:DEMO_PJAN(1.0),08/05/26 11:00:00,A,NR,TOTAL,T,LU,1977-01-01,360962.0,,
ESTAT:DEMO_PJAN(1.0),08/05/26 11:00:00,A,NR,TOTAL,T,LV,1977-01-01,2477449.0,,
ESTAT:DEMO_PJAN(1.0),08/05/26 11:00:00,A,NR,TOTAL,T,MK,1977-01-01,1797145.0,,
ESTAT:DEMO_PJAN(1.0),08/05/26 11:00:00,A,NR,TOTAL,T,MT,1977-01-01,304997.0,,
ESTAT:DEMO_PJAN(1.0),08/05/26 11:00:00,A,NR,TOTAL,T,NL,1977-01-01,13814495.0,,
ESTAT:DEMO_PJAN(1.0),08/05/26 11:00:00,A,NR,TOTAL,T,NO,1977-01-01,4035202.0,,
ESTAT:DEMO_PJAN(1.0),08/05/26 11:00:00,A,NR,TOTAL,T,PL,1977-01-01,34527900.0,,
ESTAT:DEMO_PJAN(1.0),08/05/26 11:00:00,A,NR,TOTAL,T,PT,1977-01-01,9403810.0,,
ESTAT:DEMO_PJAN(1.0),08/05/26 11:00:00,A,NR,TOTAL,T,RO,1977-01-01,21657569.0,,
ESTAT:DEMO_PJAN(1.0),08/05/26 11:00:00,A,NR,TOTAL,T,SE,1977-01-01,8236144.0,,
ESTAT:DEMO_PJAN(1.0),08/05/26 11:00:00,A,NR,TOTAL,T,SI,1977-01-01,1831790.0,,
ESTAT:DEMO_PJAN(1.0),08/05/26 11:00:00,A,NR,TOTAL,T,SK,1977-01-01,4815396.0,,
ESTAT:DEMO_PJAN(1.0),08/05/26 11:00:00,A,NR,TOTAL,T,TR,1977-01-01,41102443.0,,
ESTAT:DEMO_PJAN(1.0),08/05/26 11:00:00,A,NR,TOTAL,T,UK,1977-01-01,56203016.0,,
ESTAT:DEMO_PJAN(1.0),08/05/26 11:00:00,A,NR,TOTAL,T,AL,1978-01-01,2542066.0,,
ESTAT:DEMO_PJAN(1.0),08/05/26 11:00:00,A,NR,TOTAL,T,AT,1978-01-01,7571299.0,,
ESTAT:DEMO_PJAN(1.0),08/05/26 11:00:00,A,NR,TOTAL,T,BA,1978-01-01,4110203.0,,
ESTAT:DEMO_PJAN(1.0),08/05/26 11:00:00,A,NR,TOTAL,T,BE,1978-01-01,9837413.0,,
ESTAT:DEMO_PJAN(1.0),08/05/26 11:00:00,A,NR,TOTAL,T,BG,1978-01-01,8822602.0,,
ESTAT:DEMO_PJAN(1.0),08/05/26 11:00:00,A,NR,TOTAL,T,CH,1978-01-01,6278319.0,,
ESTAT:DEMO_PJAN(1.0),08/05/26 11:00:00,A,NR,TOTAL,T,CY,1978-01-01,498000.0,,
ESTAT:DEMO_PJAN(1.0),08/05/26 11:00:00,A,NR,TOTAL,T,CZ,1978-01-01,10215183.0,,
ESTAT:DEMO_PJAN(1.0),08/05/26 11:00:00,A,NR,TOTAL,T,DE,1978-01-01,61352745.0,,
ESTAT:DEMO_PJAN(1.0),08/05/26 11:00:00,A,NR,TOTAL,T,DE_TOT,1978-01-01,78110602.0,,
ESTAT:DEMO_PJAN(1.0),08/05/26 11:00:00,A,NR,TOTAL,T,DK,1978-01-01,5096959.0,,
ESTAT:DEMO_PJAN(1.0),08/05/26 11:00:00,A,NR,TOTAL,T,EE,1978-01-01,1455900.0,,
ESTAT:DEMO_PJAN(1.0),08/05/26 11:00:00,A,NR,TOTAL,T,EEA30_2007,1978-01-01,457814838.0,,
ESTAT:DEMO_PJAN(1.0),08/05/26 11:00:00,A,NR,TOTAL,T,EEA31,1978-01-01,462385547.0,,
ESTAT:DEMO_PJAN(1.0),08/05/26 11:00:00,A,NR,TOTAL,T,EFTA,1978-01-01,10576794.0,,
ESTAT:DEMO_PJAN(1.0),08/05/26 11:00:00,A,NR,TOTAL,T,EL,1978-01-01,9347586.0,,
ESTAT:DEMO_PJAN(1.0),08/05/26 11:00:00,A,NR,TOTAL,T,ES,1978-01-01,36694077.0,,
ESTAT:DEMO_PJAN(1.0),08/05/26 11:00:00,A,NR,TOTAL,T,EU27_2007,1978-01-01,453516363.0,,
ESTAT:DEMO_PJAN(1.0),08/05/26 11:00:00,A,NR,TOTAL,T,EU27_2020,1978-01-01,401903104.0,,
ESTAT:DEMO_PJAN(1.0),08/05/26 11:00:00,A,NR,TOTAL,T,EU28,1978-01-01,458087072.0,,
ESTAT:DEMO_PJAN(1.0),08/05/26 11:00:00,A,NR,TOTAL,T,FI,1978-01-01,4746967.0,,
ESTAT:DEMO_PJAN(1.0),08/05/26 11:00:00,A,NR,TOTAL,T,FX,1978-01-01,53271566.0,,
ESTAT:DEMO_PJAN(1.0),08/05/26 11:00:00,A,NR,TOTAL,T,HR,1978-01-01,4570709.0,,
ESTAT:DEMO_PJAN(1.0),08/05/26 11:00:00,A,NR,TOTAL,T,HU,1978-01-01,10670802.0,,
ESTAT:DEMO_PJAN(1.0),08/05/26 11:00:00,A,NR,TOTAL,T,IE,1978-01-01,3303500.0,,
ESTAT:DEMO_PJAN(1.0),08/05/26 11:00:00,A,NR,TOTAL,T,IS,1978-01-01,222552.0,,
ESTAT:DEMO_PJAN(1.0),08/05/26 11:00:00,A,NR,TOTAL,T,IT,1978-01-01,56063269.0,,
ESTAT:DEMO_PJAN(1.0),08/05/26 11:00:00,A,NR,TOTAL,T,LI,1978-01-01,24715.0,,
ESTAT:DEMO_PJAN(1.0),08/05/26 11:00:00,A,NR,TOTAL,T,LT,1978-01-01,3367538.0,,
ESTAT:DEMO_PJAN(1.0),08/05/26 11:00:00,A,NR,TOTAL,T,LU,1978-01-01,361753.0,,
ESTAT:DEMO_PJAN(1.0),08/05/26 11:00:00,A,NR,TOTAL,T,LV,1978-01-01,2492697.0,,
ESTAT:DEMO_PJAN(1.0),08/05/26 11:00:00,A,NR,TOTAL,T,MK,1978-01-01,1823151.0,,
ESTAT:DEMO_PJAN(1.0),08/05/26 11:00:00,A,NR,TOTAL,T,MT,1978-01-01,308942.0,,
ESTAT:DEMO_PJAN(1.0),08/05/26 11:00:00,A,NR,TOTAL,T,NL,1978-01-01,13897874.0,,
ESTAT:DEMO_PJAN(1.0),08/05/26 11:00:00,A,NR,TOTAL,T,NO,1978-01-01,4051208.0,,
ESTAT:DEMO_PJAN(1.0),08/05/26 11:00:00,A,NR,TOTAL,T,PL,1978-01-01,34850200.0,,
ESTAT:DEMO_PJAN(1.0),08/05/26 11:00:00,A,NR,TOTAL,T,PT,1978-01-01,9507540.0,,
ESTAT:DEMO_PJAN(1.0),08/05/26 11:00:00,A,NR,TOTAL,T,RO,1978-01-01,21854622.0,,
ESTAT:DEMO_PJAN(1.0),08/05/26 11:00:00,A,NR,TOTAL,T,SE,1978-01-01,8266936.0,,
ESTAT:DEMO_PJAN(1.0),08/05/26 11:00:00,A,NR,TOTAL,T,SI,1978-01-01,1852963.0,,
ESTAT:DEMO_PJAN(1.0),08/05/26 11:00:00,A,NR,TOTAL,T,SK,1978-01-01,4865605.0,,
ESTAT:DEMO_PJAN(1.0),08/05/26 11:00:00,A,NR,TOTAL,T,TR,1978-01-01,41996129.0,,
ESTAT:DEMO_PJAN(1.0),08/05/26 11:00:00,A,NR,TOTAL,T,UK,1978-01-01,56183968.0,,
ESTAT:DEMO_PJAN(1.0),08/05/26 11:00:00,A,NR,TOTAL,T,AL,1979-01-01,2590466.0,,
ESTAT:DEMO_PJAN(1.0),08/05/26 11:00:00,A,NR,TOTAL,T,AT,1979-01-01,7553310.0,,
ESTAT:DEMO_PJAN(1.0),08/05/26 11:00:00,A,NR,TOTAL,T,BA,1979-01-01,4157746.0,,
ESTAT:DEMO_PJAN(1.0),08/05/26 11:00:00,A,NR,TOTAL,T,BE,1979-01-01,9841654.0,,
ESTAT:DEMO_PJAN(1.0),08/05/26 11:00:00,A,NR,TOTAL,T,BG,1979-01-01,8805462.0,,
ESTAT:DEMO_PJAN(1.0),08/05/26 11:00:00,A,NR,TOTAL,T,CH,1979-01-01,6285156.0,,
ESTAT:DEMO_PJAN(1.0),08/05/26 11:00:00,A,NR,TOTAL,T,CY,1979-01-01,501300.0,,
ESTAT:DEMO_PJAN(1.0),08/05/26 11:00:00,A,NR,TOTAL,T,CZ,1979-01-01,10269012.0,,
ESTAT:DEMO_PJAN(1.0),08/05/26 11:00:00,A,NR,TOTAL,T,DE,1979-01-01,61321663.0,,
ESTAT:DEMO_PJAN(1.0),08/05/26 11:00:00,A,NR,TOTAL,T,DE_TOT,1979-01-01,78073038.0,,
ESTAT:DEMO_PJAN(1.0),08/05/26 11:00:00,A,NR,TOTAL,T,DK,1979-01-01,5111537.0,,
ESTAT:DEMO_PJAN(1.0),08/05/26 11:00:00,A,NR,TOTAL,T,EE,1979-01-01,1464476.0,,
ESTAT:DEMO_PJAN(1.0),08/05/26 11:00:00,A,NR,TOTAL,T,EEA30_2007,1979-01-01,459595740.0,,
ESTAT:DEMO_PJAN(1.0),08/05/26 11:00:00,A,NR,TOTAL,T,EEA31,1979-01-01,464187200.0,,
ESTAT:DEMO_PJAN(1.0),08/05/26 11:00:00,A,NR,TOTAL,T,EFTA,1979-01-01,10601152.0,,
ESTAT:DEMO_PJAN(1.0),08/05/26 11:00:00,A,NR,TOTAL,T,EL,1979-01-01,9512332.0,,
ESTAT:DEMO_PJAN(1.0),08/05/26 11:00:00,A,NR,TOTAL,T,ES,1979-01-01,37035719.0,,
ESTAT:DEMO_PJAN(1.0),08/05/26 11:00:00,A,NR,TOTAL,T,EU27_2007,1979-01-01,455279744.0,,
ESTAT:DEMO_PJAN(1.0),08/05/26 11:00:00,A,NR,TOTAL,T,EU27_2020,1979-01-01,403662165.0,,
ESTAT:DEMO_PJAN(1.0),08/05/26 11:00:00,A,NR,TOTAL,T,EU28,1979-01-01,459871204.0,,
ESTAT:DEMO_PJAN(1.0),08/05/26 11:00:00,A,NR,TOTAL,T,FI,1979-01-01,4758088.0,,
ESTAT:DEMO_PJAN(1.0),08/05/26 11:00:00,A,NR,TOTAL,T,FX,1979-01-01,53481073.0,,
ESTAT:DEMO_PJAN(1.0),08/05/26 11:00:00,A,NR,TOTAL,T,HR,1979-01-01,4591460.0,,
ESTAT:DEMO_PJAN(1.0),08/05/26 11:00:00,A,NR,TOTAL,T,HU,1979-01-01,10698841.0,,
ESTAT:DEMO_PJAN(1.0),08/05/26 11:00:00,A,NR,TOTAL,T,IE,1979-01-01,3354700.0,,
ESTAT:DEMO_PJAN(1.0),08/05/26 11:00:00,A,NR,TOTAL,T,IS,1979-01-01,224522.0,,
ESTAT:DEMO_PJAN(1.0),08/05/26 11:00:00,A,NR,TOTAL,T,IT,1979-01-01,56247017.0,,
ESTAT:DEMO_PJAN(1.0),08/05/26 11:00:00,A,NR,TOTAL,T,LI,1979-01-01,25340.0,,
ESTAT:DEMO_PJAN(1.0),08/05/26 11:00:00,A,NR,TOTAL,T,LT,1979-01-01,3391490.0,,
ESTAT:DEMO_PJAN(1.0),08/05/26 11:00:00,A,NR,TOTAL,T,LU,1979-01-01,362261.0,,
ESTAT:DEMO_PJAN(1.0),08/05/26 11:00:00,A,NR,TOTAL,T,LV,1979-01-01,2503145.0,,
ESTAT:DEMO_PJAN(1.0),08/05/26 11:00:00,A,NR,TOTAL,T,MK,1979-01-01,1849388.0,,
ESTAT:DEMO_PJAN(1.0),08/05/26 11:00:00,A,NR,TOTAL,T,MT,1979-01-01,311421.0,,
ESTAT:DEMO_PJAN(1.0),08/05/26 11:00:00,A,NR,TOTAL,T,NL,1979-01-01,13985526.0,,
ESTAT:DEMO_PJAN(1.0),08/05/26 11:00:00,A,NR,TOTAL,T,NO,1979-01-01,4066134.0,,
ESTAT:DEMO_PJAN(1.0),08/05/26 11:00:00,A,NR,TOTAL,T,PL,1979-01-01,35081000.0,,
ESTAT:DEMO_PJAN(1.0),08/05/26 11:00:00,A,NR,TOTAL,T,PT,1979-01-01,9608960.0,,
ESTAT:DEMO_PJAN(1.0),08/05/26 11:00:00,A,NR,TOTAL,T,RO,1979-01-01,22048305.0,,
ESTAT:DEMO_PJAN(1.0),08/05/26 11:00:00,A,NR,TOTAL,T,SE,1979-01-01,8284261.0,,
ESTAT:DEMO_PJAN(1.0),08/05/26 11:00:00,A,NR,TOTAL,T,SI,1979-01-01,1872133.0,,
ESTAT:DEMO_PJAN(1.0),08/05/26 11:00:00,A,NR,TOTAL,T,SK,1979-01-01,4914644.0,,
ESTAT:DEMO_PJAN(1.0),08/05/26 11:00:00,A,NR,TOTAL,T,TR,1979-01-01,42967253.0,,
ESTAT:DEMO_PJAN(1.0),08/05/26 11:00:00,A,NR,TOTAL,T,UK,1979-01-01,56209039.0,,
ESTAT:DEMO_PJAN(1.0),08/05/26 11:00:00,A,NR,TOTAL,T,AL,1980-01-01,2645198.0,,
ESTAT:DEMO_PJAN(1.0),08/05/26 11:00:00,A,NR,TOTAL,T,AT,1980-01-01,7545539.0,,
ESTAT:DEMO_PJAN(1.0),08/05/26 11:00:00,A,NR,TOTAL,T,BA,1980-01-01,4136941.0,,
ESTAT:DEMO_PJAN(1.0),08/05/26 11:00:00,A,NR,TOTAL,T,BE,1980-01-01,9855110.0,,
ESTAT:DEMO_PJAN(1.0),08/05/26 11:00:00,A,NR,TOTAL,T,BG,1980-01-01,8846417.0,,
ESTAT:DEMO_PJAN(1.0),08/05/26 11:00:00,A,NR,TOTAL,T,CH,1980-01-01,6303573.0,,
ESTAT:DEMO_PJAN(1.0),08/05/26 11:00:00,A,NR,TOTAL,T,CY,1980-01-01,505800.0,,
ESTAT:DEMO_PJAN(1.0),08/05/26 11:00:00,A,NR,TOTAL,T,CZ,1980-01-01,10315669.0,,
ESTAT:DEMO_PJAN(1.0),08/05/26 11:00:00,A,NR,TOTAL,T,DE,1980-01-01,61439338.0,,
ESTAT:DEMO_PJAN(1.0),08/05/26 11:00:00,A,NR,TOTAL,T,DE_TOT,1980-01-01,78179662.0,,
ESTAT:DEMO_PJAN(1.0),08/05/26 11:00:00,A,NR,TOTAL,T,DK,1980-01-01,5122065.0,,
ESTAT:DEMO_PJAN(1.0),08/05/26 11:00:00,A,NR,TOTAL,T,EE,1980-01-01,1472190.0,,
ESTAT:DEMO_PJAN(1.0),08/05/26 11:00:00,A,NR,TOTAL,T,EEA30_2007,1980-01-01,461485332.0,,
ESTAT:DEMO_PJAN(1.0),08/05/26 11:00:00,A,NR,TOTAL,T,EEA31,1980-01-01,466083427.0,,
ESTAT:DEMO_PJAN(1.0),08/05/26 11:00:00,A,NR,TOTAL,T,EFTA,1980-01-01,10635230.0,,
ESTAT:DEMO_PJAN(1.0),08/05/26 11:00:00,A,NR,TOTAL,T,EL,1980-01-01,9584184.0,,
ESTAT:DEMO_PJAN(1.0),08/05/26 11:00:00,A,NR,TOTAL,T,ES,1980-01-01,37346940.0,,
ESTAT:DEMO_PJAN(1.0),08/05/26 11:00:00,A,NR,TOTAL,T,EU27_2007,1980-01-01,457153675.0,,
ESTAT:DEMO_PJAN(1.0),08/05/26 11:00:00,A,NR,TOTAL,T,EU27_2020,1980-01-01,405466907.0,,
ESTAT:DEMO_PJAN(1.0),08/05/26 11:00:00,A,NR,TOTAL,T,EU28,1980-01-01,461751770.0,,
ESTAT:DEMO_PJAN(1.0),08/05/26 11:00:00,A,NR,TOTAL,T,FI,1980-01-01,4771292.0,,
ESTAT:DEMO_PJAN(1.0),08/05/26 11:00:00,A,NR,TOTAL,T,FX,1980-01-01,53731387.0,,
ESTAT:DEMO_PJAN(1.0),08/05/26 11:00:00,A,NR,TOTAL,T,HR,1980-01-01,4598095.0,,
ESTAT:DEMO_PJAN(1.0),08/05/26 11:00:00,A,NR,TOTAL,T,HU,1980-01-01,10709463.0,,
ESTAT:DEMO_PJAN(1.0),08/05/26 11:00:00,A,NR,TOTAL,T,IE,1980-01-01,3392800.0,,
ESTAT:DEMO_PJAN(1.0),08/05/26 11:00:00,A,NR,TOTAL,T,IS,1980-01-01,226948.0,,
ESTAT:DEMO_PJAN(1.0),08/05/26 11:00:00,A,NR,TOTAL,T,IT,1980-01-01,56388480.0,,
ESTAT:DEMO_PJAN(1.0),08/05/26 11:00:00,A,NR,TOTAL,T,LI,1980-01-01,25809.0,,
ESTAT:DEMO_PJAN(1.0),08/05/26 11:00:00,A,NR,TOTAL,T,LT,1980-01-01,3404194.0,,
ESTAT:DEMO_PJAN(1.0),08/05/26 11:00:00,A,NR,TOTAL,T,LU,1980-01-01,363450.0,,
ESTAT:DEMO_PJAN(1.0),08/05/26 11:00:00,A,NR,TOTAL,T,LV,1980-01-01,2508761.0,,
ESTAT:DEMO_PJAN(1.0),08/05/26 11:00:00,A,NR,TOTAL,T,MK,1980-01-01,1878067.0,,
ESTAT:DEMO_PJAN(1.0),08/05/26 11:00:00,A,NR,TOTAL,T,MT,1980-01-01,315262.0,,
ESTAT:DEMO_PJAN(1.0),08/05/26 11:00:00,A,NR,TOTAL,T,NL,1980-01-01,14091014.0,,
ESTAT:DEMO_PJAN(1.0),08/05/26 11:00:00,A,NR,TOTAL,T,NO,1980-01-01,4078900.0,,
ESTAT:DEMO_PJAN(1.0),08/05/26 11:00:00,A,NR,TOTAL,T,PL,1980-01-01,35413434.0,,
ESTAT:DEMO_PJAN(1.0),08/05/26 11:00:00,A,NR,TOTAL,T,PT,1980-01-01,9713570.0,,
ESTAT:DEMO_PJAN(1.0),08/05/26 11:00:00,A,NR,TOTAL,T,RO,1980-01-01,22132670.0,,
ESTAT:DEMO_PJAN(1.0),08/05/26 11:00:00,A,NR,TOTAL,T,SE,1980-01-01,8303094.0,,
ESTAT:DEMO_PJAN(1.0),08/05/26 11:00:00,A,NR,TOTAL,T,SI,1980-01-01,1893064.0,,
ESTAT:DEMO_PJAN(1.0),08/05/26 11:00:00,A,NR,TOTAL,T,SK,1980-01-01,4963301.0,,
ESTAT:DEMO_PJAN(1.0),08/05/26 11:00:00,A,NR,TOTAL,T,TR,1980-01-01,44021146.0,,
ESTAT:DEMO_PJAN(1.0),08/05/26 11:00:00,A,NR,TOTAL,T,UK,1980-01-01,56284863.0,,
ESTAT:DEMO_PJAN(1.0),08/05/26 11:00:00,A,NR,TOTAL,T,AL,1981-01-01,2698795.0,,
ESTAT:DEMO_PJAN(1.0),08/05/26 11:00:00,A,NR,TOTAL,T,AT,1981-01-01,7553326.0,,
ESTAT:DEMO_PJAN(1.0),08/05/26 11:00:00,A,NR,TOTAL,T,BA,1981-01-01,4114030.0,,
ESTAT:DEMO_PJAN(1.0),08/05/26 11:00:00,A,NR,TOTAL,T,BE,1981-01-01,9863374.0,,
ESTAT:DEMO_PJAN(1.0),08/05/26 11:00:00,A,NR,TOTAL,T,BG,1981-01-01,8876652.0,,
ESTAT:DEMO_PJAN(1.0),08/05/26 11:00:00,A,NR,TOTAL,T,CH,1981-01-01,6335243.0,,
ESTAT:DEMO_PJAN(1.0),08/05/26 11:00:00,A,NR,TOTAL,T,CY,1981-01-01,512300.0,,
ESTAT:DEMO_PJAN(1.0),08/05/26 11:00:00,A,NR,TOTAL,T,CZ,1981-01-01,10292717.0,,
ESTAT:DEMO_PJAN(1.0),08/05/26 11:00:00,A,NR,TOTAL,T,DE,1981-01-01,61657952.0,,
ESTAT:DEMO_PJAN(1.0),08/05/26 11:00:00,A,NR,TOTAL,T,DE_TOT,1981-01-01,78397490.0,,
ESTAT:DEMO_PJAN(1.0),08/05/26 11:00:00,A,NR,TOTAL,T,DK,1981-01-01,5123989.0,,
ESTAT:DEMO_PJAN(1.0),08/05/26 11:00:00,A,NR,TOTAL,T,EE,1981-01-01,1482247.0,,
ESTAT:DEMO_PJAN(1.0),08/05/26 11:00:00,A,NR,TOTAL,T,EEA30_2007,1981-01-01,463458024.0,,
ESTAT:DEMO_PJAN(1.0),08/05/26 11:00:00,A,NR,TOTAL,T,EEA31,1981-01-01,468059493.0,,
ESTAT:DEMO_PJAN(1.0),08/05/26 11:00:00,A,NR,TOTAL,T,EFTA,1981-01-01,10682125.0,,
ESTAT:DEMO_PJAN(1.0),08/05/26 11:00:00,A,NR,TOTAL,T,EL,1981-01-01,9700826.0,,
ESTAT:DEMO_PJAN(1.0),08/05/26 11:00:00,A,NR,TOTAL,T,ES,1981-01-01,37635389.0,,
ESTAT:DEMO_PJAN(1.0),08/05/26 11:00:00,A,NR,TOTAL,T,EU27_2007,1981-01-01,459111142.0,,
ESTAT:DEMO_PJAN(1.0),08/05/26 11:00:00,A,NR,TOTAL,T,EU27_2020,1981-01-01,407369042.0,,
ESTAT:DEMO_PJAN(1.0),08/05/26 11:00:00,A,NR,TOTAL,T,EU28,1981-01-01,463712611.0,,
ESTAT:DEMO_PJAN(1.0),08/05/26 11:00:00,A,NR,TOTAL,T,FI,1981-01-01,4787778.0,,
ESTAT:DEMO_PJAN(1.0),08/05/26 11:00:00,A,NR,TOTAL,T,FX,1981-01-01,54028630.0,,
ESTAT:DEMO_PJAN(1.0),08/05/26 11:00:00,A,NR,TOTAL,T,HR,1981-01-01,4601469.0,e,
ESTAT:DEMO_PJAN(1.0),08/05/26 11:00:00,A,NR,TOTAL,T,HU,1981-01-01,10712781.0,,
ESTAT:DEMO_PJAN(1.0),08/05/26 11:00:00,A,NR,TOTAL,T,IE,1981-01-01,3432800.0,,
ESTAT:DEMO_PJAN(1.0),08/05/26 11:00:00,A,NR,TOTAL,T,IS,1981-01-01,229327.0,,
ESTAT:DEMO_PJAN(1.0),08/05/26 11:00:00,A,NR,TOTAL,T,IT,1981-01-01,56479285.0,,
ESTAT:DEMO_PJAN(1.0),08/05/26 11:00:00,A,NR,TOTAL,T,LI,1981-01-01,25215.0,,
ESTAT:DEMO_PJAN(1.0),08/05/26 11:00:00,A,NR,TOTAL,T,LT,1981-01-01,3422210.0,,
ESTAT:DEMO_PJAN(1.0),08/05/26 11:00:00,A,NR,TOTAL,T,LU,1981-01-01,364850.0,,
ESTAT:DEMO_PJAN(1.0),08/05/26 11:00:00,A,NR,TOTAL,T,LV,1981-01-01,2514640.0,,
ESTAT:DEMO_PJAN(1.0),08/05/26 11:00:00,A,NR,TOTAL,T,MK,1981-01-01,1904570.0,,
ESTAT:DEMO_PJAN(1.0),08/05/26 11:00:00,A,NR,TOTAL,T,MT,1981-01-01,318028.0,,
ESTAT:DEMO_PJAN(1.0),08/05/26 11:00:00,A,NR,TOTAL,T,NL,1981-01-01,14208586.0,,
ESTAT:DEMO_PJAN(1.0),08/05/26 11:00:00,A,NR,TOTAL,T,NO,1981-01-01,4092340.0,,
ESTAT:DEMO_PJAN(1.0),08/05/26 11:00:00,A,NR,TOTAL,T,PL,1981-01-01,35734865.0,,
ESTAT:DEMO_PJAN(1.0),08/05/26 11:00:00,A,NR,TOTAL,T,PT,1981-01-01,9819054.0,,
ESTAT:DEMO_PJAN(1.0),08/05/26 11:00:00,A,NR,TOTAL,T,RO,1981-01-01,22281894.0,,
ESTAT:DEMO_PJAN(1.0),08/05/26 11:00:00,A,NR,TOTAL,T,SE,1981-01-01,8317967.0,,
ESTAT:DEMO_PJAN(1.0),08/05/26 11:00:00,A,NR,TOTAL,T,SI,1981-01-01,1909566.0,,
ESTAT:DEMO_PJAN(1.0),08/05/26 11:00:00,A,NR,TOTAL,T,SK,1981-01-01,4996329.0,,
ESTAT:DEMO_PJAN(1.0),08/05/26 11:00:00,A,NR,TOTAL,T,TR,1981-01-01,45023450.0,,
ESTAT:DEMO_PJAN(1.0),08/05/26 11:00:00,A,NR,TOTAL,T,UK,1981-01-01,56343569.0,,
ESTAT:DEMO_PJAN(1.0),08/05/26 11:00:00,A,NR,TOTAL,T,AL,1982-01-01,2753316.0,,
ESTAT:DEMO_PJAN(1.0),08/05/26 11:00:00,A,NR,TOTAL,T,AT,1982-01-01,7584094.0,,
ESTAT:DEMO_PJAN(1.0),08/05/26 11:00:00,A,NR,TOTAL,T,BA,1982-01-01,4158361.0,,
ESTAT:DEMO_PJAN(1.0),08/05/26 11:00:00,A,NR,TOTAL,T,BE,1982-01-01,9854589.0,,
ESTAT:DEMO_PJAN(1.0),08/05/26 11:00:00,A,NR,TOTAL,T,BG,1982-01-01,8905581.0,,
ESTAT:DEMO_PJAN(1.0),08/05/26 11:00:00,A,NR,TOTAL,T,CH,1982-01-01,6372904.0,,
ESTAT:DEMO_PJAN(1.0),08/05/26 11:00:00,A,NR,TOTAL,T,CY,1982-01-01,522845.0,,
ESTAT:DEMO_PJAN(1.0),08/05/26 11:00:00,A,NR,TOTAL,T,CZ,1982-01-01,10308465.0,,
ESTAT:DEMO_PJAN(1.0),08/05/26 11:00:00,A,NR,TOTAL,T,DE,1982-01-01,61712689.0,,
ESTAT:DEMO_PJAN(1.0),08/05/26 11:00:00,A,NR,TOTAL,T,DE_TOT,1982-01-01,78418324.0,,
ESTAT:DEMO_PJAN(1.0),08/05/26 11:00:00,A,NR,TOTAL,T,DK,1982-01-01,5119155.0,,
ESTAT:DEMO_PJAN(1.0),08/05/26 11:00:00,A,NR,TOTAL,T,EE,1982-01-01,1493085.0,,
ESTAT:DEMO_PJAN(1.0),08/05/26 11:00:00,A,NR,TOTAL,T,EEA30_2007,1982-01-01,464962566.0,,
ESTAT:DEMO_PJAN(1.0),08/05/26 11:00:00,A,NR,TOTAL,T,EEA31,1982-01-01,469584114.0,,
ESTAT:DEMO_PJAN(1.0),08/05/26 11:00:00,A,NR,TOTAL,T,EFTA,1982-01-01,10738279.0,,
ESTAT:DEMO_PJAN(1.0),08/05/26 11:00:00,A,NR,TOTAL,T,EL,1982-01-01,9757874.0,,
ESTAT:DEMO_PJAN(1.0),08/05/26 11:00:00,A,NR,TOTAL,T,ES,1982-01-01,37881873.0,,
ESTAT:DEMO_PJAN(1.0),08/05/26 11:00:00,A,NR,TOTAL,T,EU27_2007,1982-01-01,460597191.0,,
ESTAT:DEMO_PJAN(1.0),08/05/26 11:00:00,A,NR,TOTAL,T,EU27_2020,1982-01-01,408894651.0,,
ESTAT:DEMO_PJAN(1.0),08/05/26 11:00:00,A,NR,TOTAL,T,EU28,1982-01-01,465218739.0,,
ESTAT:DEMO_PJAN(1.0),08/05/26 11:00:00,A,NR,TOTAL,T,FI,1982-01-01,4812150.0,,
ESTAT:DEMO_PJAN(1.0),08/05/26 11:00:00,A,NR,TOTAL,T,FX,1982-01-01,54335000.0,,
ESTAT:DEMO_PJAN(1.0),08/05/26 11:00:00,A,NR,TOTAL,T,HR,1982-01-01,4621548.0,e,
ESTAT:DEMO_PJAN(1.0),08/05/26 11:00:00,A,NR,TOTAL,T,HU,1982-01-01,10710914.0,,
ESTAT:DEMO_PJAN(1.0),08/05/26 11:00:00,A,NR,TOTAL,T,IE,1982-01-01,3473200.0,,
ESTAT:DEMO_PJAN(1.0),08/05/26 11:00:00,A,NR,TOTAL,T,IS,1982-01-01,232182.0,,
ESTAT:DEMO_PJAN(1.0),08/05/26 11:00:00,A,NR,TOTAL,T,IT,1982-01-01,56524064.0,,
ESTAT:DEMO_PJAN(1.0),08/05/26 11:00:00,A,NR,TOTAL,T,LI,1982-01-01,26130.0,,
ESTAT:DEMO_PJAN(1.0),08/05/26 11:00:00,A,NR,TOTAL,T,LT,1982-01-01,3443684.0,,
ESTAT:DEMO_PJAN(1.0),08/05/26 11:00:00,A,NR,TOTAL,T,LU,1982-01-01,365600.0,,
ESTAT:DEMO_PJAN(1.0),08/05/26 11:00:00,A,NR,TOTAL,T,LV,1982-01-01,2524202.0,,
ESTAT:DEMO_PJAN(1.0),08/05/26 11:00:00,A,NR,TOTAL,T,MK,1982-01-01,1928856.0,,
ESTAT:DEMO_PJAN(1.0),08/05/26 11:00:00,A,NR,TOTAL,T,MT,1982-01-01,319936.0,,
ESTAT:DEMO_PJAN(1.0),08/05/26 11:00:00,A,NR,TOTAL,T,NL,1982-01-01,14285829.0,,
ESTAT:DEMO_PJAN(1.0),08/05/26 11:00:00,A,NR,TOTAL,T,NO,1982-01-01,4107063.0,,
ESTAT:DEMO_PJAN(1.0),08/05/26 11:00:00,A,NR,TOTAL,T,PL,1982-01-01,36062309.0,,
ESTAT:DEMO_PJAN(1.0),08/05/26 11:00:00,A,NR,TOTAL,T,PT,1982-01-01,9883670.0,,
ESTAT:DEMO_PJAN(1.0),08/05/26 11:00:00,A,NR,TOTAL,T,RO,1982-01-01,22424246.0,,
ESTAT:DEMO_PJAN(1.0),08/05/26 11:00:00,A,NR,TOTAL,T,SE,1982-01-01,8323038.0,,
ESTAT:DEMO_PJAN(1.0),08/05/26 11:00:00,A,NR,TOTAL,T,SI,1982-01-01,1903495.0,,
ESTAT:DEMO_PJAN(1.0),08/05/26 11:00:00,A,NR,TOTAL,T,SK,1982-01-01,5035881.0,,
ESTAT:DEMO_PJAN(1.0),08/05/26 11:00:00,A,NR,TOTAL,T,TR,1982-01-01,46085508.0,,
ESTAT:DEMO_PJAN(1.0),08/05/26 11:00:00,A,NR,TOTAL,T,UK,1982-01-01,56324088.0,,
ESTAT:DEMO_PJAN(1.0),08/05/26 11:00:00,A,NR,TOTAL,T,AL,1983-01-01,2815239.0,,
ESTAT:DEMO_PJAN(1.0),08/05/26 11:00:00,A,NR,TOTAL,T,AT,1983-01-01,7564185.0,,
ESTAT:DEMO_PJAN(1.0),08/05/26 11:00:00,A,NR,TOTAL,T,BA,1983-01-01,4203208.0,,
ESTAT:DEMO_PJAN(1.0),08/05/26 11:00:00,A,NR,TOTAL,T,BE,1983-01-01,9858017.0,,
ESTAT:DEMO_PJAN(1.0),08/05/26 11:00:00,A,NR,TOTAL,T,BG,1983-01-01,8929332.0,,
ESTAT:DEMO_PJAN(1.0),08/05/26 11:00:00,A,NR,TOTAL,T,CH,1983-01-01,6409713.0,,
ESTAT:DEMO_PJAN(1.0),08/05/26 11:00:00,A,NR,TOTAL,T,CY,1983-01-01,524623.0,,
ESTAT:DEMO_PJAN(1.0),08/05/26 11:00:00,A,NR,TOTAL,T,CZ,1983-01-01,10321186.0,,
ESTAT:DEMO_PJAN(1.0),08/05/26 11:00:00,A,NR,TOTAL,T,DE,1983-01-01,61546101.0,,
ESTAT:DEMO_PJAN(1.0),08/05/26 11:00:00,A,NR,TOTAL,T,DE_TOT,1983-01-01,78248407.0,,
ESTAT:DEMO_PJAN(1.0),08/05/26 11:00:00,A,NR,TOTAL,T,DK,1983-01-01,5116464.0,,
ESTAT:DEMO_PJAN(1.0),08/05/26 11:00:00,A,NR,TOTAL,T,EE,1983-01-01,1503743.0,,
ESTAT:DEMO_PJAN(1.0),08/05/26 11:00:00,A,NR,TOTAL,T,EEA30_2007,1983-01-01,466148393.0,,
ESTAT:DEMO_PJAN(1.0),08/05/26 11:00:00,A,NR,TOTAL,T,EEA31,1983-01-01,470795314.0,,
ESTAT:DEMO_PJAN(1.0),08/05/26 11:00:00,A,NR,TOTAL,T,EFTA,1983-01-01,10794141.0,,
ESTAT:DEMO_PJAN(1.0),08/05/26 11:00:00,A,NR,TOTAL,T,EL,1983-01-01,9821152.0,,
ESTAT:DEMO_PJAN(1.0),08/05/26 11:00:00,A,NR,TOTAL,T,ES,1983-01-01,38090151.0,,
ESTAT:DEMO_PJAN(1.0),08/05/26 11:00:00,A,NR,TOTAL,T,EU27_2007,1983-01-01,461763965.0,,
ESTAT:DEMO_PJAN(1.0),08/05/26 11:00:00,A,NR,TOTAL,T,EU27_2020,1983-01-01,410107692.0,,
ESTAT:DEMO_PJAN(1.0),08/05/26 11:00:00,A,NR,TOTAL,T,EU28,1983-01-01,466410886.0,,
ESTAT:DEMO_PJAN(1.0),08/05/26 11:00:00,A,NR,TOTAL,T,FI,1983-01-01,4841715.0,,
ESTAT:DEMO_PJAN(1.0),08/05/26 11:00:00,A,NR,TOTAL,T,FX,1983-01-01,54649984.0,,
ESTAT:DEMO_PJAN(1.0),08/05/26 11:00:00,A,NR,TOTAL,T,HR,1983-01-01,4646921.0,e,
ESTAT:DEMO_PJAN(1.0),08/05/26 11:00:00,A,NR,TOTAL,T,HU,1983-01-01,10700155.0,,
ESTAT:DEMO_PJAN(1.0),08/05/26 11:00:00,A,NR,TOTAL,T,IE,1983-01-01,3498400.0,,
ESTAT:DEMO_PJAN(1.0),08/05/26 11:00:00,A,NR,TOTAL,T,IS,1983-01-01,235537.0,,
ESTAT:DEMO_PJAN(1.0),08/05/26 11:00:00,A,NR,TOTAL,T,IT,1983-01-01,56563031.0,,
ESTAT:DEMO_PJAN(1.0),08/05/26 11:00:00,A,NR,TOTAL,T,LI,1983-01-01,26380.0,,
ESTAT:DEMO_PJAN(1.0),08/05/26 11:00:00,A,NR,TOTAL,T,LT,1983-01-01,3470673.0,,
ESTAT:DEMO_PJAN(1.0),08/05/26 11:00:00,A,NR,TOTAL,T,LU,1983-01-01,365450.0,,
ESTAT:DEMO_PJAN(1.0),08/05/26 11:00:00,A,NR,TOTAL,T,LV,1983-01-01,2537958.0,,
ESTAT:DEMO_PJAN(1.0),08/05/26 11:00:00,A,NR,TOTAL,T,MK,1983-01-01,1954972.0,,
ESTAT:DEMO_PJAN(1.0),08/05/26 11:00:00,A,NR,TOTAL,T,MT,1983-01-01,331859.0,,
ESTAT:DEMO_PJAN(1.0),08/05/26 11:00:00,A,NR,TOTAL,T,NL,1983-01-01,14339551.0,,
ESTAT:DEMO_PJAN(1.0),08/05/26 11:00:00,A,NR,TOTAL,T,NO,1983-01-01,4122511.0,,
ESTAT:DEMO_PJAN(1.0),08/05/26 11:00:00,A,NR,TOTAL,T,PL,1983-01-01,36398652.0,,
ESTAT:DEMO_PJAN(1.0),08/05/26 11:00:00,A,NR,TOTAL,T,PT,1983-01-01,9939871.0,,
ESTAT:DEMO_PJAN(1.0),08/05/26 11:00:00,A,NR,TOTAL,T,RO,1983-01-01,22527235.0,,
ESTAT:DEMO_PJAN(1.0),08/05/26 11:00:00,A,NR,TOTAL,T,SE,1983-01-01,8327488.0,,
ESTAT:DEMO_PJAN(1.0),08/05/26 11:00:00,A,NR,TOTAL,T,SI,1983-01-01,1917173.0,,
ESTAT:DEMO_PJAN(1.0),08/05/26 11:00:00,A,NR,TOTAL,T,SK,1983-01-01,5074316.0,,
ESTAT:DEMO_PJAN(1.0),08/05/26 11:00:00,A,NR,TOTAL,T,TR,1983-01-01,47210448.0,,
ESTAT:DEMO_PJAN(1.0),08/05/26 11:00:00,A,NR,TOTAL,T,UK,1983-01-01,56303194.0,,
ESTAT:DEMO_PJAN(1.0),08/05/26 11:00:00,A,NR,TOTAL,T,AL,1984-01-01,2872681.0,,
ESTAT:DEMO_PJAN(1.0),08/05/26 11:00:00,A,NR,TOTAL,T,AT,1984-01-01,7559635.0,,
ESTAT:DEMO_PJAN(1.0),08/05/26 11:00:00,A,NR,TOTAL,T,BA,1984-01-01,4248746.0,,
ESTAT:DEMO_PJAN(1.0),08/05/26 11:00:00,A,NR,TOTAL,T,BE,1984-01-01,9853023.0,,
ESTAT:DEMO_PJAN(1.0),08/05/26 11:00:00,A,NR,TOTAL,T,BG,1984-01-01,8950144.0,,
ESTAT:DEMO_PJAN(1.0),08/05/26 11:00:00,A,NR,TOTAL,T,CH,1984-01-01,6427833.0,,
ESTAT:DEMO_PJAN(1.0),08/05/26 11:00:00,A,NR,TOTAL,T,CY,1984-01-01,531518.0,,
ESTAT:DEMO_PJAN(1.0),08/05/26 11:00:00,A,NR,TOTAL,T,CZ,1984-01-01,10326526.0,,
ESTAT:DEMO_PJAN(1.0),08/05/26 11:00:00,A,NR,TOTAL,T,DE,1984-01-01,61306669.0,,
ESTAT:DEMO_PJAN(1.0),08/05/26 11:00:00,A,NR,TOTAL,T,DE_TOT,1984-01-01,78008156.0,,
ESTAT:DEMO_PJAN(1.0),08/05/26 11:00:00,A,NR,TOTAL,T,DK,1984-01-01,5112130.0,,
ESTAT:DEMO_PJAN(1.0),08/05/26 11:00:00,A,NR,TOTAL,T,EE,1984-01-01,1513747.0,,
ESTAT:DEMO_PJAN(1.0),08/05/26 11:00:00,A,NR,TOTAL,T,EEA30_2007,1984-01-01,467098623.0,,
ESTAT:DEMO_PJAN(1.0),08/05/26 11:00:00,A,NR,TOTAL,T,EEA31,1984-01-01,471768210.0,,
ESTAT:DEMO_PJAN(1.0),08/05/26 11:00:00,A,NR,TOTAL,T,EFTA,1984-01-01,10827114.0,,
ESTAT:DEMO_PJAN(1.0),08/05/26 11:00:00,A,NR,TOTAL,T,EL,1984-01-01,9872102.0,,
ESTAT:DEMO_PJAN(1.0),08/05/26 11:00:00,A,NR,TOTAL,T,ES,1984-01-01,38252899.0,,
ESTAT:DEMO_PJAN(1.0),08/05/26 11:00:00,A,NR,TOTAL,T,EU27_2007,1984-01-01,462699342.0,,
ESTAT:DEMO_PJAN(1.0),08/05/26 11:00:00,A,NR,TOTAL,T,EU27_2020,1984-01-01,411006427.0,,
ESTAT:DEMO_PJAN(1.0),08/05/26 11:00:00,A,NR,TOTAL,T,EU28,1984-01-01,467368929.0,,
ESTAT:DEMO_PJAN(1.0),08/05/26 11:00:00,A,NR,TOTAL,T,FI,1984-01-01,4869858.0,,
ESTAT:DEMO_PJAN(1.0),08/05/26 11:00:00,A,NR,TOTAL,T,FX,1984-01-01,54894854.0,,
ESTAT:DEMO_PJAN(1.0),08/05/26 11:00:00,A,NR,TOTAL,T,HR,1984-01-01,4669587.0,e,
ESTAT:DEMO_PJAN(1.0),08/05/26 11:00:00,A,NR,TOTAL,T,HU,1984-01-01,10678770.0,,
ESTAT:DEMO_PJAN(1.0),08/05/26 11:00:00,A,NR,TOTAL,T,IE,1984-01-01,3522800.0,,
ESTAT:DEMO_PJAN(1.0),08/05/26 11:00:00,A,NR,TOTAL,T,IS,1984-01-01,238416.0,,
ESTAT:DEMO_PJAN(1.0),08/05/26 11:00:00,A,NR,TOTAL,T,IT,1984-01-01,56565117.0,,
ESTAT:DEMO_PJAN(1.0),08/05/26 11:00:00,A,NR,TOTAL,T,LI,1984-01-01,26512.0,,
ESTAT:DEMO_PJAN(1.0),08/05/26 11:00:00,A,NR,TOTAL,T,LT,1984-01-01,3499711.0,,
ESTAT:DEMO_PJAN(1.0),08/05/26 11:00:00,A,NR,TOTAL,T,LU,1984-01-01,365794.0,,
ESTAT:DEMO_PJAN(1.0),08/05/26 11:00:00,A,NR,TOTAL,T,LV,1984-01-01,2554063.0,,
ESTAT:DEMO_PJAN(1.0),08/05/26 11:00:00,A,NR,TOTAL,T,MK,1984-01-01,1980139.0,,
ESTAT:DEMO_PJAN(1.0),08/05/26 11:00:00,A,NR,TOTAL,T,MT,1984-01-01,329189.0,,
ESTAT:DEMO_PJAN(1.0),08/05/26 11:00:00,A,NR,TOTAL,T,NL,1984-01-01,14394589.0,,
ESTAT:DEMO_PJAN(1.0),08/05/26 11:00:00,A,NR,TOTAL,T,NO,1984-01-01,4134353.0,,
ESTAT:DEMO_PJAN(1.0),08/05/26 11:00:00,A,NR,TOTAL,T,PL,1984-01-01,36744964.0,,
ESTAT:DEMO_PJAN(1.0),08/05/26 11:00:00,A,NR,TOTAL,T,PT,1984-01-01,9975859.0,,
ESTAT:DEMO_PJAN(1.0),08/05/26 11:00:00,A,NR,TOTAL,T,RO,1984-01-01,22593720.0,,
ESTAT:DEMO_PJAN(1.0),08/05/26 11:00:00,A,NR,TOTAL,T,SE,1984-01-01,8330577.0,,
ESTAT:DEMO_PJAN(1.0),08/05/26 11:00:00,A,NR,TOTAL,T,SI,1984-01-01,1927469.0,,
ESTAT:DEMO_PJAN(1.0),08/05/26 11:00:00,A,NR,TOTAL,T,SK,1984-01-01,5109626.0,,
ESTAT:DEMO_PJAN(1.0),08/05/26 11:00:00,A,NR,TOTAL,T,TR,1984-01-01,48401689.0,,
ESTAT:DEMO_PJAN(1.0),08/05/26 11:00:00,A,NR,TOTAL,T,UK,1984-01-01,56362502.0,,
ESTAT:DEMO_PJAN(1.0),08/05/26 11:00:00,A,NR,TOTAL,T,AL,1985-01-01,2936177.0,,
ESTAT:DEMO_PJAN(1.0),08/05/26 11:00:00,A,NR,TOTAL,T,AT,1985-01-01,7563233.0,,
ESTAT:DEMO_PJAN(1.0),08/05/26 11:00:00,A,NR,TOTAL,T,BA,1985-01-01,4293863.0,,
ESTAT:DEMO_PJAN(1.0),08/05/26 11:00:00,A,NR,TOTAL,T,BE,1985-01-01,9857721.0,,
ESTAT:DEMO_PJAN(1.0),08/05/26 11:00:00,A,NR,TOTAL,T,BG,1985-01-01,8971214.0,,
ESTAT:DEMO_PJAN(1.0),08/05/26 11:00:00,A,NR,TOTAL,T,CH,1985-01-01,6455896.0,,
ESTAT:DEMO_PJAN(1.0),08/05/26 11:00:00,A,NR,TOTAL,T,CY,1985-01-01,538397.0,,
ESTAT:DEMO_PJAN(1.0),08/05/26 11:00:00,A,NR,TOTAL,T,CZ,1985-01-01,10333900.0,,
ESTAT:DEMO_PJAN(1.0),08/05/26 11:00:00,A,NR,TOTAL,T,DE,1985-01-01,61049256.0,,
ESTAT:DEMO_PJAN(1.0),08/05/26 11:00:00,A,NR,TOTAL,T,DE_TOT,1985-01-01,77709213.0,,
ESTAT:DEMO_PJAN(1.0),08/05/26 11:00:00,A,NR,TOTAL,T,DK,1985-01-01,5111108.0,,
ESTAT:DEMO_PJAN(1.0),08/05/26 11:00:00,A,NR,TOTAL,T,EE,1985-01-01,1523486.0,,
ESTAT:DEMO_PJAN(1.0),08/05/26 11:00:00,A,NR,TOTAL,T,EEA30_2007,1985-01-01,468111291.0,,
ESTAT:DEMO_PJAN(1.0),08/05/26 11:00:00,A,NR,TOTAL,T,EEA31,1985-01-01,472802274.0,,
ESTAT:DEMO_PJAN(1.0),08/05/26 11:00:00,A,NR,TOTAL,T,EFTA,1985-01-01,10869027.0,,
ESTAT:DEMO_PJAN(1.0),08/05/26 11:00:00,A,NR,TOTAL,T,EL,1985-01-01,9919500.0,,
ESTAT:DEMO_PJAN(1.0),08/05/26 11:00:00,A,NR,TOTAL,T,ES,1985-01-01,38407829.0,,
ESTAT:DEMO_PJAN(1.0),08/05/26 11:00:00,A,NR,TOTAL,T,EU27_2007,1985-01-01,463698160.0,,
ESTAT:DEMO_PJAN(1.0),08/05/26 11:00:00,A,NR,TOTAL,T,EU27_2020,1985-01-01,411907502.0,,
ESTAT:DEMO_PJAN(1.0),08/05/26 11:00:00,A,NR,TOTAL,T,EU28,1985-01-01,468389143.0,,
ESTAT:DEMO_PJAN(1.0),08/05/26 11:00:00,A,NR,TOTAL,T,FI,1985-01-01,4893748.0,,
ESTAT:DEMO_PJAN(1.0),08/05/26 11:00:00,A,NR,TOTAL,T,FX,1985-01-01,55157303.0,,
ESTAT:DEMO_PJAN(1.0),08/05/26 11:00:00,A,NR,TOTAL,T,HR,1985-01-01,4690983.0,e,
ESTAT:DEMO_PJAN(1.0),08/05/26 11:00:00,A,NR,TOTAL,T,HU,1985-01-01,10657420.0,,
ESTAT:DEMO_PJAN(1.0),08/05/26 11:00:00,A,NR,TOTAL,T,IE,1985-01-01,3542046.0,,
ESTAT:DEMO_PJAN(1.0),08/05/26 11:00:00,A,NR,TOTAL,T,IS,1985-01-01,240606.0,,
ESTAT:DEMO_PJAN(1.0),08/05/26 11:00:00,A,NR,TOTAL,T,IT,1985-01-01,56588319.0,,
ESTAT:DEMO_PJAN(1.0),08/05/26 11:00:00,A,NR,TOTAL,T,LI,1985-01-01,26680.0,,
ESTAT:DEMO_PJAN(1.0),08/05/26 11:00:00,A,NR,TOTAL,T,LT,1985-01-01,3528698.0,,
ESTAT:DEMO_PJAN(1.0),08/05/26 11:00:00,A,NR,TOTAL,T,LU,1985-01-01,366202.0,,
ESTAT:DEMO_PJAN(1.0),08/05/26 11:00:00,A,NR,TOTAL,T,LV,1985-01-01,2570030.0,,
ESTAT:DEMO_PJAN(1.0),08/05/26 11:00:00,A,NR,TOTAL,T,MK,1985-01-01,2004709.0,,
ESTAT:DEMO_PJAN(1.0),08/05/26 11:00:00,A,NR,TOTAL,T,MT,1985-01-01,331997.0,,
ESTAT:DEMO_PJAN(1.0),08/05/26 11:00:00,A,NR,TOTAL,T,NL,1985-01-01,14453833.0,,
ESTAT:DEMO_PJAN(1.0),08/05/26 11:00:00,A,NR,TOTAL,T,NO,1985-01-01,4145845.0,,
ESTAT:DEMO_PJAN(1.0),08/05/26 11:00:00,A,NR,TOTAL,T,PL,1985-01-01,37063303.0,,
ESTAT:DEMO_PJAN(1.0),08/05/26 11:00:00,A,NR,TOTAL,T,PT,1985-01-01,10016605.0,,
ESTAT:DEMO_PJAN(1.0),08/05/26 11:00:00,A,NR,TOTAL,T,RO,1985-01-01,22687374.0,,
ESTAT:DEMO_PJAN(1.0),08/05/26 11:00:00,A,NR,TOTAL,T,SE,1985-01-01,8342633.0,,
ESTAT:DEMO_PJAN(1.0),08/05/26 11:00:00,A,NR,TOTAL,T,SI,1985-01-01,1936839.0,,
ESTAT:DEMO_PJAN(1.0),08/05/26 11:00:00,A,NR,TOTAL,T,SK,1985-01-01,5144568.0,,
ESTAT:DEMO_PJAN(1.0),08/05/26 11:00:00,A,NR,TOTAL,T,TR,1985-01-01,49662958.0,,
ESTAT:DEMO_PJAN(1.0),08/05/26 11:00:00,A,NR,TOTAL,T,UK,1985-01-01,56481641.0,,
ESTAT:DEMO_PJAN(1.0),08/05/26 11:00:00,A,NR,TOTAL,T,AD,1986-01-01,44593.0,,
ESTAT:DEMO_PJAN(1.0),08/05/26 11:00:00,A,NR,TOTAL,T,AL,1986-01-01,2993347.0,,
ESTAT:DEMO_PJAN(1.0),08/05/26 11:00:00,A,NR,TOTAL,T,AT,1986-01-01,7566736.0,,
ESTAT:DEMO_PJAN(1.0),08/05/26 11:00:00,A,NR,TOTAL,T,BA,1986-01-01,4337350.0,,
ESTAT:DEMO_PJAN(1.0),08/05/26 11:00:00,A,NR,TOTAL,T,BE,1986-01-01,9858895.0,,
ESTAT:DEMO_PJAN(1.0),08/05/26 11:00:00,A,NR,TOTAL,T,BG,1986-01-01,8949880.0,,
ESTAT:DEMO_PJAN(1.0),08/05/26 11:00:00,A,NR,TOTAL,T,CH,1986-01-01,6484834.0,,
ESTAT:DEMO_PJAN(1.0),08/05/26 11:00:00,A,NR,TOTAL,T,CY,1986-01-01,544605.0,,
ESTAT:DEMO_PJAN(1.0),08/05/26 11:00:00,A,NR,TOTAL,T,CZ,1986-01-01,10340335.0,,
ESTAT:DEMO_PJAN(1.0),08/05/26 11:00:00,A,NR,TOTAL,T,DE,1986-01-01,61020474.0,,
ESTAT:DEMO_PJAN(1.0),08/05/26 11:00:00,A,NR,TOTAL,T,DE_TOT,1986-01-01,77660533.0,,
ESTAT:DEMO_PJAN(1.0),08/05/26 11:00:00,A,NR,TOTAL,T,DK,1986-01-01,5116273.0,,
ESTAT:DEMO_PJAN(1.0),08/05/26 11:00:00,A,NR,TOTAL,T,EE,1986-01-01,1534076.0,,
ESTAT:DEMO_PJAN(1.0),08/05/26 11:00:00,A,NR,TOTAL,T,EEA30_2007,1986-01-01,469211748.0,,
ESTAT:DEMO_PJAN(1.0),08/05/26 11:00:00,A,NR,TOTAL,T,EEA31,1986-01-01,473923600.0,,
ESTAT:DEMO_PJAN(1.0),08/05/26 11:00:00,A,NR,TOTAL,T,EFTA,1986-01-01,10913300.0,,
ESTAT:DEMO_PJAN(1.0),08/05/26 11:00:00,A,NR,TOTAL,T,EL,1986-01-01,9949100.0,,
ESTAT:DEMO_PJAN(1.0),08/05/26 11:00:00,A,NR,TOTAL,T,ES,1986-01-01,38531195.0,,
ESTAT:DEMO_PJAN(1.0),08/05/26 11:00:00,A,NR,TOTAL,T,EU27_2007,1986-01-01,464783282.0,,
ESTAT:DEMO_PJAN(1.0),08/05/26 11:00:00,A,NR,TOTAL,T,EU27_2020,1986-01-01,412876239.0,,
ESTAT:DEMO_PJAN(1.0),08/05/26 11:00:00,A,NR,TOTAL,T,EU28,1986-01-01,469495134.0,,
ESTAT:DEMO_PJAN(1.0),08/05/26 11:00:00,A,NR,TOTAL,T,FI,1986-01-01,4910664.0,,
ESTAT:DEMO_PJAN(1.0),08/05/26 11:00:00,A,NR,TOTAL,T,FX,1986-01-01,55411238.0,,
ESTAT:DEMO_PJAN(1.0),08/05/26 11:00:00,A,NR,TOTAL,T,HR,1986-01-01,4711852.0,e,
ESTAT:DEMO_PJAN(1.0),08/05/26 11:00:00,A,NR,TOTAL,T,HU,1986-01-01,10640006.0,,
ESTAT:DEMO_PJAN(1.0),08/05/26 11:00:00,A,NR,TOTAL,T,IE,1986-01-01,3534117.0,,
ESTAT:DEMO_PJAN(1.0),08/05/26 11:00:00,A,NR,TOTAL,T,IS,1986-01-01,242203.0,,
ESTAT:DEMO_PJAN(1.0),08/05/26 11:00:00,A,NR,TOTAL,T,IT,1986-01-01,56597823.0,,
ESTAT:DEMO_PJAN(1.0),08/05/26 11:00:00,A,NR,TOTAL,T,LI,1986-01-01,27076.0,,
ESTAT:DEMO_PJAN(1.0),08/05/26 11:00:00,A,NR,TOTAL,T,LT,1986-01-01,3560388.0,,
ESTAT:DEMO_PJAN(1.0),08/05/26 11:00:00,A,NR,TOTAL,T,LU,1986-01-01,367210.0,,
ESTAT:DEMO_PJAN(1.0),08/05/26 11:00:00,A,NR,TOTAL,T,LV,1986-01-01,2587716.0,,
ESTAT:DEMO_PJAN(1.0),08/05/26 11:00:00,A,NR,TOTAL,T,MK,1986-01-01,2029175.0,,
ESTAT:DEMO_PJAN(1.0),08/05/26 11:00:00,A,NR,TOTAL,T,MT,1986-01-01,340907.0,,
ESTAT:DEMO_PJAN(1.0),08/05/26 11:00:00,A,NR,TOTAL,T,NL,1986-01-01,14529430.0,,
ESTAT:DEMO_PJAN(1.0),08/05/26 11:00:00,A,NR,TOTAL,T,NO,1986-01-01,4159187.0,,
ESTAT:DEMO_PJAN(1.0),08/05/26 11:00:00,A,NR,TOTAL,T,PL,1986-01-01,37340467.0,,
ESTAT:DEMO_PJAN(1.0),08/05/26 11:00:00,A,NR,TOTAL,T,PT,1986-01-01,10030621.0,,
ESTAT:DEMO_PJAN(1.0),08/05/26 11:00:00,A,NR,TOTAL,T,RO,1986-01-01,22778624.0,,
ESTAT:DEMO_PJAN(1.0),08/05/26 11:00:00,A,NR,TOTAL,T,SE,1986-01-01,8358139.0,,
ESTAT:DEMO_PJAN(1.0),08/05/26 11:00:00,A,NR,TOTAL,T,SI,1986-01-01,1946442.0,,
ESTAT:DEMO_PJAN(1.0),08/05/26 11:00:00,A,NR,TOTAL,T,SK,1986-01-01,5178967.0,,
ESTAT:DEMO_PJAN(1.0),08/05/26 11:00:00,A,NR,TOTAL,T,TR,1986-01-01,50695548.0,,
ESTAT:DEMO_PJAN(1.0),08/05/26 11:00:00,A,NR,TOTAL,T,UK,1986-01-01,56618895.0,,
ESTAT:DEMO_PJAN(1.0),08/05/26 11:00:00,A,NR,TOTAL,T,AD,1987-01-01,46976.0,,
ESTAT:DEMO_PJAN(1.0),08/05/26 11:00:00,A,NR,TOTAL,T,AL,1987-01-01,3051923.0,,
ESTAT:DEMO_PJAN(1.0),08/05/26 11:00:00,A,NR,TOTAL,T,AT,1987-01-01,7572852.0,,
ESTAT:DEMO_PJAN(1.0),08/05/26 11:00:00,A,NR,TOTAL,T,BA,1987-01-01,4379545.0,,
ESTAT:DEMO_PJAN(1.0),08/05/26 11:00:00,A,NR,TOTAL,T,BE,1987-01-01,9864751.0,,
ESTAT:DEMO_PJAN(1.0),08/05/26 11:00:00,A,NR,TOTAL,T,BG,1987-01-01,8966462.0,,
ESTAT:DEMO_PJAN(1.0),08/05/26 11:00:00,A,NR,TOTAL,T,CH,1987-01-01,6523413.0,,
ESTAT:DEMO_PJAN(1.0),08/05/26 11:00:00,A,NR,TOTAL,T,CY,1987-01-01,550888.0,,
ESTAT:DEMO_PJAN(1.0),08/05/26 11:00:00,A,NR,TOTAL,T,CZ,1987-01-01,10344119.0,,
ESTAT:DEMO_PJAN(1.0),08/05/26 11:00:00,A,NR,TOTAL,T,DE,1987-01-01,61140461.0,,
ESTAT:DEMO_PJAN(1.0),08/05/26 11:00:00,A,NR,TOTAL,T,DE_TOT,1987-01-01,77780338.0,,
ESTAT:DEMO_PJAN(1.0),08/05/26 11:00:00,A,NR,TOTAL,T,DK,1987-01-01,5124794.0,,
ESTAT:DEMO_PJAN(1.0),08/05/26 11:00:00,A,NR,TOTAL,T,EE,1987-01-01,1546304.0,,
ESTAT:DEMO_PJAN(1.0),08/05/26 11:00:00,A,NR,TOTAL,T,EEA30_2007,1987-01-01,470548009.0,,
ESTAT:DEMO_PJAN(1.0),08/05/26 11:00:00,A,NR,TOTAL,T,EEA31,1987-01-01,475279050.0,,
ESTAT:DEMO_PJAN(1.0),08/05/26 11:00:00,A,NR,TOTAL,T,EFTA,1987-01-01,10970490.0,,
ESTAT:DEMO_PJAN(1.0),08/05/26 11:00:00,A,NR,TOTAL,T,EL,1987-01-01,9985326.0,,
ESTAT:DEMO_PJAN(1.0),08/05/26 11:00:00,A,NR,TOTAL,T,ES,1987-01-01,38638052.0,,
ESTAT:DEMO_PJAN(1.0),08/05/26 11:00:00,A,NR,TOTAL,T,EU27_2007,1987-01-01,466100932.0,,
ESTAT:DEMO_PJAN(1.0),08/05/26 11:00:00,A,NR,TOTAL,T,EU27_2020,1987-01-01,414088076.0,,
ESTAT:DEMO_PJAN(1.0),08/05/26 11:00:00,A,NR,TOTAL,T,EU28,1987-01-01,470831973.0,,
ESTAT:DEMO_PJAN(1.0),08/05/26 11:00:00,A,NR,TOTAL,T,FI,1987-01-01,4925644.0,,
ESTAT:DEMO_PJAN(1.0),08/05/26 11:00:00,A,NR,TOTAL,T,FX,1987-01-01,55681780.0,,
ESTAT:DEMO_PJAN(1.0),08/05/26 11:00:00,A,NR,TOTAL,T,HR,1987-01-01,4731041.0,e,
ESTAT:DEMO_PJAN(1.0),08/05/26 11:00:00,A,NR,TOTAL,T,HU,1987-01-01,10621121.0,,
ESTAT:DEMO_PJAN(1.0),08/05/26 11:00:00,A,NR,TOTAL,T,IE,1987-01-01,3545263.0,,
ESTAT:DEMO_PJAN(1.0),08/05/26 11:00:00,A,NR,TOTAL,T,IS,1987-01-01,244157.0,,
ESTAT:DEMO_PJAN(1.0),08/05/26 11:00:00,A,NR,TOTAL,T,IT,1987-01-01,56594487.0,,
ESTAT:DEMO_PJAN(1.0),08/05/26 11:00:00,A,NR,TOTAL,T,LI,1987-01-01,27399.0,,
ESTAT:DEMO_PJAN(1.0),08/05/26 11:00:00,A,NR,TOTAL,T,LT,1987-01-01,3597439.0,,
ESTAT:DEMO_PJAN(1.0),08/05/26 11:00:00,A,NR,TOTAL,T,LU,1987-01-01,369500.0,,
ESTAT:DEMO_PJAN(1.0),08/05/26 11:00:00,A,NR,TOTAL,T,LV,1987-01-01,2612068.0,,
ESTAT:DEMO_PJAN(1.0),08/05/26 11:00:00,A,NR,TOTAL,T,MK,1987-01-01,2052953.0,,
ESTAT:DEMO_PJAN(1.0),08/05/26 11:00:00,A,NR,TOTAL,T,MT,1987-01-01,343334.0,,
ESTAT:DEMO_PJAN(1.0),08/05/26 11:00:00,A,NR,TOTAL,T,NL,1987-01-01,14615125.0,,
ESTAT:DEMO_PJAN(1.0),08/05/26 11:00:00,A,NR,TOTAL,T,NO,1987-01-01,4175521.0,,
ESTAT:DEMO_PJAN(1.0),08/05/26 11:00:00,A,NR,TOTAL,T,PL,1987-01-01,37571771.0,,
ESTAT:DEMO_PJAN(1.0),08/05/26 11:00:00,A,NR,TOTAL,T,PT,1987-01-01,10034846.0,,
ESTAT:DEMO_PJAN(1.0),08/05/26 11:00:00,A,NR,TOTAL,T,RO,1987-01-01,22895058.0,,
ESTAT:DEMO_PJAN(1.0),08/05/26 11:00:00,A,NR,TOTAL,T,SE,1987-01-01,8381519.0,,
ESTAT:DEMO_PJAN(1.0),08/05/26 11:00:00,A,NR,TOTAL,T,SI,1987-01-01,1985486.0,,
ESTAT:DEMO_PJAN(1.0),08/05/26 11:00:00,A,NR,TOTAL,T,SK,1987-01-01,5208708.0,,
ESTAT:DEMO_PJAN(1.0),08/05/26 11:00:00,A,NR,TOTAL,T,TR,1987-01-01,51791212.0,,
ESTAT:DEMO_PJAN(1.0),08/05/26 11:00:00,A,NR,TOTAL,T,UK,1987-01-01,56743897.0,,
ESTAT:DEMO_PJAN(1.0),08/05/26 11:00:00,A,NR,TOTAL,T,AD,1988-01-01,48451.0,,
ESTAT:DEMO_PJAN(1.0),08/05/26 11:00:00,A,NR,TOTAL,T,AL,1988-01-01,3115286.0,,
ESTAT:DEMO_PJAN(1.0),08/05/26 11:00:00,A,NR,TOTAL,T,AT,1988-01-01,7576319.0,,
ESTAT:DEMO_PJAN(1.0),08/05/26 11:00:00,A,NR,TOTAL,T,BA,1988-01-01,4421373.0,,
ESTAT:DEMO_PJAN(1.0),08/05/26 11:00:00,A,NR,TOTAL,T,BE,1988-01-01,9875716.0,,
ESTAT:DEMO_PJAN(1.0),08/05/26 11:00:00,A,NR,TOTAL,T,BG,1988-01-01,8976255.0,,
ESTAT:DEMO_PJAN(1.0),08/05/26 11:00:00,A,NR,TOTAL,T,CH,1988-01-01,6566799.0,,
ESTAT:DEMO_PJAN(1.0),08/05/26 11:00:00,A,NR,TOTAL,T,CY,1988-01-01,556584.0,,
ESTAT:DEMO_PJAN(1.0),08/05/26 11:00:00,A,NR,TOTAL,T,CZ,1988-01-01,10350517.0,,
ESTAT:DEMO_PJAN(1.0),08/05/26 11:00:00,A,NR,TOTAL,T,DE,1988-01-01,61238079.0,,
ESTAT:DEMO_PJAN(1.0),08/05/26 11:00:00,A,NR,TOTAL,T,DE_TOT,1988-01-01,77899502.0,,
ESTAT:DEMO_PJAN(1.0),08/05/26 11:00:00,A,NR,TOTAL,T,DK,1988-01-01,5129254.0,,
ESTAT:DEMO_PJAN(1.0),08/05/26 11:00:00,A,NR,TOTAL,T,EE,1988-01-01,1558137.0,,
ESTAT:DEMO_PJAN(1.0),08/05/26 11:00:00,A,NR,TOTAL,T,EEA30_2007,1988-01-01,471804259.0,,
ESTAT:DEMO_PJAN(1.0),08/05/26 11:00:00,A,NR,TOTAL,T,EEA31,1988-01-01,476552709.0,,
ESTAT:DEMO_PJAN(1.0),08/05/26 11:00:00,A,NR,TOTAL,T,EFTA,1988-01-01,11040363.0,,
ESTAT:DEMO_PJAN(1.0),08/05/26 11:00:00,A,NR,TOTAL,T,EL,1988-01-01,10015863.0,,
ESTAT:DEMO_PJAN(1.0),08/05/26 11:00:00,A,NR,TOTAL,T,ES,1988-01-01,38731578.0,,
ESTAT:DEMO_PJAN(1.0),08/05/26 11:00:00,A,NR,TOTAL,T,EU27_2007,1988-01-01,467330695.0,,
ESTAT:DEMO_PJAN(1.0),08/05/26 11:00:00,A,NR,TOTAL,T,EU27_2020,1988-01-01,415218942.0,,
ESTAT:DEMO_PJAN(1.0),08/05/26 11:00:00,A,NR,TOTAL,T,EU28,1988-01-01,472079145.0,,
ESTAT:DEMO_PJAN(1.0),08/05/26 11:00:00,A,NR,TOTAL,T,FI,1988-01-01,4938602.0,,
ESTAT:DEMO_PJAN(1.0),08/05/26 11:00:00,A,NR,TOTAL,T,FX,1988-01-01,55966142.0,,
ESTAT:DEMO_PJAN(1.0),08/05/26 11:00:00,A,NR,TOTAL,T,HR,1988-01-01,4748450.0,e,
ESTAT:DEMO_PJAN(1.0),08/05/26 11:00:00,A,NR,TOTAL,T,HU,1988-01-01,10604360.0,,
ESTAT:DEMO_PJAN(1.0),08/05/26 11:00:00,A,NR,TOTAL,T,IE,1988-01-01,3534850.0,,
ESTAT:DEMO_PJAN(1.0),08/05/26 11:00:00,A,NR,TOTAL,T,IS,1988-01-01,247561.0,,
ESTAT:DEMO_PJAN(1.0),08/05/26 11:00:00,A,NR,TOTAL,T,IT,1988-01-01,56609375.0,,
ESTAT:DEMO_PJAN(1.0),08/05/26 11:00:00,A,NR,TOTAL,T,LI,1988-01-01,27714.0,,
ESTAT:DEMO_PJAN(1.0),08/05/26 11:00:00,A,NR,TOTAL,T,LT,1988-01-01,3635295.0,,
ESTAT:DEMO_PJAN(1.0),08/05/26 11:00:00,A,NR,TOTAL,T,LU,1988-01-01,372000.0,,
ESTAT:DEMO_PJAN(1.0),08/05/26 11:00:00,A,NR,TOTAL,T,LV,1988-01-01,2641097.0,,
ESTAT:DEMO_PJAN(1.0),08/05/26 11:00:00,A,NR,TOTAL,T,MK,1988-01-01,2077056.0,,
ESTAT:DEMO_PJAN(1.0),08/05/26 11:00:00,A,NR,TOTAL,T,MT,1988-01-01,345636.0,,
ESTAT:DEMO_PJAN(1.0),08/05/26 11:00:00,A,NR,TOTAL,T,NL,1988-01-01,14714948.0,,
ESTAT:DEMO_PJAN(1.0),08/05/26 11:00:00,A,NR,TOTAL,T,NO,1988-01-01,4198289.0,,
ESTAT:DEMO_PJAN(1.0),08/05/26 11:00:00,A,NR,TOTAL,T,PL,1988-01-01,37764318.0,,
ESTAT:DEMO_PJAN(1.0),08/05/26 11:00:00,A,NR,TOTAL,T,PT,1988-01-01,10025215.0,,
ESTAT:DEMO_PJAN(1.0),08/05/26 11:00:00,A,NR,TOTAL,T,RO,1988-01-01,23003802.0,,
ESTAT:DEMO_PJAN(1.0),08/05/26 11:00:00,A,NR,TOTAL,T,SE,1988-01-01,8414089.0,,
ESTAT:DEMO_PJAN(1.0),08/05/26 11:00:00,A,NR,TOTAL,T,SI,1988-01-01,1994066.0,,
ESTAT:DEMO_PJAN(1.0),08/05/26 11:00:00,A,NR,TOTAL,T,SK,1988-01-01,5236972.0,,
ESTAT:DEMO_PJAN(1.0),08/05/26 11:00:00,A,NR,TOTAL,T,TR,1988-01-01,52953586.0,,
ESTAT:DEMO_PJAN(1.0),08/05/26 11:00:00,A,NR,TOTAL,T,UK,1988-01-01,56860203.0,,
ESTAT:DEMO_PJAN(1.0),08/05/26 11:00:00,A,NR,TOTAL,T,AD,1989-01-01,50528.0,,
ESTAT:DEMO_PJAN(1.0),08/05/26 11:00:00,A,NR,TOTAL,T,AL,1989-01-01,3169386.0,,
ESTAT:DEMO_PJAN(1.0),08/05/26 11:00:00,A,NR,TOTAL,T,AT,1989-01-01,7594315.0,,
ESTAT:DEMO_PJAN(1.0),08/05/26 11:00:00,A,NR,TOTAL,T,BA,1989-01-01,4461498.0,,
ESTAT:DEMO_PJAN(1.0),08/05/26 11:00:00,A,NR,TOTAL,T,BE,1989-01-01,9927612.0,,
ESTAT:DEMO_PJAN(1.0),08/05/26 11:00:00,A,NR,TOTAL,T,BG,1989-01-01,8986636.0,,
ESTAT:DEMO_PJAN(1.0),08/05/26 11:00:00,A,NR,TOTAL,T,CH,1989-01-01,6619973.0,,
ESTAT:DEMO_PJAN(1.0),08/05/26 11:00:00,A,NR,TOTAL,T,CY,1989-01-01,562693.0,,
ESTAT:DEMO_PJAN(1.0),08/05/26 11:00:00,A,NR,TOTAL,T,CZ,1989-01-01,10360034.0,,
ESTAT:DEMO_PJAN(1.0),08/05/26 11:00:00,A,NR,TOTAL,T,DE,1989-01-01,61715103.0,,
ESTAT:DEMO_PJAN(1.0),08/05/26 11:00:00,A,NR,TOTAL,T,DE_TOT,1989-01-01,78389735.0,,
ESTAT:DEMO_PJAN(1.0),08/05/26 11:00:00,A,NR,TOTAL,T,DK,1989-01-01,5129778.0,,
ESTAT:DEMO_PJAN(1.0),08/05/26 11:00:00,A,NR,TOTAL,T,EE,1989-01-01,1565662.0,,
ESTAT:DEMO_PJAN(1.0),08/05/26 11:00:00,A,NR,TOTAL,T,EEA30_2007,1989-01-01,473450476.0,,
ESTAT:DEMO_PJAN(1.0),08/05/26 11:00:00,A,NR,TOTAL,T,EEA31,1989-01-01,478212441.0,,
ESTAT:DEMO_PJAN(1.0),08/05/26 11:00:00,A,NR,TOTAL,T,EFTA,1989-01-01,11120759.0,,
ESTAT:DEMO_PJAN(1.0),08/05/26 11:00:00,A,NR,TOTAL,T,EL,1989-01-01,10058103.0,,
ESTAT:DEMO_PJAN(1.0),08/05/26 11:00:00,A,NR,TOTAL,T,ES,1989-01-01,38802300.0,,
ESTAT:DEMO_PJAN(1.0),08/05/26 11:00:00,A,NR,TOTAL,T,EU27_2007,1989-01-01,468949690.0,,
ESTAT:DEMO_PJAN(1.0),08/05/26 11:00:00,A,NR,TOTAL,T,EU27_2020,1989-01-01,416715205.0,,
ESTAT:DEMO_PJAN(1.0),08/05/26 11:00:00,A,NR,TOTAL,T,EU28,1989-01-01,473711655.0,,
ESTAT:DEMO_PJAN(1.0),08/05/26 11:00:00,A,NR,TOTAL,T,FI,1989-01-01,4954359.0,,
ESTAT:DEMO_PJAN(1.0),08/05/26 11:00:00,A,NR,TOTAL,T,FX,1989-01-01,56269810.0,,
ESTAT:DEMO_PJAN(1.0),08/05/26 11:00:00,A,NR,TOTAL,T,HR,1989-01-01,4761965.0,e,
ESTAT:DEMO_PJAN(1.0),08/05/26 11:00:00,A,NR,TOTAL,T,HU,1989-01-01,10588614.0,,
ESTAT:DEMO_PJAN(1.0),08/05/26 11:00:00,A,NR,TOTAL,T,IE,1989-01-01,3515048.0,,
ESTAT:DEMO_PJAN(1.0),08/05/26 11:00:00,A,NR,TOTAL,T,IS,1989-01-01,251919.0,,
ESTAT:DEMO_PJAN(1.0),08/05/26 11:00:00,A,NR,TOTAL,T,IT,1989-01-01,56649201.0,,
ESTAT:DEMO_PJAN(1.0),08/05/26 11:00:00,A,NR,TOTAL,T,LI,1989-01-01,28181.0,,
ESTAT:DEMO_PJAN(1.0),08/05/26 11:00:00,A,NR,TOTAL,T,LT,1989-01-01,3674802.0,,
ESTAT:DEMO_PJAN(1.0),08/05/26 11:00:00,A,NR,TOTAL,T,LU,1989-01-01,374900.0,,
ESTAT:DEMO_PJAN(1.0),08/05/26 11:00:00,A,NR,TOTAL,T,LV,1989-01-01,2665770.0,,
ESTAT:DEMO_PJAN(1.0),08/05/26 11:00:00,A,NR,TOTAL,T,MK,1989-01-01,2100246.0,,
ESTAT:DEMO_PJAN(1.0),08/05/26 11:00:00,A,NR,TOTAL,T,MT,1989-01-01,349014.0,,
ESTAT:DEMO_PJAN(1.0),08/05/26 11:00:00,A,NR,TOTAL,T,NL,1989-01-01,14805240.0,,
ESTAT:DEMO_PJAN(1.0),08/05/26 11:00:00,A,NR,TOTAL,T,NO,1989-01-01,4220686.0,,
ESTAT:DEMO_PJAN(1.0),08/05/26 11:00:00,A,NR,TOTAL,T,PL,1989-01-01,37884655.0,,
ESTAT:DEMO_PJAN(1.0),08/05/26 11:00:00,A,NR,TOTAL,T,PT,1989-01-01,10014005.0,,
ESTAT:DEMO_PJAN(1.0),08/05/26 11:00:00,A,NR,TOTAL,T,RO,1989-01-01,23111521.0,,
ESTAT:DEMO_PJAN(1.0),08/05/26 11:00:00,A,NR,TOTAL,T,SE,1989-01-01,8458888.0,,
ESTAT:DEMO_PJAN(1.0),08/05/26 11:00:00,A,NR,TOTAL,T,SI,1989-01-01,1996325.0,,
ESTAT:DEMO_PJAN(1.0),08/05/26 11:00:00,A,NR,TOTAL,T,SK,1989-01-01,5264220.0,,
ESTAT:DEMO_PJAN(1.0),08/05/26 11:00:00,A,NR,TOTAL,T,TR,1989-01-01,54186642.0,,
ESTAT:DEMO_PJAN(1.0),08/05/26 11:00:00,A,NR,TOTAL,T,UK,1989-01-01,56996450.0,,
ESTAT:DEMO_PJAN(1.0),08/05/26 11:00:00,A,NR,TOTAL,T,AD,1990-01-01,50887.0,,
ESTAT:DEMO_PJAN(1.0),08/05/26 11:00:00,A,NR,TOTAL,T,AL,1990-01-01,3286500.0,,
ESTAT:DEMO_PJAN(1.0),08/05/26 11:00:00,A,NR,TOTAL,T,AT,1990-01-01,7644818.0,,
ESTAT:DEMO_PJAN(1.0),08/05/26 11:00:00,A,NR,TOTAL,T,BA,1990-01-01,4499203.0,,
ESTAT:DEMO_PJAN(1.0),08/05/26 11:00:00,A,NR,TOTAL,T,BE,1990-01-01,9947782.0,,
ESTAT:DEMO_PJAN(1.0),08/05/26 11:00:00,A,NR,TOTAL,T,BG,1990-01-01,8767308.0,,
ESTAT:DEMO_PJAN(1.0),08/05/26 11:00:00,A,NR,TOTAL,T,CH,1990-01-01,6673850.0,,
ESTAT:DEMO_PJAN(1.0),08/05/26 11:00:00,A,NR,TOTAL,T,CY,1990-01-01,572655.0,,
ESTAT:DEMO_PJAN(1.0),08/05/26 11:00:00,A,NR,TOTAL,T,CZ,1990-01-01,10362102.0,,
ESTAT:DEMO_PJAN(1.0),08/05/26 11:00:00,A,NR,TOTAL,T,DE,1990-01-01,62679035.0,,
ESTAT:DEMO_PJAN(1.0),08/05/26 11:00:00,A,NR,TOTAL,T,DE_TOT,1990-01-01,79112831.0,,
ESTAT:DEMO_PJAN(1.0),08/05/26 11:00:00,A,NR,TOTAL,T,DK,1990-01-01,5135409.0,,
ESTAT:DEMO_PJAN(1.0),08/05/26 11:00:00,A,NR,TOTAL,T,EE,1990-01-01,1570599.0,,
ESTAT:DEMO_PJAN(1.0),08/05/26 11:00:00,A,NR,TOTAL,T,EEA30_2007,1990-01-01,474930508.0,,
ESTAT:DEMO_PJAN(1.0),08/05/26 11:00:00,A,NR,TOTAL,T,EEA31,1990-01-01,479703064.0,,
ESTAT:DEMO_PJAN(1.0),08/05/26 11:00:00,A,NR,TOTAL,T,EFTA,1990-01-01,11189203.0,,
ESTAT:DEMO_PJAN(1.0),08/05/26 11:00:00,A,NR,TOTAL,T,EL,1990-01-01,10120892.0,,
ESTAT:DEMO_PJAN(1.0),08/05/26 11:00:00,A,NR,TOTAL,T,ES,1990-01-01,38853227.0,,
ESTAT:DEMO_PJAN(1.0),08/05/26 11:00:00,A,NR,TOTAL,T,EU27_2007,1990-01-01,470415155.0,,
ESTAT:DEMO_PJAN(1.0),08/05/26 11:00:00,A,NR,TOTAL,T,EU27_2020,1990-01-01,418030739.0,,
ESTAT:DEMO_PJAN(1.0),08/05/26 11:00:00,A,NR,TOTAL,T,EU28,1990-01-01,475187711.0,,
ESTAT:DEMO_PJAN(1.0),08/05/26 11:00:00,A,NR,TOTAL,T,FI,1990-01-01,4974383.0,,
ESTAT:DEMO_PJAN(1.0),08/05/26 11:00:00,A,NR,TOTAL,T,FX,1990-01-01,56577000.0,,
ESTAT:DEMO_PJAN(1.0),08/05/26 11:00:00,A,NR,TOTAL,T,HR,1990-01-01,4772556.0,e,
ESTAT:DEMO_PJAN(1.0),08/05/26 11:00:00,A,NR,TOTAL,T,HU,1990-01-01,10374823.0,,
ESTAT:DEMO_PJAN(1.0),08/05/26 11:00:00,A,NR,TOTAL,T,IE,1990-01-01,3506970.0,,
ESTAT:DEMO_PJAN(1.0),08/05/26 11:00:00,A,NR,TOTAL,T,IS,1990-01-01,253785.0,,
ESTAT:DEMO_PJAN(1.0),08/05/26 11:00:00,A,NR,TOTAL,T,IT,1990-01-01,56694360.0,,
ESTAT:DEMO_PJAN(1.0),08/05/26 11:00:00,A,NR,TOTAL,T,LI,1990-01-01,28452.0,,
ESTAT:DEMO_PJAN(1.0),08/05/26 11:00:00,A,NR,TOTAL,T,LT,1990-01-01,3693708.0,,
ESTAT:DEMO_PJAN(1.0),08/05/26 11:00:00,A,NR,TOTAL,T,LU,1990-01-01,379300.0,,
ESTAT:DEMO_PJAN(1.0),08/05/26 11:00:00,A,NR,TOTAL,T,LV,1990-01-01,2668140.0,,
ESTAT:DEMO_PJAN(1.0),08/05/26 11:00:00,A,NR,TOTAL,T,MK,1990-01-01,1873109.0,,
ESTAT:DEMO_PJAN(1.0),08/05/26 11:00:00,A,NR,TOTAL,T,MT,1990-01-01,352430.0,,
ESTAT:DEMO_PJAN(1.0),08/05/26 11:00:00,A,NR,TOTAL,T,NL,1990-01-01,14892574.0,,
ESTAT:DEMO_PJAN(1.0),08/05/26 11:00:00,A,NR,TOTAL,T,NO,1990-01-01,4233116.0,,
ESTAT:DEMO_PJAN(1.0),08/05/26 11:00:00,A,NR,TOTAL,T,PL,1990-01-01,38038403.0,,
ESTAT:DEMO_PJAN(1.0),08/05/26 11:00:00,A,NR,TOTAL,T,PT,1990-01-01,9995995.0,,
ESTAT:DEMO_PJAN(1.0),08/05/26 11:00:00,A,NR,TOTAL,T,RO,1990-01-01,23211395.0,,
ESTAT:DEMO_PJAN(1.0),08/05/26 11:00:00,A,NR,TOTAL,T,SE,1990-01-01,8527039.0,,
ESTAT:DEMO_PJAN(1.0),08/05/26 11:00:00,A,NR,TOTAL,T,SI,1990-01-01,1996377.0,,
ESTAT:DEMO_PJAN(1.0),08/05/26 11:00:00,A,NR,TOTAL,T,SK,1990-01-01,5287663.0,,
ESTAT:DEMO_PJAN(1.0),08/05/26 11:00:00,A,NR,TOTAL,T,TR,1990-01-01,55494711.0,,
ESTAT:DEMO_PJAN(1.0),08/05/26 11:00:00,A,NR,TOTAL,T,UK,1990-01-01,57156972.0,,
ESTAT:DEMO_PJAN(1.0),08/05/26 11:00:00,A,NR,TOTAL,T,AD,1991-01-01,54507.0,,
ESTAT:DEMO_PJAN(1.0),08/05/26 11:00:00,A,NR,TOTAL,T,AL,1991-01-01,3259814.0,,
ESTAT:DEMO_PJAN(1.0),08/05/26 11:00:00,A,NR,TOTAL,T,AT,1991-01-01,7710882.0,,
ESTAT:DEMO_PJAN(1.0),08/05/26 11:00:00,A,NR,TOTAL,T,BA,1991-01-01,4517921.0,,
ESTAT:DEMO_PJAN(1.0),08/05/26 11:00:00,A,NR,TOTAL,T,BE,1991-01-01,9986975.0,,
ESTAT:DEMO_PJAN(1.0),08/05/26 11:00:00,A,NR,TOTAL,T,BG,1991-01-01,8669269.0,,
ESTAT:DEMO_PJAN(1.0),08/05/26 11:00:00,A,NR,TOTAL,T,CH,1991-01-01,6757188.0,,
ESTAT:DEMO_PJAN(1.0),08/05/26 11:00:00,A,NR,TOTAL,T,CY,1991-01-01,587141.0,,
ESTAT:DEMO_PJAN(1.0),08/05/26 11:00:00,A,NR,TOTAL,T,CZ,1991-01-01,10304607.0,,
ESTAT:DEMO_PJAN(1.0),08/05/26 11:00:00,A,NR,TOTAL,T,DE,1991-01-01,79753227.0,,
ESTAT:DEMO_PJAN(1.0),08/05/26 11:00:00,A,NR,TOTAL,T,DE_TOT,1991-01-01,79753227.0,,
ESTAT:DEMO_PJAN(1.0),08/05/26 11:00:00,A,NR,TOTAL,T,DK,1991-01-01,5146469.0,,
ESTAT:DEMO_PJAN(1.0),08/05/26 11:00:00,A,NR,TOTAL,T,EE,1991-01-01,1567749.0,,
ESTAT:DEMO_PJAN(1.0),08/05/26 11:00:00,A,NR,TOTAL,T,EEA30_2007,1991-01-01,476594784.0,b,
ESTAT:DEMO_PJAN(1.0),08/05/26 11:00:00,A,NR,TOTAL,T,EEA31,1991-01-01,481376963.0,be,
ESTAT:DEMO_PJAN(1.0),08/05/26 11:00:00,A,NR,TOTAL,T,EFTA,1991-01-01,11291916.0,,
ESTAT:DEMO_PJAN(1.0),08/05/26 11:00:00,A,NR,TOTAL,T,EL,1991-01-01,10272691.0,,
ESTAT:DEMO_PJAN(1.0),08/05/26 11:00:00,A,NR,TOTAL,T,ES,1991-01-01,38881416.0,,
ESTAT:DEMO_PJAN(1.0),08/05/26 11:00:00,A,NR,TOTAL,T,EU27_2007,1991-01-01,472060056.0,b,
ESTAT:DEMO_PJAN(1.0),08/05/26 11:00:00,A,NR,TOTAL,T,EU27_2020,1991-01-01,419504036.0,be,
ESTAT:DEMO_PJAN(1.0),08/05/26 11:00:00,A,NR,TOTAL,T,EU28,1991-01-01,476842235.0,be,
ESTAT:DEMO_PJAN(1.0),08/05/26 11:00:00,A,NR,TOTAL,T,FI,1991-01-01,4998478.0,,
ESTAT:DEMO_PJAN(1.0),08/05/26 11:00:00,A,NR,TOTAL,T,FR,1991-01-01,58313439.0,,
ESTAT:DEMO_PJAN(1.0),08/05/26 11:00:00,A,NR,TOTAL,T,FX,1991-01-01,56840661.0,,
ESTAT:DEMO_PJAN(1.0),08/05/26 11:00:00,A,NR,TOTAL,T,HR,1991-01-01,4782179.0,e,
ESTAT:DEMO_PJAN(1.0),08/05/26 11:00:00,A,NR,TOTAL,T,HU,1991-01-01,10373153.0,,
ESTAT:DEMO_PJAN(1.0),08/05/26 11:00:00,A,NR,TOTAL,T,IE,1991-01-01,3520977.0,,
ESTAT:DEMO_PJAN(1.0),08/05/26 11:00:00,A,NR,TOTAL,T,IS,1991-01-01,255866.0,,
ESTAT:DEMO_PJAN(1.0),08/05/26 11:00:00,A,NR,TOTAL,T,IT,1991-01-01,56744119.0,,
ESTAT:DEMO_PJAN(1.0),08/05/26 11:00:00,A,NR,TOTAL,T,LI,1991-01-01,29032.0,,
ESTAT:DEMO_PJAN(1.0),08/05/26 11:00:00,A,NR,TOTAL,T,LT,1991-01-01,3701968.0,,
ESTAT:DEMO_PJAN(1.0),08/05/26 11:00:00,A,NR,TOTAL,T,LU,1991-01-01,384400.0,,
ESTAT:DEMO_PJAN(1.0),08/05/26 11:00:00,A,NR,TOTAL,T,LV,1991-01-01,2658161.0,,
ESTAT:DEMO_PJAN(1.0),08/05/26 11:00:00,A,NR,TOTAL,T,MK,1991-01-01,1890872.0,,
ESTAT:DEMO_PJAN(1.0),08/05/26 11:00:00,A,NR,TOTAL,T,MT,1991-01-01,361908.0,b,
ESTAT:DEMO_PJAN(1.0),08/05/26 11:00:00,A,NR,TOTAL,T,NL,1991-01-01,15010445.0,,
ESTAT:DEMO_PJAN(1.0),08/05/26 11:00:00,A,NR,TOTAL,T,NO,1991-01-01,4249830.0,,
ESTAT:DEMO_PJAN(1.0),08/05/26 11:00:00,A,NR,TOTAL,T,PL,1991-01-01,38183160.0,,
ESTAT:DEMO_PJAN(1.0),08/05/26 11:00:00,A,NR,TOTAL,T,PT,1991-01-01,9970441.0,,
ESTAT:DEMO_PJAN(1.0),08/05/26 11:00:00,A,NR,TOTAL,T,RO,1991-01-01,23192274.0,,
ESTAT:DEMO_PJAN(1.0),08/05/26 11:00:00,A,NR,TOTAL,T,SE,1991-01-01,8590630.0,,
ESTAT:DEMO_PJAN(1.0),08/05/26 11:00:00,A,NR,TOTAL,T,SI,1991-01-01,1999945.0,,
ESTAT:DEMO_PJAN(1.0),08/05/26 11:00:00,A,NR,TOTAL,T,SK,1991-01-01,5310711.0,,
ESTAT:DEMO_PJAN(1.0),08/05/26 11:00:00,A,NR,TOTAL,T,TR,1991-01-01,56714051.0,,
ESTAT:DEMO_PJAN(1.0),08/05/26 11:00:00,A,NR,TOTAL,T,UK,1991-01-01,57338199.0,,
ESTAT:DEMO_PJAN(1.0),08/05/26 11:00:00,A,NR,TOTAL,T,AD,1992-01-01,59048.0,,
ESTAT:DEMO_PJAN(1.0),08/05/26 11:00:00,A,NR,TOTAL,T,AL,1992-01-01,3190103.0,,
ESTAT:DEMO_PJAN(1.0),08/05/26 11:00:00,A,NR,TOTAL,T,AT,1992-01-01,7798899.0,,
ESTAT:DEMO_PJAN(1.0),08/05/26 11:00:00,A,NR,TOTAL,T,BE,1992-01-01,10021997.0,,
ESTAT:DEMO_PJAN(1.0),08/05/26 11:00:00,A,NR,TOTAL,T,BG,1992-01-01,8595465.0,,
ESTAT:DEMO_PJAN(1.0),08/05/26 11:00:00,A,NR,TOTAL,T,CH,1992-01-01,6842768.0,,
ESTAT:DEMO_PJAN(1.0),08/05/26 11:00:00,A,NR,TOTAL,T,CY,1992-01-01,603069.0,,
ESTAT:DEMO_PJAN(1.0),08/05/26 11:00:00,A,NR,TOTAL,T,CZ,1992-01-01,10312548.0,,
ESTAT:DEMO_PJAN(1.0),08/05/26 11:00:00,A,NR,TOTAL,T,DE,1992-01-01,80274564.0,,
ESTAT:DEMO_PJAN(1.0),08/05/26 11:00:00,A,NR,TOTAL,T,DE_TOT,1992-01-01,80274564.0,,
ESTAT:DEMO_PJAN(1.0),08/05/26 11:00:00,A,NR,TOTAL,T,DK,1992-01-01,5162126.0,,
ESTAT:DEMO_PJAN(1.0),08/05/26 11:00:00,A,NR,TOTAL,T,EE,1992-01-01,1554878.0,,
ESTAT:DEMO_PJAN(1.0),08/05/26 11:00:00,A,NR,TOTAL,T,EEA30_2007,1992-01-01,477892012.0,,
ESTAT:DEMO_PJAN(1.0),08/05/26 11:00:00,A,NR,TOTAL,T,EEA31,1992-01-01,482487877.0,e,
ESTAT:DEMO_PJAN(1.0),08/05/26 11:00:00,A,NR,TOTAL,T,EFTA,1992-01-01,11405515.0,,
ESTAT:DEMO_PJAN(1.0),08/05/26 11:00:00,A,NR,TOTAL,T,EL,1992-01-01,10367163.0,,
ESTAT:DEMO_PJAN(1.0),08/05/26 11:00:00,A,NR,TOTAL,T,ES,1992-01-01,39051336.0,,
ESTAT:DEMO_PJAN(1.0),08/05/26 11:00:00,A,NR,TOTAL,T,EU27_2007,1992-01-01,473329265.0,,
ESTAT:DEMO_PJAN(1.0),08/05/26 11:00:00,A,NR,TOTAL,T,EU27_2020,1992-01-01,420413536.0,e,
ESTAT:DEMO_PJAN(1.0),08/05/26 11:00:00,A,NR,TOTAL,T,EU28,1992-01-01,477925130.0,e,
ESTAT:DEMO_PJAN(1.0),08/05/26 11:00:00,A,NR,TOTAL,T,FI,1992-01-01,5029002.0,,
ESTAT:DEMO_PJAN(1.0),08/05/26 11:00:00,A,NR,TOTAL,T,FR,1992-01-01,58604851.0,,
ESTAT:DEMO_PJAN(1.0),08/05/26 11:00:00,A,NR,TOTAL,T,FX,1992-01-01,57110533.0,,
ESTAT:DEMO_PJAN(1.0),08/05/26 11:00:00,A,NR,TOTAL,T,HR,1992-01-01,4595865.0,e,
ESTAT:DEMO_PJAN(1.0),08/05/26 11:00:00,A,NR,TOTAL,T,HU,1992-01-01,10373647.0,,
ESTAT:DEMO_PJAN(1.0),08/05/26 11:00:00,A,NR,TOTAL,T,IE,1992-01-01,3547492.0,,
ESTAT:DEMO_PJAN(1.0),08/05/26 11:00:00,A,NR,TOTAL,T,IS,1992-01-01,259727.0,,
ESTAT:DEMO_PJAN(1.0),08/05/26 11:00:00,A,NR,TOTAL,T,IT,1992-01-01,56772923.0,,
ESTAT:DEMO_PJAN(1.0),08/05/26 11:00:00,A,NR,TOTAL,T,LI,1992-01-01,29386.0,,
ESTAT:DEMO_PJAN(1.0),08/05/26 11:00:00,A,NR,TOTAL,T,LT,1992-01-01,3706299.0,,
ESTAT:DEMO_PJAN(1.0),08/05/26 11:00:00,A,NR,TOTAL,T,LU,1992-01-01,389600.0,,
ESTAT:DEMO_PJAN(1.0),08/05/26 11:00:00,A,NR,TOTAL,T,LV,1992-01-01,2643000.0,,
ESTAT:DEMO_PJAN(1.0),08/05/26 11:00:00,A,NR,TOTAL,T,MK,1992-01-01,1908941.0,,
ESTAT:DEMO_PJAN(1.0),08/05/26 11:00:00,A,NR,TOTAL,T,MT,1992-01-01,365781.0,,
ESTAT:DEMO_PJAN(1.0),08/05/26 11:00:00,A,NR,TOTAL,T,NL,1992-01-01,15129150.0,,
ESTAT:DEMO_PJAN(1.0),08/05/26 11:00:00,A,NR,TOTAL,T,NO,1992-01-01,4273634.0,,
ESTAT:DEMO_PJAN(1.0),08/05/26 11:00:00,A,NR,TOTAL,T,PL,1992-01-01,38309226.0,,
ESTAT:DEMO_PJAN(1.0),08/05/26 11:00:00,A,NR,TOTAL,T,PT,1992-01-01,9950029.0,,
ESTAT:DEMO_PJAN(1.0),08/05/26 11:00:00,A,NR,TOTAL,T,RO,1992-01-01,22810035.0,,
ESTAT:DEMO_PJAN(1.0),08/05/26 11:00:00,A,NR,TOTAL,T,SE,1992-01-01,8644120.0,,
ESTAT:DEMO_PJAN(1.0),08/05/26 11:00:00,A,NR,TOTAL,T,SI,1992-01-01,1998912.0,,
ESTAT:DEMO_PJAN(1.0),08/05/26 11:00:00,A,NR,TOTAL,T,SK,1992-01-01,5295877.0,,
ESTAT:DEMO_PJAN(1.0),08/05/26 11:00:00,A,NR,TOTAL,T,TR,1992-01-01,57835076.0,,
ESTAT:DEMO_PJAN(1.0),08/05/26 11:00:00,A,NR,TOTAL,T,UK,1992-01-01,57511594.0,,
ESTAT:DEMO_PJAN(1.0),08/05/26 11:00:00,A,NR,TOTAL,T,AD,1993-01-01,61599.0,,
ESTAT:DEMO_PJAN(1.0),08/05/26 11:00:00,A,NR,TOTAL,T,AL,1993-01-01,3167478.0,,
ESTAT:DEMO_PJAN(1.0),08/05/26 11:00:00,A,NR,TOTAL,T,AT,1993-01-01,7882519.0,,
ESTAT:DEMO_PJAN(1.0),08/05/26 11:00:00,A,NR,TOTAL,T,BE,1993-01-01,10068319.0,,
ESTAT:DEMO_PJAN(1.0),08/05/26 11:00:00,A,NR,TOTAL,T,BG,1993-01-01,8484863.0,,
ESTAT:DEMO_PJAN(1.0),08/05/26 11:00:00,A,NR,TOTAL,T,CH,1993-01-01,6907959.0,,
ESTAT:DEMO_PJAN(1.0),08/05/26 11:00:00,A,NR,TOTAL,T,CY,1993-01-01,619231.0,,
ESTAT:DEMO_PJAN(1.0),08/05/26 11:00:00,A,NR,TOTAL,T,CZ,1993-01-01,10325697.0,,
ESTAT:DEMO_PJAN(1.0),08/05/26 11:00:00,A,NR,TOTAL,T,DE,1993-01-01,80974632.0,,
ESTAT:DEMO_PJAN(1.0),08/05/26 11:00:00,A,NR,TOTAL,T,DE_TOT,1993-01-01,80974632.0,,
ESTAT:DEMO_PJAN(1.0),08/05/26 11:00:00,A,NR,TOTAL,T,DK,1993-01-01,5180614.0,,
ESTAT:DEMO_PJAN(1.0),08/05/26 11:00:00,A,NR,TOTAL,T,EE,1993-01-01,1511303.0,,
ESTAT:DEMO_PJAN(1.0),08/05/26 11:00:00,A,NR,TOTAL,T,EEA30_2007,1993-01-01,479597438.0,,
ESTAT:DEMO_PJAN(1.0),08/05/26 11:00:00,A,NR,TOTAL,T,EEA31,1993-01-01,484153209.0,e,
ESTAT:DEMO_PJAN(1.0),08/05/26 11:00:00,A,NR,TOTAL,T,EFTA,1993-01-01,11499380.0,,
ESTAT:DEMO_PJAN(1.0),08/05/26 11:00:00,A,NR,TOTAL,T,EL,1993-01-01,10430958.0,,
ESTAT:DEMO_PJAN(1.0),08/05/26 11:00:00,A,NR,TOTAL,T,ES,1993-01-01,39264034.0,,
ESTAT:DEMO_PJAN(1.0),08/05/26 11:00:00,A,NR,TOTAL,T,EU27_2007,1993-01-01,475006017.0,,
ESTAT:DEMO_PJAN(1.0),08/05/26 11:00:00,A,NR,TOTAL,T,EU27_2020,1993-01-01,421912578.0,e,
ESTAT:DEMO_PJAN(1.0),08/05/26 11:00:00,A,NR,TOTAL,T,EU28,1993-01-01,479561788.0,e,
ESTAT:DEMO_PJAN(1.0),08/05/26 11:00:00,A,NR,TOTAL,T,FI,1993-01-01,5054982.0,,
ESTAT:DEMO_PJAN(1.0),08/05/26 11:00:00,A,NR,TOTAL,T,FR,1993-01-01,58885929.0,,
ESTAT:DEMO_PJAN(1.0),08/05/26 11:00:00,A,NR,TOTAL,T,FX,1993-01-01,57369161.0,,
ESTAT:DEMO_PJAN(1.0),08/05/26 11:00:00,A,NR,TOTAL,T,HR,1993-01-01,4555771.0,e,
ESTAT:DEMO_PJAN(1.0),08/05/26 11:00:00,A,NR,TOTAL,T,HU,1993-01-01,10365035.0,,
ESTAT:DEMO_PJAN(1.0),08/05/26 11:00:00,A,NR,TOTAL,T,IE,1993-01-01,3569367.0,,
ESTAT:DEMO_PJAN(1.0),08/05/26 11:00:00,A,NR,TOTAL,T,IS,1993-01-01,262386.0,,
ESTAT:DEMO_PJAN(1.0),08/05/26 11:00:00,A,NR,TOTAL,T,IT,1993-01-01,56821250.0,,
ESTAT:DEMO_PJAN(1.0),08/05/26 11:00:00,A,NR,TOTAL,T,LI,1993-01-01,29868.0,,
ESTAT:DEMO_PJAN(1.0),08/05/26 11:00:00,A,NR,TOTAL,T,LT,1993-01-01,3693929.0,,
ESTAT:DEMO_PJAN(1.0),08/05/26 11:00:00,A,NR,TOTAL,T,LU,1993-01-01,394750.0,,
ESTAT:DEMO_PJAN(1.0),08/05/26 11:00:00,A,NR,TOTAL,T,LV,1993-01-01,2585675.0,,
ESTAT:DEMO_PJAN(1.0),08/05/26 11:00:00,A,NR,TOTAL,T,MK,1993-01-01,2061000.0,,
ESTAT:DEMO_PJAN(1.0),08/05/26 11:00:00,A,NR,TOTAL,T,MT,1993-01-01,369455.0,,
ESTAT:DEMO_PJAN(1.0),08/05/26 11:00:00,A,NR,TOTAL,T,NL,1993-01-01,15239182.0,,
ESTAT:DEMO_PJAN(1.0),08/05/26 11:00:00,A,NR,TOTAL,T,NO,1993-01-01,4299167.0,,
ESTAT:DEMO_PJAN(1.0),08/05/26 11:00:00,A,NR,TOTAL,T,PL,1993-01-01,38418108.0,,
ESTAT:DEMO_PJAN(1.0),08/05/26 11:00:00,A,NR,TOTAL,T,PT,1993-01-01,9954958.0,,
ESTAT:DEMO_PJAN(1.0),08/05/26 11:00:00,A,NR,TOTAL,T,RO,1993-01-01,22778533.0,,
ESTAT:DEMO_PJAN(1.0),08/05/26 11:00:00,A,NR,TOTAL,T,SE,1993-01-01,8692013.0,,
ESTAT:DEMO_PJAN(1.0),08/05/26 11:00:00,A,NR,TOTAL,T,SI,1993-01-01,1994084.0,,
ESTAT:DEMO_PJAN(1.0),08/05/26 11:00:00,A,NR,TOTAL,T,SK,1993-01-01,5314155.0,,
ESTAT:DEMO_PJAN(1.0),08/05/26 11:00:00,A,NR,TOTAL,T,TR,1993-01-01,58958565.0,,
ESTAT:DEMO_PJAN(1.0),08/05/26 11:00:00,A,NR,TOTAL,T,UK,1993-01-01,57649210.0,,
ESTAT:DEMO_PJAN(1.0),08/05/26 11:00:00,A,NR,TOTAL,T,AD,1994-01-01,65226.0,,
ESTAT:DEMO_PJAN(1.0),08/05/26 11:00:00,A,NR,TOTAL,T,AL,1994-01-01,3220310.0,,
ESTAT:DEMO_PJAN(1.0),08/05/26 11:00:00,A,NR,TOTAL,T,AT,1994-01-01,7928746.0,,
ESTAT:DEMO_PJAN(1.0),08/05/26 11:00:00,A,NR,TOTAL,T,BE,1994-01-01,10100631.0,,
ESTAT:DEMO_PJAN(1.0),08/05/26 11:00:00,A,NR,TOTAL,T,BG,1994-01-01,8459763.0,,
ESTAT:DEMO_PJAN(1.0),08/05/26 11:00:00,A,NR,TOTAL,T,CH,1994-01-01,6968570.0,,
ESTAT:DEMO_PJAN(1.0),08/05/26 11:00:00,A,NR,TOTAL,T,CY,1994-01-01,632944.0,,
ESTAT:DEMO_PJAN(1.0),08/05/26 11:00:00,A,NR,TOTAL,T,CZ,1994-01-01,10334013.0,,
ESTAT:DEMO_PJAN(1.0),08/05/26 11:00:00,A,NR,TOTAL,T,DE,1994-01-01,81338093.0,,
ESTAT:DEMO_PJAN(1.0),08/05/26 11:00:00,A,NR,TOTAL,T,DE_TOT,1994-01-01,81338093.0,,
ESTAT:DEMO_PJAN(1.0),08/05/26 11:00:00,A,NR,TOTAL,T,DK,1994-01-01,5196642.0,,
ESTAT:DEMO_PJAN(1.0),08/05/26 11:00:00,A,NR,TOTAL,T,EE,1994-01-01,1476952.0,,
ESTAT:DEMO_PJAN(1.0),08/05/26 11:00:00,A,NR,TOTAL,T,EEA30_2007,1994-01-01,480868037.0,,
ESTAT:DEMO_PJAN(1.0),08/05/26 11:00:00,A,NR,TOTAL,T,EEA31,1994-01-01,485513192.0,e,
ESTAT:DEMO_PJAN(1.0),08/05/26 11:00:00,A,NR,TOTAL,T,EFTA,1994-01-01,11588759.0,,
ESTAT:DEMO_PJAN(1.0),08/05/26 11:00:00,A,NR,TOTAL,T,EL,1994-01-01,10489871.0,,
ESTAT:DEMO_PJAN(1.0),08/05/26 11:00:00,A,NR,TOTAL,T,ES,1994-01-01,39458489.0,,
ESTAT:DEMO_PJAN(1.0),08/05/26 11:00:00,A,NR,TOTAL,T,EU27_2007,1994-01-01,476247848.0,,
ESTAT:DEMO_PJAN(1.0),08/05/26 11:00:00,A,NR,TOTAL,T,EU27_2020,1994-01-01,423104986.0,e,
ESTAT:DEMO_PJAN(1.0),08/05/26 11:00:00,A,NR,TOTAL,T,EU28,1994-01-01,480893003.0,e,
ESTAT:DEMO_PJAN(1.0),08/05/26 11:00:00,A,NR,TOTAL,T,FI,1994-01-01,5077912.0,,
ESTAT:DEMO_PJAN(1.0),08/05/26 11:00:00,A,NR,TOTAL,T,FR,1994-01-01,59104320.0,,
ESTAT:DEMO_PJAN(1.0),08/05/26 11:00:00,A,NR,TOTAL,T,FX,1994-01-01,57565008.0,,
ESTAT:DEMO_PJAN(1.0),08/05/26 11:00:00,A,NR,TOTAL,T,HR,1994-01-01,4645155.0,e,
ESTAT:DEMO_PJAN(1.0),08/05/26 11:00:00,A,NR,TOTAL,T,HU,1994-01-01,10350010.0,,
ESTAT:DEMO_PJAN(1.0),08/05/26 11:00:00,A,NR,TOTAL,T,IE,1994-01-01,3583154.0,,
ESTAT:DEMO_PJAN(1.0),08/05/26 11:00:00,A,NR,TOTAL,T,IS,1994-01-01,265064.0,,
ESTAT:DEMO_PJAN(1.0),08/05/26 11:00:00,A,NR,TOTAL,T,IT,1994-01-01,56842392.0,,
ESTAT:DEMO_PJAN(1.0),08/05/26 11:00:00,A,NR,TOTAL,T,LI,1994-01-01,30310.0,,
ESTAT:DEMO_PJAN(1.0),08/05/26 11:00:00,A,NR,TOTAL,T,LT,1994-01-01,3671296.0,,
ESTAT:DEMO_PJAN(1.0),08/05/26 11:00:00,A,NR,TOTAL,T,LU,1994-01-01,400200.0,,
ESTAT:DEMO_PJAN(1.0),08/05/26 11:00:00,A,NR,TOTAL,T,LV,1994-01-01,2540904.0,,
ESTAT:DEMO_PJAN(1.0),08/05/26 11:00:00,A,NR,TOTAL,T,MK,1994-01-01,1936741.0,,
ESTAT:DEMO_PJAN(1.0),08/05/26 11:00:00,A,NR,TOTAL,T,MT,1994-01-01,373161.0,,
ESTAT:DEMO_PJAN(1.0),08/05/26 11:00:00,A,NR,TOTAL,T,NL,1994-01-01,15341553.0,,
ESTAT:DEMO_PJAN(1.0),08/05/26 11:00:00,A,NR,TOTAL,T,NO,1994-01-01,4324815.0,,
ESTAT:DEMO_PJAN(1.0),08/05/26 11:00:00,A,NR,TOTAL,T,PL,1994-01-01,38504707.0,,
ESTAT:DEMO_PJAN(1.0),08/05/26 11:00:00,A,NR,TOTAL,T,PT,1994-01-01,9974391.0,,
ESTAT:DEMO_PJAN(1.0),08/05/26 11:00:00,A,NR,TOTAL,T,RO,1994-01-01,22748027.0,,
ESTAT:DEMO_PJAN(1.0),08/05/26 11:00:00,A,NR,TOTAL,T,SE,1994-01-01,8745109.0,,
ESTAT:DEMO_PJAN(1.0),08/05/26 11:00:00,A,NR,TOTAL,T,SI,1994-01-01,1989408.0,,
ESTAT:DEMO_PJAN(1.0),08/05/26 11:00:00,A,NR,TOTAL,T,SK,1994-01-01,5336455.0,,
ESTAT:DEMO_PJAN(1.0),08/05/26 11:00:00,A,NR,TOTAL,T,TR,1994-01-01,60079060.0,,
ESTAT:DEMO_PJAN(1.0),08/05/26 11:00:00,A,NR,TOTAL,T,UK,1994-01-01,57788017.0,,
ESTAT:DEMO_PJAN(1.0),08/05/26 11:00:00,A,NR,TOTAL,T,AD,1995-01-01,64311.0,,
ESTAT:DEMO_PJAN(1.0),08/05/26 11:00:00,A,NR,TOTAL,T,AL,1995-01-01,3248836.0,,
ESTAT:DEMO_PJAN(1.0),08/05/26 11:00:00,A,NR,TOTAL,T,AT,1995-01-01,7943489.0,,
ESTAT:DEMO_PJAN(1.0),08/05/26 11:00:00,A,NR,TOTAL,T,BE,1995-01-01,10130574.0,,
ESTAT:DEMO_PJAN(1.0),08/05/26 11:00:00,A,NR,TOTAL,T,BG,1995-01-01,8427418.0,,
ESTAT:DEMO_PJAN(1.0),08/05/26 11:00:00,A,NR,TOTAL,T,CH,1995-01-01,7019019.0,,
ESTAT:DEMO_PJAN(1.0),08/05/26 11:00:00,A,NR,TOTAL,T,CY,1995-01-01,645399.0,,
ESTAT:DEMO_PJAN(1.0),08/05/26 11:00:00,A,NR,TOTAL,T,CZ,1995-01-01,10333161.0,,
ESTAT:DEMO_PJAN(1.0),08/05/26 11:00:00,A,NR,TOTAL,T,DE,1995-01-01,81538603.0,,
ESTAT:DEMO_PJAN(1.0),08/05/26 11:00:00,A,NR,TOTAL,T,DE_TOT,1995-01-01,81538603.0,,
ESTAT:DEMO_PJAN(1.0),08/05/26 11:00:00,A,NR,TOTAL,T,DK,1995-01-01,5215718.0,,
ESTAT:DEMO_PJAN(1.0),08/05/26 11:00:00,A,NR,TOTAL,T,EE,1995-01-01,1448075.0,,
ESTAT:DEMO_PJAN(1.0),08/05/26 11:00:00,A,NR,TOTAL,T,EEA30_2007,1995-01-01,481891130.0,,
ESTAT:DEMO_PJAN(1.0),08/05/26 11:00:00,A,NR,TOTAL,T,EEA31,1995-01-01,486550023.0,e,
ESTAT:DEMO_PJAN(1.0),08/05/26 11:00:00,A,NR,TOTAL,T,EFTA,1995-01-01,11665036.0,,
ESTAT:DEMO_PJAN(1.0),08/05/26 11:00:00,A,NR,TOTAL,T,EL,1995-01-01,10535973.0,,
ESTAT:DEMO_PJAN(1.0),08/05/26 11:00:00,A,NR,TOTAL,T,ES,1995-01-01,39639726.0,,
ESTAT:DEMO_PJAN(1.0),08/05/26 11:00:00,A,NR,TOTAL,T,EU27_2007,1995-01-01,477245113.0,,
ESTAT:DEMO_PJAN(1.0),08/05/26 11:00:00,A,NR,TOTAL,T,EU27_2020,1995-01-01,423960534.0,e,
ESTAT:DEMO_PJAN(1.0),08/05/26 11:00:00,A,NR,TOTAL,T,EU28,1995-01-01,481904006.0,e,
ESTAT:DEMO_PJAN(1.0),08/05/26 11:00:00,A,NR,TOTAL,T,FI,1995-01-01,5098754.0,,
ESTAT:DEMO_PJAN(1.0),08/05/26 11:00:00,A,NR,TOTAL,T,FR,1995-01-01,59315139.0,,
ESTAT:DEMO_PJAN(1.0),08/05/26 11:00:00,A,NR,TOTAL,T,FX,1995-01-01,57752535.0,,
ESTAT:DEMO_PJAN(1.0),08/05/26 11:00:00,A,NR,TOTAL,T,HR,1995-01-01,4658893.0,e,
ESTAT:DEMO_PJAN(1.0),08/05/26 11:00:00,A,NR,TOTAL,T,HU,1995-01-01,10336700.0,,
ESTAT:DEMO_PJAN(1.0),08/05/26 11:00:00,A,NR,TOTAL,T,IE,1995-01-01,3597617.0,,
ESTAT:DEMO_PJAN(1.0),08/05/26 11:00:00,A,NR,TOTAL,T,IS,1995-01-01,266978.0,,
ESTAT:DEMO_PJAN(1.0),08/05/26 11:00:00,A,NR,TOTAL,T,IT,1995-01-01,56844408.0,,
ESTAT:DEMO_PJAN(1.0),08/05/26 11:00:00,A,NR,TOTAL,T,LI,1995-01-01,30629.0,,
ESTAT:DEMO_PJAN(1.0),08/05/26 11:00:00,A,NR,TOTAL,T,LT,1995-01-01,3642991.0,,
ESTAT:DEMO_PJAN(1.0),08/05/26 11:00:00,A,NR,TOTAL,T,LU,1995-01-01,405650.0,,
ESTAT:DEMO_PJAN(1.0),08/05/26 11:00:00,A,NR,TOTAL,T,LV,1995-01-01,2500580.0,,
ESTAT:DEMO_PJAN(1.0),08/05/26 11:00:00,A,NR,TOTAL,T,MK,1995-01-01,1957265.0,,
ESTAT:DEMO_PJAN(1.0),08/05/26 11:00:00,A,NR,TOTAL,T,MT,1995-01-01,376433.0,,
ESTAT:DEMO_PJAN(1.0),08/05/26 11:00:00,A,NR,TOTAL,T,NL,1995-01-01,15424122.0,,
ESTAT:DEMO_PJAN(1.0),08/05/26 11:00:00,A,NR,TOTAL,T,NO,1995-01-01,4348410.0,,
ESTAT:DEMO_PJAN(1.0),08/05/26 11:00:00,A,NR,TOTAL,T,PL,1995-01-01,38580597.0,,
ESTAT:DEMO_PJAN(1.0),08/05/26 11:00:00,A,NR,TOTAL,T,PT,1995-01-01,10008659.0,,
ESTAT:DEMO_PJAN(1.0),08/05/26 11:00:00,A,NR,TOTAL,T,RO,1995-01-01,22712394.0,,
ESTAT:DEMO_PJAN(1.0),08/05/26 11:00:00,A,NR,TOTAL,T,SE,1995-01-01,8816381.0,,
ESTAT:DEMO_PJAN(1.0),08/05/26 11:00:00,A,NR,TOTAL,T,SI,1995-01-01,1989477.0,,
ESTAT:DEMO_PJAN(1.0),08/05/26 11:00:00,A,NR,TOTAL,T,SK,1995-01-01,5356207.0,,
ESTAT:DEMO_PJAN(1.0),08/05/26 11:00:00,A,NR,TOTAL,T,TR,1995-01-01,61203584.0,,
ESTAT:DEMO_PJAN(1.0),08/05/26 11:00:00,A,NR,TOTAL,T,UK,1995-01-01,57943472.0,,
ESTAT:DEMO_PJAN(1.0),08/05/26 11:00:00,A,NR,TOTAL,T,AD,1996-01-01,63859.0,,
ESTAT:DEMO_PJAN(1.0),08/05/26 11:00:00,A,NR,TOTAL,T,AL,1996-01-01,3283000.0,,
ESTAT:DEMO_PJAN(1.0),08/05/26 11:00:00,A,NR,TOTAL,T,AT,1996-01-01,7953067.0,,
ESTAT:DEMO_PJAN(1.0),08/05/26 11:00:00,A,NR,TOTAL,T,BE,1996-01-01,10143047.0,,
ESTAT:DEMO_PJAN(1.0),08/05/26 11:00:00,A,NR,TOTAL,T,BG,1996-01-01,8384715.0,,
ESTAT:DEMO_PJAN(1.0),08/05/26 11:00:00,A,NR,TOTAL,T,CH,1996-01-01,7062354.0,,
ESTAT:DEMO_PJAN(1.0),08/05/26 11:00:00,A,NR,TOTAL,T,CY,1996-01-01,656333.0,,
ESTAT:DEMO_PJAN(1.0),08/05/26 11:00:00,A,NR,TOTAL,T,CZ,1996-01-01,10321344.0,,
ESTAT:DEMO_PJAN(1.0),08/05/26 11:00:00,A,NR,TOTAL,T,DE,1996-01-01,81817499.0,,
ESTAT:DEMO_PJAN(1.0),08/05/26 11:00:00,A,NR,TOTAL,T,DE_TOT,1996-01-01,81817499.0,,
ESTAT:DEMO_PJAN(1.0),08/05/26 11:00:00,A,NR,TOTAL,T,DK,1996-01-01,5251027.0,,
ESTAT:DEMO_PJAN(1.0),08/05/26 11:00:00,A,NR,TOTAL,T,EE,1996-01-01,1425192.0,,
ESTAT:DEMO_PJAN(1.0),08/05/26 11:00:00,A,NR,TOTAL,T,EEA30_2007,1996-01-01,482824056.0,,
ESTAT:DEMO_PJAN(1.0),08/05/26 11:00:00,A,NR,TOTAL,T,EEA31,1996-01-01,487405223.0,e,
ESTAT:DEMO_PJAN(1.0),08/05/26 11:00:00,A,NR,TOTAL,T,EFTA,1996-01-01,11731192.0,,
ESTAT:DEMO_PJAN(1.0),08/05/26 11:00:00,A,NR,TOTAL,T,EL,1996-01-01,10588332.0,,
ESTAT:DEMO_PJAN(1.0),08/05/26 11:00:00,A,NR,TOTAL,T,ES,1996-01-01,39808374.0,,
ESTAT:DEMO_PJAN(1.0),08/05/26 11:00:00,A,NR,TOTAL,T,EU27_2007,1996-01-01,478155218.0,,
ESTAT:DEMO_PJAN(1.0),08/05/26 11:00:00,A,NR,TOTAL,T,EU27_2020,1996-01-01,424641798.0,e,
ESTAT:DEMO_PJAN(1.0),08/05/26 11:00:00,A,NR,TOTAL,T,EU28,1996-01-01,482736385.0,e,
ESTAT:DEMO_PJAN(1.0),08/05/26 11:00:00,A,NR,TOTAL,T,FI,1996-01-01,5116826.0,,
ESTAT:DEMO_PJAN(1.0),08/05/26 11:00:00,A,NR,TOTAL,T,FR,1996-01-01,59522297.0,,
ESTAT:DEMO_PJAN(1.0),08/05/26 11:00:00,A,NR,TOTAL,T,FX,1996-01-01,57935959.0,,
ESTAT:DEMO_PJAN(1.0),08/05/26 11:00:00,A,NR,TOTAL,T,HR,1996-01-01,4581167.0,e,
ESTAT:DEMO_PJAN(1.0),08/05/26 11:00:00,A,NR,TOTAL,T,HU,1996-01-01,10321229.0,,
ESTAT:DEMO_PJAN(1.0),08/05/26 11:00:00,A,NR,TOTAL,T,IE,1996-01-01,3620065.0,,
ESTAT:DEMO_PJAN(1.0),08/05/26 11:00:00,A,NR,TOTAL,T,IS,1996-01-01,267958.0,,
ESTAT:DEMO_PJAN(1.0),08/05/26 11:00:00,A,NR,TOTAL,T,IT,1996-01-01,56844197.0,,
ESTAT:DEMO_PJAN(1.0),08/05/26 11:00:00,A,NR,TOTAL,T,LI,1996-01-01,30923.0,,
ESTAT:DEMO_PJAN(1.0),08/05/26 11:00:00,A,NR,TOTAL,T,LT,1996-01-01,3615212.0,,
ESTAT:DEMO_PJAN(1.0),08/05/26 11:00:00,A,NR,TOTAL,T,LU,1996-01-01,411600.0,,
ESTAT:DEMO_PJAN(1.0),08/05/26 11:00:00,A,NR,TOTAL,T,LV,1996-01-01,2469531.0,,
ESTAT:DEMO_PJAN(1.0),08/05/26 11:00:00,A,NR,TOTAL,T,MK,1996-01-01,1971687.0,,
ESTAT:DEMO_PJAN(1.0),08/05/26 11:00:00,A,NR,TOTAL,T,MT,1996-01-01,378404.0,,
ESTAT:DEMO_PJAN(1.0),08/05/26 11:00:00,A,NR,TOTAL,T,NL,1996-01-01,15493889.0,,
ESTAT:DEMO_PJAN(1.0),08/05/26 11:00:00,A,NR,TOTAL,T,NO,1996-01-01,4369957.0,,
ESTAT:DEMO_PJAN(1.0),08/05/26 11:00:00,A,NR,TOTAL,T,PL,1996-01-01,38609399.0,,
ESTAT:DEMO_PJAN(1.0),08/05/26 11:00:00,A,NR,TOTAL,T,PT,1996-01-01,10043693.0,,
ESTAT:DEMO_PJAN(1.0),08/05/26 11:00:00,A,NR,TOTAL,T,RO,1996-01-01,22656145.0,,
ESTAT:DEMO_PJAN(1.0),08/05/26 11:00:00,A,NR,TOTAL,T,SE,1996-01-01,8837496.0,,
ESTAT:DEMO_PJAN(1.0),08/05/26 11:00:00,A,NR,TOTAL,T,SI,1996-01-01,1990266.0,,
ESTAT:DEMO_PJAN(1.0),08/05/26 11:00:00,A,NR,TOTAL,T,SK,1996-01-01,5367790.0,,
ESTAT:DEMO_PJAN(1.0),08/05/26 11:00:00,A,NR,TOTAL,T,TR,1996-01-01,62337617.0,,
ESTAT:DEMO_PJAN(1.0),08/05/26 11:00:00,A,NR,TOTAL,T,UK,1996-01-01,58094587.0,,
ESTAT:DEMO_PJAN(1.0),08/05/26 11:00:00,A,NR,TOTAL,T,AD,1997-01-01,64479.0,,
ESTAT:DEMO_PJAN(1.0),08/05/26 11:00:00,A,NR,TOTAL,T,AL,1997-01-01,3324317.0,,
ESTAT:DEMO_PJAN(1.0),08/05/26 11:00:00,A,NR,TOTAL,T,AT,1997-01-01,7964966.0,,
ESTAT:DEMO_PJAN(1.0),08/05/26 11:00:00,A,NR,TOTAL,T,BA,1997-01-01,3727439.0,,
ESTAT:DEMO_PJAN(1.0),08/05/26 11:00:00,A,NR,TOTAL,T,BE,1997-01-01,10170226.0,,
ESTAT:DEMO_PJAN(1.0),08/05/26 11:00:00,A,NR,TOTAL,T,BG,1997-01-01,8340936.0,,
ESTAT:DEMO_PJAN(1.0),08/05/26 11:00:00,A,NR,TOTAL,T,CH,1997-01-01,7081346.0,,
ESTAT:DEMO_PJAN(1.0),08/05/26 11:00:00,A,NR,TOTAL,T,CY,1997-01-01,666313.0,,
ESTAT:DEMO_PJAN(1.0),08/05/26 11:00:00,A,NR,TOTAL,T,CZ,1997-01-01,10309137.0,,
ESTAT:DEMO_PJAN(1.0),08/05/26 11:00:00,A,NR,TOTAL,T,DE,1997-01-01,82012162.0,,
ESTAT:DEMO_PJAN(1.0),08/05/26 11:00:00,A,NR,TOTAL,T,DE_TOT,1997-01-01,82012162.0,,
ESTAT:DEMO_PJAN(1.0),08/05/26 11:00:00,A,NR,TOTAL,T,DK,1997-01-01,5275121.0,,
ESTAT:DEMO_PJAN(1.0),08/05/26 11:00:00,A,NR,TOTAL,T,EE,1997-01-01,1405996.0,,
ESTAT:DEMO_PJAN(1.0),08/05/26 11:00:00,A,NR,TOTAL,T,EEA30_2007,1997-01-01,483673506.0,,
ESTAT:DEMO_PJAN(1.0),08/05/26 11:00:00,A,NR,TOTAL,T,EEA31,1997-01-01,488206534.0,e,
ESTAT:DEMO_PJAN(1.0),08/05/26 11:00:00,A,NR,TOTAL,T,EFTA,1997-01-01,11775077.0,,
ESTAT:DEMO_PJAN(1.0),08/05/26 11:00:00,A,NR,TOTAL,T,EL,1997-01-01,10629267.0,,
ESTAT:DEMO_PJAN(1.0),08/05/26 11:00:00,A,NR,TOTAL,T,ES,1997-01-01,39971329.0,,
ESTAT:DEMO_PJAN(1.0),08/05/26 11:00:00,A,NR,TOTAL,T,EU27_2007,1997-01-01,478979775.0,,
ESTAT:DEMO_PJAN(1.0),08/05/26 11:00:00,A,NR,TOTAL,T,EU27_2020,1997-01-01,425273491.0,e,
ESTAT:DEMO_PJAN(1.0),08/05/26 11:00:00,A,NR,TOTAL,T,EU28,1997-01-01,483512803.0,e,
ESTAT:DEMO_PJAN(1.0),08/05/26 11:00:00,A,NR,TOTAL,T,FI,1997-01-01,5132320.0,,
ESTAT:DEMO_PJAN(1.0),08/05/26 11:00:00,A,NR,TOTAL,T,FR,1997-01-01,59726386.0,,
ESTAT:DEMO_PJAN(1.0),08/05/26 11:00:00,A,NR,TOTAL,T,FX,1997-01-01,58116018.0,,
ESTAT:DEMO_PJAN(1.0),08/05/26 11:00:00,A,NR,TOTAL,T,HR,1997-01-01,4533028.0,e,
ESTAT:DEMO_PJAN(1.0),08/05/26 11:00:00,A,NR,TOTAL,T,HU,1997-01-01,10301247.0,,
ESTAT:DEMO_PJAN(1.0),08/05/26 11:00:00,A,NR,TOTAL,T,IE,1997-01-01,3654955.0,,
ESTAT:DEMO_PJAN(1.0),08/05/26 11:00:00,A,NR,TOTAL,T,IS,1997-01-01,269874.0,,
ESTAT:DEMO_PJAN(1.0),08/05/26 11:00:00,A,NR,TOTAL,T,IT,1997-01-01,56876364.0,,
ESTAT:DEMO_PJAN(1.0),08/05/26 11:00:00,A,NR,TOTAL,T,LI,1997-01-01,31143.0,,
ESTAT:DEMO_PJAN(1.0),08/05/26 11:00:00,A,NR,TOTAL,T,LT,1997-01-01,3588013.0,,
ESTAT:DEMO_PJAN(1.0),08/05/26 11:00:00,A,NR,TOTAL,T,LU,1997-01-01,416850.0,,
ESTAT:DEMO_PJAN(1.0),08/05/26 11:00:00,A,NR,TOTAL,T,LV,1997-01-01,2444912.0,,
ESTAT:DEMO_PJAN(1.0),08/05/26 11:00:00,A,NR,TOTAL,T,MK,1997-01-01,1991398.0,,
ESTAT:DEMO_PJAN(1.0),08/05/26 11:00:00,A,NR,TOTAL,T,MT,1997-01-01,381405.0,,
ESTAT:DEMO_PJAN(1.0),08/05/26 11:00:00,A,NR,TOTAL,T,NL,1997-01-01,15567107.0,,
ESTAT:DEMO_PJAN(1.0),08/05/26 11:00:00,A,NR,TOTAL,T,NO,1997-01-01,4392714.0,,
ESTAT:DEMO_PJAN(1.0),08/05/26 11:00:00,A,NR,TOTAL,T,PL,1997-01-01,38639341.0,,
ESTAT:DEMO_PJAN(1.0),08/05/26 11:00:00,A,NR,TOTAL,T,PT,1997-01-01,10084196.0,,
ESTAT:DEMO_PJAN(1.0),08/05/26 11:00:00,A,NR,TOTAL,T,RO,1997-01-01,22581862.0,,
ESTAT:DEMO_PJAN(1.0),08/05/26 11:00:00,A,NR,TOTAL,T,SE,1997-01-01,8844499.0,,
ESTAT:DEMO_PJAN(1.0),08/05/26 11:00:00,A,NR,TOTAL,T,SI,1997-01-01,1986989.0,,
ESTAT:DEMO_PJAN(1.0),08/05/26 11:00:00,A,NR,TOTAL,T,SK,1997-01-01,5378932.0,,
ESTAT:DEMO_PJAN(1.0),08/05/26 11:00:00,A,NR,TOTAL,T,TR,1997-01-01,63484661.0,,
ESTAT:DEMO_PJAN(1.0),08/05/26 11:00:00,A,NR,TOTAL,T,UK,1997-01-01,58239312.0,,
ESTAT:DEMO_PJAN(1.0),08/05/26 11:00:00,A,NR,TOTAL,T,AD,1998-01-01,65306.0,,
ESTAT:DEMO_PJAN(1.0),08/05/26 11:00:00,A,NR,TOTAL,T,AL,1998-01-01,3354341.0,,
ESTAT:DEMO_PJAN(1.0),08/05/26 11:00:00,A,NR,TOTAL,T,AT,1998-01-01,7971116.0,,
ESTAT:DEMO_PJAN(1.0),08/05/26 11:00:00,A,NR,TOTAL,T,BA,1998-01-01,3549736.0,,
ESTAT:DEMO_PJAN(1.0),08/05/26 11:00:00,A,NR,TOTAL,T,BE,1998-01-01,10192264.0,,
ESTAT:DEMO_PJAN(1.0),08/05/26 11:00:00,A,NR,TOTAL,T,BG,1998-01-01,8283200.0,,
ESTAT:DEMO_PJAN(1.0),08/05/26 11:00:00,A,NR,TOTAL,T,CH,1998-01-01,7096465.0,,
ESTAT:DEMO_PJAN(1.0),08/05/26 11:00:00,A,NR,TOTAL,T,CY,1998-01-01,675215.0,,
ESTAT:DEMO_PJAN(1.0),08/05/26 11:00:00,A,NR,TOTAL,T,CZ,1998-01-01,10299125.0,,
ESTAT:DEMO_PJAN(1.0),08/05/26 11:00:00,A,NR,TOTAL,T,DE,1998-01-01,82057379.0,,
ESTAT:DEMO_PJAN(1.0),08/05/26 11:00:00,A,NR,TOTAL,T,DE_TOT,1998-01-01,82057379.0,,
ESTAT:DEMO_PJAN(1.0),08/05/26 11:00:00,A,NR,TOTAL,T,DK,1998-01-01,5294860.0,,
ESTAT:DEMO_PJAN(1.0),08/05/26 11:00:00,A,NR,TOTAL,T,EE,1998-01-01,1393074.0,,
ESTAT:DEMO_PJAN(1.0),08/05/26 11:00:00,A,NR,TOTAL,T,EEA30_2007,1998-01-01,486062046.0,b,
ESTAT:DEMO_PJAN(1.0),08/05/26 11:00:00,A,NR,TOTAL,T,EEA31,1998-01-01,490598858.0,be,
ESTAT:DEMO_PJAN(1.0),08/05/26 11:00:00,A,NR,TOTAL,T,EFTA,1998-01-01,11817765.0,,
ESTAT:DEMO_PJAN(1.0),08/05/26 11:00:00,A,NR,TOTAL,T,EL,1998-01-01,10693250.0,,
ESTAT:DEMO_PJAN(1.0),08/05/26 11:00:00,A,NR,TOTAL,T,ES,1998-01-01,40143449.0,,
ESTAT:DEMO_PJAN(1.0),08/05/26 11:00:00,A,NR,TOTAL,T,EU27_2007,1998-01-01,481340746.0,b,
ESTAT:DEMO_PJAN(1.0),08/05/26 11:00:00,A,NR,TOTAL,T,EU27_2020,1998-01-01,427482962.0,be,
ESTAT:DEMO_PJAN(1.0),08/05/26 11:00:00,A,NR,TOTAL,T,EU28,1998-01-01,485877558.0,be,
ESTAT:DEMO_PJAN(1.0),08/05/26 11:00:00,A,NR,TOTAL,T,FI,1998-01-01,5147349.0,,
ESTAT:DEMO_PJAN(1.0),08/05/26 11:00:00,A,NR,TOTAL,T,FR,1998-01-01,59934884.0,,
ESTAT:DEMO_PJAN(1.0),08/05/26 11:00:00,A,NR,TOTAL,T,FX,1998-01-01,58298962.0,,
ESTAT:DEMO_PJAN(1.0),08/05/26 11:00:00,A,NR,TOTAL,T,HR,1998-01-01,4536812.0,e,
ESTAT:DEMO_PJAN(1.0),08/05/26 11:00:00,A,NR,TOTAL,T,HU,1998-01-01,10279724.0,,
ESTAT:DEMO_PJAN(1.0),08/05/26 11:00:00,A,NR,TOTAL,T,IE,1998-01-01,3693386.0,,
ESTAT:DEMO_PJAN(1.0),08/05/26 11:00:00,A,NR,TOTAL,T,IS,1998-01-01,272381.0,,
ESTAT:DEMO_PJAN(1.0),08/05/26 11:00:00,A,NR,TOTAL,T,IT,1998-01-01,56904379.0,,
ESTAT:DEMO_PJAN(1.0),08/05/26 11:00:00,A,NR,TOTAL,T,LI,1998-01-01,31320.0,,
ESTAT:DEMO_PJAN(1.0),08/05/26 11:00:00,A,NR,TOTAL,T,LT,1998-01-01,3562261.0,,
ESTAT:DEMO_PJAN(1.0),08/05/26 11:00:00,A,NR,TOTAL,T,LU,1998-01-01,422050.0,,
ESTAT:DEMO_PJAN(1.0),08/05/26 11:00:00,A,NR,TOTAL,T,LV,1998-01-01,2420789.0,,
ESTAT:DEMO_PJAN(1.0),08/05/26 11:00:00,A,NR,TOTAL,T,MK,1998-01-01,2002340.0,,
ESTAT:DEMO_PJAN(1.0),08/05/26 11:00:00,A,NR,TOTAL,T,MT,1998-01-01,384176.0,,
ESTAT:DEMO_PJAN(1.0),08/05/26 11:00:00,A,NR,TOTAL,T,NL,1998-01-01,15654192.0,,
ESTAT:DEMO_PJAN(1.0),08/05/26 11:00:00,A,NR,TOTAL,T,NO,1998-01-01,4417599.0,,
ESTAT:DEMO_PJAN(1.0),08/05/26 11:00:00,A,NR,TOTAL,T,PL,1998-01-01,38659979.0,,
ESTAT:DEMO_PJAN(1.0),08/05/26 11:00:00,A,NR,TOTAL,T,PT,1998-01-01,10133758.0,,
ESTAT:DEMO_PJAN(1.0),08/05/26 11:00:00,A,NR,TOTAL,T,RO,1998-01-01,22526093.0,,
ESTAT:DEMO_PJAN(1.0),08/05/26 11:00:00,A,NR,TOTAL,T,SE,1998-01-01,8847625.0,,
ESTAT:DEMO_PJAN(1.0),08/05/26 11:00:00,A,NR,TOTAL,T,SI,1998-01-01,1984923.0,,
ESTAT:DEMO_PJAN(1.0),08/05/26 11:00:00,A,NR,TOTAL,T,SK,1998-01-01,5387650.0,,
ESTAT:DEMO_PJAN(1.0),08/05/26 11:00:00,A,NR,TOTAL,T,TR,1998-01-01,64641675.0,,
ESTAT:DEMO_PJAN(1.0),08/05/26 11:00:00,A,NR,TOTAL,T,UK,1998-01-01,58394596.0,,
ESTAT:DEMO_PJAN(1.0),08/05/26 11:00:00,A,NR,TOTAL,T,AD,1999-01-01,65877.0,,
ESTAT:DEMO_PJAN(1.0),08/05/26 11:00:00,A,NR,TOTAL,T,AL,1999-01-01,3373445.0,,
ESTAT:DEMO_PJAN(1.0),08/05/26 11:00:00,A,NR,TOTAL,T,AT,1999-01-01,7982461.0,,
ESTAT:DEMO_PJAN(1.0),08/05/26 11:00:00,A,NR,TOTAL,T,BE,1999-01-01,10213752.0,,
ESTAT:DEMO_PJAN(1.0),08/05/26 11:00:00,A,NR,TOTAL,T,BG,1999-01-01,8230371.0,,
ESTAT:DEMO_PJAN(1.0),08/05/26 11:00:00,A,NR,TOTAL,T,CH,1999-01-01,7123537.0,,
ESTAT:DEMO_PJAN(1.0),08/05/26 11:00:00,A,NR,TOTAL,T,CY,1999-01-01,682862.0,,
ESTAT:DEMO_PJAN(1.0),08/05/26 11:00:00,A,NR,TOTAL,T,CZ,1999-01-01,10289621.0,,
ESTAT:DEMO_PJAN(1.0),08/05/26 11:00:00,A,NR,TOTAL,T,DE,1999-01-01,82037011.0,,
ESTAT:DEMO_PJAN(1.0),08/05/26 11:00:00,A,NR,TOTAL,T,DE_TOT,1999-01-01,82037011.0,,
ESTAT:DEMO_PJAN(1.0),08/05/26 11:00:00,A,NR,TOTAL,T,DK,1999-01-01,5313577.0,,
ESTAT:DEMO_PJAN(1.0),08/05/26 11:00:00,A,NR,TOTAL,T,EE,1999-01-01,1379237.0,,
ESTAT:DEMO_PJAN(1.0),08/05/26 11:00:00,A,NR,TOTAL,T,EEA30_2007,1999-01-01,486803550.0,,
ESTAT:DEMO_PJAN(1.0),08/05/26 11:00:00,A,NR,TOTAL,T,EEA31,1999-01-01,491331010.0,e,
ESTAT:DEMO_PJAN(1.0),08/05/26 11:00:00,A,NR,TOTAL,T,EFTA,1999-01-01,11876593.0,,
ESTAT:DEMO_PJAN(1.0),08/05/26 11:00:00,A,NR,TOTAL,T,EL,1999-01-01,10747768.0,,
ESTAT:DEMO_PJAN(1.0),08/05/26 11:00:00,A,NR,TOTAL,T,ES,1999-01-01,40303568.0,,
ESTAT:DEMO_PJAN(1.0),08/05/26 11:00:00,A,NR,TOTAL,T,EU27_2007,1999-01-01,482050494.0,,
ESTAT:DEMO_PJAN(1.0),08/05/26 11:00:00,A,NR,TOTAL,T,EU27_2020,1999-01-01,427998269.0,e,
ESTAT:DEMO_PJAN(1.0),08/05/26 11:00:00,A,NR,TOTAL,T,EU28,1999-01-01,486577954.0,e,
ESTAT:DEMO_PJAN(1.0),08/05/26 11:00:00,A,NR,TOTAL,T,FI,1999-01-01,5159646.0,,
ESTAT:DEMO_PJAN(1.0),08/05/26 11:00:00,A,NR,TOTAL,T,FR,1999-01-01,60158533.0,,
ESTAT:DEMO_PJAN(1.0),08/05/26 11:00:00,A,NR,TOTAL,T,FX,1999-01-01,58496613.0,,
ESTAT:DEMO_PJAN(1.0),08/05/26 11:00:00,A,NR,TOTAL,T,HR,1999-01-01,4527460.0,e,
ESTAT:DEMO_PJAN(1.0),08/05/26 11:00:00,A,NR,TOTAL,T,HU,1999-01-01,10253416.0,,
ESTAT:DEMO_PJAN(1.0),08/05/26 11:00:00,A,NR,TOTAL,T,IE,1999-01-01,3732006.0,,
ESTAT:DEMO_PJAN(1.0),08/05/26 11:00:00,A,NR,TOTAL,T,IS,1999-01-01,275712.0,,
ESTAT:DEMO_PJAN(1.0),08/05/26 11:00:00,A,NR,TOTAL,T,IT,1999-01-01,56909109.0,,
ESTAT:DEMO_PJAN(1.0),08/05/26 11:00:00,A,NR,TOTAL,T,LI,1999-01-01,32015.0,,
ESTAT:DEMO_PJAN(1.0),08/05/26 11:00:00,A,NR,TOTAL,T,LT,1999-01-01,3536401.0,,
ESTAT:DEMO_PJAN(1.0),08/05/26 11:00:00,A,NR,TOTAL,T,LU,1999-01-01,427350.0,,
ESTAT:DEMO_PJAN(1.0),08/05/26 11:00:00,A,NR,TOTAL,T,LV,1999-01-01,2399248.0,,
ESTAT:DEMO_PJAN(1.0),08/05/26 11:00:00,A,NR,TOTAL,T,MK,1999-01-01,2012705.0,,
ESTAT:DEMO_PJAN(1.0),08/05/26 11:00:00,A,NR,TOTAL,T,MT,1999-01-01,386397.0,,
ESTAT:DEMO_PJAN(1.0),08/05/26 11:00:00,A,NR,TOTAL,T,NL,1999-01-01,15760225.0,,
ESTAT:DEMO_PJAN(1.0),08/05/26 11:00:00,A,NR,TOTAL,T,NO,1999-01-01,4445329.0,,
ESTAT:DEMO_PJAN(1.0),08/05/26 11:00:00,A,NR,TOTAL,T,PL,1999-01-01,38666983.0,,
ESTAT:DEMO_PJAN(1.0),08/05/26 11:00:00,A,NR,TOTAL,T,PT,1999-01-01,10186634.0,,
ESTAT:DEMO_PJAN(1.0),08/05/26 11:00:00,A,NR,TOTAL,T,RO,1999-01-01,22488595.0,,
ESTAT:DEMO_PJAN(1.0),08/05/26 11:00:00,A,NR,TOTAL,T,RS,1999-01-01,7552850.0,,
ESTAT:DEMO_PJAN(1.0),08/05/26 11:00:00,A,NR,TOTAL,T,SE,1999-01-01,8854322.0,,
ESTAT:DEMO_PJAN(1.0),08/05/26 11:00:00,A,NR,TOTAL,T,SI,1999-01-01,1978334.0,,
ESTAT:DEMO_PJAN(1.0),08/05/26 11:00:00,A,NR,TOTAL,T,SK,1999-01-01,5393382.0,,
ESTAT:DEMO_PJAN(1.0),08/05/26 11:00:00,A,NR,TOTAL,T,TR,1999-01-01,65786563.0,,
ESTAT:DEMO_PJAN(1.0),08/05/26 11:00:00,A,NR,TOTAL,T,UK,1999-01-01,58579685.0,,
ESTAT:DEMO_PJAN(1.0),08/05/26 11:00:00,A,NR,TOTAL,T,AD,2000-01-01,65971.0,,
ESTAT:DEMO_PJAN(1.0),08/05/26 11:00:00,A,NR,TOTAL,T,AL,2000-01-01,3058497.0,,
ESTAT:DEMO_PJAN(1.0),08/05/26 11:00:00,A,NR,TOTAL,T,AM,2000-01-01,3226900.0,,
ESTAT:DEMO_PJAN(1.0),08/05/26 11:00:00,A,NR,TOTAL,T,AT,2000-01-01,8002186.0,,
ESTAT:DEMO_PJAN(1.0),08/05/26 11:00:00,A,NR,TOTAL,T,AZ,2000-01-01,8016200.0,,
ESTAT:DEMO_PJAN(1.0),08/05/26 11:00:00,A,NR,TOTAL,T,BA,2000-01-01,3753085.0,e,
ESTAT:DEMO_PJAN(1.0),08/05/26 11:00:00,A,NR,TOTAL,T,BE,2000-01-01,10239085.0,,
ESTAT:DEMO_PJAN(1.0),08/05/26 11:00:00,A,NR,TOTAL,T,BG,2000-01-01,8190876.0,,
ESTAT:DEMO_PJAN(1.0),08/05/26 11:00:00,A,NR,TOTAL,T,BY,2000-01-01,10019480.0,,
ESTAT:DEMO_PJAN(1.0),08/05/26 11:00:00,A,NR,TOTAL,T,CH,2000-01-01,7164444.0,,
ESTAT:DEMO_PJAN(1.0),08/05/26 11:00:00,A,NR,TOTAL,T,CY,2000-01-01,690497.0,,
ESTAT:DEMO_PJAN(1.0),08/05/26 11:00:00,A,NR,TOTAL,T,CZ,2000-01-01,10278098.0,,
ESTAT:DEMO_PJAN(1.0),08/05/26 11:00:00,A,NR,TOTAL,T,DE,2000-01-01,82163475.0,,
ESTAT:DEMO_PJAN(1.0),08/05/26 11:00:00,A,NR,TOTAL,T,DE_TOT,2000-01-01,82163475.0,,
ESTAT:DEMO_PJAN(1.0),08/05/26 11:00:00,A,NR,TOTAL,T,DK,2000-01-01,5330020.0,,
ESTAT:DEMO_PJAN(1.0),08/05/26 11:00:00,A,NR,TOTAL,T,EE,2000-01-01,1401250.0,,
ESTAT:DEMO_PJAN(1.0),08/05/26 11:00:00,A,NR,TOTAL,T,EEA30_2007,2000-01-01,487551317.0,b,
ESTAT:DEMO_PJAN(1.0),08/05/26 11:00:00,A,NR,TOTAL,T,EEA31,2000-01-01,492049052.0,be,
ESTAT:DEMO_PJAN(1.0),08/05/26 11:00:00,A,NR,TOTAL,T,EFTA,2000-01-01,11954416.0,,
ESTAT:DEMO_PJAN(1.0),08/05/26 11:00:00,A,NR,TOTAL,T,EL,2000-01-01,10775627.0,,
ESTAT:DEMO_PJAN(1.0),08/05/26 11:00:00,A,NR,TOTAL,T,ES,2000-01-01,40470182.0,,
ESTAT:DEMO_PJAN(1.0),08/05/26 11:00:00,A,NR,TOTAL,T,EU27_2007,2000-01-01,482761345.0,b,
ESTAT:DEMO_PJAN(1.0),08/05/26 11:00:00,A,NR,TOTAL,T,EU27_2020,2000-01-01,428473834.0,be,
ESTAT:DEMO_PJAN(1.0),08/05/26 11:00:00,A,NR,TOTAL,T,EU28,2000-01-01,487259080.0,be,
ESTAT:DEMO_PJAN(1.0),08/05/26 11:00:00,A,NR,TOTAL,T,FI,2000-01-01,5171302.0,,
ESTAT:DEMO_PJAN(1.0),08/05/26 11:00:00,A,NR,TOTAL,T,FR,2000-01-01,60545022.0,,
ESTAT:DEMO_PJAN(1.0),08/05/26 11:00:00,A,NR,TOTAL,T,FX,2000-01-01,58858198.0,,
ESTAT:DEMO_PJAN(1.0),08/05/26 11:00:00,A,NR,TOTAL,T,GE,2000-01-01,4435200.0,e,
ESTAT:DEMO_PJAN(1.0),08/05/26 11:00:00,A,NR,TOTAL,T,HR,2000-01-01,4497735.0,e,
ESTAT:DEMO_PJAN(1.0),08/05/26 11:00:00,A,NR,TOTAL,T,HU,2000-01-01,10221644.0,,
ESTAT:DEMO_PJAN(1.0),08/05/26 11:00:00,A,NR,TOTAL,T,IE,2000-01-01,3777565.0,,
ESTAT:DEMO_PJAN(1.0),08/05/26 11:00:00,A,NR,TOTAL,T,IS,2000-01-01,279049.0,,
ESTAT:DEMO_PJAN(1.0),08/05/26 11:00:00,A,NR,TOTAL,T,IT,2000-01-01,56923524.0,,
ESTAT:DEMO_PJAN(1.0),08/05/26 11:00:00,A,NR,TOTAL,T,LI,2000-01-01,32426.0,,
ESTAT:DEMO_PJAN(1.0),08/05/26 11:00:00,A,NR,TOTAL,T,LT,2000-01-01,3512074.0,,
ESTAT:DEMO_PJAN(1.0),08/05/26 11:00:00,A,NR,TOTAL,T,LU,2000-01-01,433600.0,,
ESTAT:DEMO_PJAN(1.0),08/05/26 11:00:00,A,NR,TOTAL,T,LV,2000-01-01,2381715.0,,
ESTAT:DEMO_PJAN(1.0),08/05/26 11:00:00,A,NR,TOTAL,T,MD,2000-01-01,3644070.0,,
ESTAT:DEMO_PJAN(1.0),08/05/26 11:00:00,A,NR,TOTAL,T,ME,2000-01-01,603152.0,,
ESTAT:DEMO_PJAN(1.0),08/05/26 11:00:00,A,NR,TOTAL,T,MK,2000-01-01,2021578.0,,
ESTAT:DEMO_PJAN(1.0),08/05/26 11:00:00,A,NR,TOTAL,T,MT,2000-01-01,388759.0,,
ESTAT:DEMO_PJAN(1.0),08/05/26 11:00:00,A,NR,TOTAL,T,NL,2000-01-01,15863950.0,,
ESTAT:DEMO_PJAN(1.0),08/05/26 11:00:00,A,NR,TOTAL,T,NO,2000-01-01,4478497.0,,
ESTAT:DEMO_PJAN(1.0),08/05/26 11:00:00,A,NR,TOTAL,T,PL,2000-01-01,38263303.0,b,
ESTAT:DEMO_PJAN(1.0),08/05/26 11:00:00,A,NR,TOTAL,T,PT,2000-01-01,10249022.0,,
ESTAT:DEMO_PJAN(1.0),08/05/26 11:00:00,A,NR,TOTAL,T,RO,2000-01-01,22455485.0,,
ESTAT:DEMO_PJAN(1.0),08/05/26 11:00:00,A,NR,TOTAL,T,RS,2000-01-01,7527952.0,,
ESTAT:DEMO_PJAN(1.0),08/05/26 11:00:00,A,NR,TOTAL,T,RU,2000-01-01,146890128.0,,
ESTAT:DEMO_PJAN(1.0),08/05/26 11:00:00,A,NR,TOTAL,T,SE,2000-01-01,8861426.0,,
ESTAT:DEMO_PJAN(1.0),08/05/26 11:00:00,A,NR,TOTAL,T,SI,2000-01-01,1987755.0,,
ESTAT:DEMO_PJAN(1.0),08/05/26 11:00:00,A,NR,TOTAL,T,SK,2000-01-01,5398657.0,,
ESTAT:DEMO_PJAN(1.0),08/05/26 11:00:00,A,NR,TOTAL,T,TR,2000-01-01,66889425.0,,
ESTAT:DEMO_PJAN(1.0),08/05/26 11:00:00,A,NR,TOTAL,T,UA,2000-01-01,49114950.0,,
ESTAT:DEMO_PJAN(1.0),08/05/26 11:00:00,A,NR,TOTAL,T,UK,2000-01-01,58785246.0,,
ESTAT:DEMO_PJAN(1.0),08/05/26 11:00:00,A,NR,TOTAL,T,AD,2001-01-01,65844.0,,
ESTAT:DEMO_PJAN(1.0),08/05/26 11:00:00,A,NR,TOTAL,T,AL,2001-01-01,3063318.0,,
ESTAT:DEMO_PJAN(1.0),08/05/26 11:00:00,A,NR,TOTAL,T,AM,2001-01-01,3215300.0,,
ESTAT:DEMO_PJAN(1.0),08/05/26 11:00:00,A,NR,TOTAL,T,AT,2001-01-01,8020946.0,,
ESTAT:DEMO_PJAN(1.0),08/05/26 11:00:00,A,NR,TOTAL,T,AZ,2001-01-01,8081000.0,,
ESTAT:DEMO_PJAN(1.0),08/05/26 11:00:00,A,NR,TOTAL,T,BA,2001-01-01,3789717.0,e,
ESTAT:DEMO_PJAN(1.0),08/05/26 11:00:00,A,NR,TOTAL,T,BE,2001-01-01,10263414.0,,
ESTAT:DEMO_PJAN(1.0),08/05/26 11:00:00,A,NR,TOTAL,T,BG,2001-01-01,8149468.0,,
ESTAT:DEMO_PJAN(1.0),08/05/26 11:00:00,A,NR,TOTAL,T,BY,2001-01-01,9990435.0,,
ESTAT:DEMO_PJAN(1.0),08/05/26 11:00:00,A,NR,TOTAL,T,CH,2001-01-01,7204055.0,,
ESTAT:DEMO_PJAN(1.0),08/05/26 11:00:00,A,NR,TOTAL,T,CY,2001-01-01,697549.0,,
ESTAT:DEMO_PJAN(1.0),08/05/26 11:00:00,A,NR,TOTAL,T,CZ,2001-01-01,10232027.0,,
ESTAT:DEMO_PJAN(1.0),08/05/26 11:00:00,A,NR,TOTAL,T,DE,2001-01-01,82259540.0,,
ESTAT:DEMO_PJAN(1.0),08/05/26 11:00:00,A,NR,TOTAL,T,DE_TOT,2001-01-01,82259540.0,,
ESTAT:DEMO_PJAN(1.0),08/05/26 11:00:00,A,NR,TOTAL,T,DK,2001-01-01,5349212.0,,
ESTAT:DEMO_PJAN(1.0),08/05/26 11:00:00,A,NR,TOTAL,T,EE,2001-01-01,1392720.0,,
ESTAT:DEMO_PJAN(1.0),08/05/26 11:00:00,A,NR,TOTAL,T,EEA30_2007,2001-01-01,488764781.0,,
ESTAT:DEMO_PJAN(1.0),08/05/26 11:00:00,A,NR,TOTAL,T,EEA31,2001-01-01,493060187.0,b,
ESTAT:DEMO_PJAN(1.0),08/05/26 11:00:00,A,NR,TOTAL,T,EFTA,2001-01-01,12023715.0,,
ESTAT:DEMO_PJAN(1.0),08/05/26 11:00:00,A,NR,TOTAL,T,EL,2001-01-01,10835989.0,,
ESTAT:DEMO_PJAN(1.0),08/05/26 11:00:00,A,NR,TOTAL,T,ES,2001-01-01,40665545.0,,
ESTAT:DEMO_PJAN(1.0),08/05/26 11:00:00,A,NR,TOTAL,T,EU27_2007,2001-01-01,483945121.0,,
ESTAT:DEMO_PJAN(1.0),08/05/26 11:00:00,A,NR,TOTAL,T,EU27_2020,2001-01-01,429240746.0,b,
ESTAT:DEMO_PJAN(1.0),08/05/26 11:00:00,A,NR,TOTAL,T,EU28,2001-01-01,488240527.0,b,
ESTAT:DEMO_PJAN(1.0),08/05/26 11:00:00,A,NR,TOTAL,T,FI,2001-01-01,5181115.0,,
ESTAT:DEMO_PJAN(1.0),08/05/26 11:00:00,A,NR,TOTAL,T,FR,2001-01-01,60979315.0,,
ESTAT:DEMO_PJAN(1.0),08/05/26 11:00:00,A,NR,TOTAL,T,FX,2001-01-01,59266572.0,,
ESTAT:DEMO_PJAN(1.0),08/05/26 11:00:00,A,NR,TOTAL,T,GE,2001-01-01,4401400.0,e,
ESTAT:DEMO_PJAN(1.0),08/05/26 11:00:00,A,NR,TOTAL,T,HR,2001-01-01,4295406.0,b,
ESTAT:DEMO_PJAN(1.0),08/05/26 11:00:00,A,NR,TOTAL,T,HU,2001-01-01,10200298.0,,
ESTAT:DEMO_PJAN(1.0),08/05/26 11:00:00,A,NR,TOTAL,T,IE,2001-01-01,3832783.0,,
ESTAT:DEMO_PJAN(1.0),08/05/26 11:00:00,A,NR,TOTAL,T,IS,2001-01-01,283361.0,,
ESTAT:DEMO_PJAN(1.0),08/05/26 11:00:00,A,NR,TOTAL,T,IT,2001-01-01,56960692.0,,
ESTAT:DEMO_PJAN(1.0),08/05/26 11:00:00,A,NR,TOTAL,T,LI,2001-01-01,32863.0,,
ESTAT:DEMO_PJAN(1.0),08/05/26 11:00:00,A,NR,TOTAL,T,LT,2001-01-01,3486998.0,,
ESTAT:DEMO_PJAN(1.0),08/05/26 11:00:00,A,NR,TOTAL,T,LU,2001-01-01,439000.0,,
ESTAT:DEMO_PJAN(1.0),08/05/26 11:00:00,A,NR,TOTAL,T,LV,2001-01-01,2353384.0,,
ESTAT:DEMO_PJAN(1.0),08/05/26 11:00:00,A,NR,TOTAL,T,MD,2001-01-01,3635112.0,,
ESTAT:DEMO_PJAN(1.0),08/05/26 11:00:00,A,NR,TOTAL,T,ME,2001-01-01,605988.0,,
ESTAT:DEMO_PJAN(1.0),08/05/26 11:00:00,A,NR,TOTAL,T,MK,2001-01-01,2031112.0,,
ESTAT:DEMO_PJAN(1.0),08/05/26 11:00:00,A,NR,TOTAL,T,MT,2001-01-01,391415.0,,
ESTAT:DEMO_PJAN(1.0),08/05/26 11:00:00,A,NR,TOTAL,T,NL,2001-01-01,15987075.0,,
ESTAT:DEMO_PJAN(1.0),08/05/26 11:00:00,A,NR,TOTAL,T,NO,2001-01-01,4503436.0,,
ESTAT:DEMO_PJAN(1.0),08/05/26 11:00:00,A,NR,TOTAL,T,PL,2001-01-01,38253955.0,,
ESTAT:DEMO_PJAN(1.0),08/05/26 11:00:00,A,NR,TOTAL,T,PT,2001-01-01,10330774.0,,
ESTAT:DEMO_PJAN(1.0),08/05/26 11:00:00,A,NR,TOTAL,T,RO,2001-01-01,22430457.0,,
ESTAT:DEMO_PJAN(1.0),08/05/26 11:00:00,A,NR,TOTAL,T,RS,2001-01-01,7504739.0,,
ESTAT:DEMO_PJAN(1.0),08/05/26 11:00:00,A,NR,TOTAL,T,RU,2001-01-01,146303611.0,,
ESTAT:DEMO_PJAN(1.0),08/05/26 11:00:00,A,NR,TOTAL,T,SE,2001-01-01,8882792.0,,
ESTAT:DEMO_PJAN(1.0),08/05/26 11:00:00,A,NR,TOTAL,T,SI,2001-01-01,1990094.0,,
ESTAT:DEMO_PJAN(1.0),08/05/26 11:00:00,A,NR,TOTAL,T,SK,2001-01-01,5378783.0,,
ESTAT:DEMO_PJAN(1.0),08/05/26 11:00:00,A,NR,TOTAL,T,TR,2001-01-01,64729501.0,b,
ESTAT:DEMO_PJAN(1.0),08/05/26 11:00:00,A,NR,TOTAL,T,UA,2001-01-01,48663609.0,,
ESTAT:DEMO_PJAN(1.0),08/05/26 11:00:00,A,NR,TOTAL,T,UK,2001-01-01,58999781.0,,
ESTAT:DEMO_PJAN(1.0),08/05/26 11:00:00,A,NR,TOTAL,T,AD,2002-01-01,66334.0,,
ESTAT:DEMO_PJAN(1.0),08/05/26 11:00:00,A,NR,TOTAL,T,AL,2002-01-01,3057018.0,,
ESTAT:DEMO_PJAN(1.0),08/05/26 11:00:00,A,NR,TOTAL,T,AM,2002-01-01,3212900.0,,
ESTAT:DEMO_PJAN(1.0),08/05/26 11:00:00,A,NR,TOTAL,T,AT,2002-01-01,8063640.0,,
ESTAT:DEMO_PJAN(1.0),08/05/26 11:00:00,A,NR,TOTAL,T,AZ,2002-01-01,8141400.0,,
ESTAT:DEMO_PJAN(1.0),08/05/26 11:00:00,A,NR,TOTAL,T,BA,2002-01-01,3813167.0,e,
ESTAT:DEMO_PJAN(1.0),08/05/26 11:00:00,A,NR,TOTAL,T,BE,2002-01-01,10309725.0,,
ESTAT:DEMO_PJAN(1.0),08/05/26 11:00:00,A,NR,TOTAL,T,BG,2002-01-01,7868815.0,,
ESTAT:DEMO_PJAN(1.0),08/05/26 11:00:00,A,NR,TOTAL,T,BY,2002-01-01,9950941.0,,
ESTAT:DEMO_PJAN(1.0),08/05/26 11:00:00,A,NR,TOTAL,T,CH,2002-01-01,7255653.0,,
ESTAT:DEMO_PJAN(1.0),08/05/26 11:00:00,A,NR,TOTAL,T,CY,2002-01-01,705539.0,,
ESTAT:DEMO_PJAN(1.0),08/05/26 11:00:00,A,NR,TOTAL,T,CZ,2002-01-01,10201182.0,,
ESTAT:DEMO_PJAN(1.0),08/05/26 11:00:00,A,NR,TOTAL,T,DE,2002-01-01,82440309.0,,
ESTAT:DEMO_PJAN(1.0),08/05/26 11:00:00,A,NR,TOTAL,T,DE_TOT,2002-01-01,82440309.0,,
ESTAT:DEMO_PJAN(1.0),08/05/26 11:00:00,A,NR,TOTAL,T,DK,2002-01-01,5368354.0,,
ESTAT:DEMO_PJAN(1.0),08/05/26 11:00:00,A,NR,TOTAL,T,EE,2002-01-01,1383510.0,,
ESTAT:DEMO_PJAN(1.0),08/05/26 11:00:00,A,NR,TOTAL,T,EEA30_2007,2002-01-01,489501378.0,,
ESTAT:DEMO_PJAN(1.0),08/05/26 11:00:00,A,NR,TOTAL,T,EEA31,2002-01-01,493806872.0,,
ESTAT:DEMO_PJAN(1.0),08/05/26 11:00:00,A,NR,TOTAL,T,EFTA,2002-01-01,12099819.0,,
ESTAT:DEMO_PJAN(1.0),08/05/26 11:00:00,A,NR,TOTAL,T,EL,2002-01-01,10888274.0,,
ESTAT:DEMO_PJAN(1.0),08/05/26 11:00:00,A,NR,TOTAL,T,ES,2002-01-01,41035278.0,,
ESTAT:DEMO_PJAN(1.0),08/05/26 11:00:00,A,NR,TOTAL,T,EU27_2007,2002-01-01,484657212.0,,
ESTAT:DEMO_PJAN(1.0),08/05/26 11:00:00,A,NR,TOTAL,T,EU27_2020,2002-01-01,429723142.0,,
ESTAT:DEMO_PJAN(1.0),08/05/26 11:00:00,A,NR,TOTAL,T,EU28,2002-01-01,488962706.0,,
ESTAT:DEMO_PJAN(1.0),08/05/26 11:00:00,A,NR,TOTAL,T,FI,2002-01-01,5194901.0,,
ESTAT:DEMO_PJAN(1.0),08/05/26 11:00:00,A,NR,TOTAL,T,FR,2002-01-01,61424036.0,,
ESTAT:DEMO_PJAN(1.0),08/05/26 11:00:00,A,NR,TOTAL,T,FX,2002-01-01,59685899.0,,
ESTAT:DEMO_PJAN(1.0),08/05/26 11:00:00,A,NR,TOTAL,T,GE,2002-01-01,4371500.0,e,
ESTAT:DEMO_PJAN(1.0),08/05/26 11:00:00,A,NR,TOTAL,T,HR,2002-01-01,4305494.0,,
ESTAT:DEMO_PJAN(1.0),08/05/26 11:00:00,A,NR,TOTAL,T,HU,2002-01-01,10174853.0,,
ESTAT:DEMO_PJAN(1.0),08/05/26 11:00:00,A,NR,TOTAL,T,IE,2002-01-01,3899702.0,,
ESTAT:DEMO_PJAN(1.0),08/05/26 11:00:00,A,NR,TOTAL,T,IS,2002-01-01,286575.0,,
ESTAT:DEMO_PJAN(1.0),08/05/26 11:00:00,A,NR,TOTAL,T,IT,2002-01-01,56993270.0,,
ESTAT:DEMO_PJAN(1.0),08/05/26 11:00:00,A,NR,TOTAL,T,LI,2002-01-01,33525.0,,
ESTAT:DEMO_PJAN(1.0),08/05/26 11:00:00,A,NR,TOTAL,T,LT,2002-01-01,3454637.0,,
ESTAT:DEMO_PJAN(1.0),08/05/26 11:00:00,A,NR,TOTAL,T,LU,2002-01-01,444050.0,,
ESTAT:DEMO_PJAN(1.0),08/05/26 11:00:00,A,NR,TOTAL,T,LV,2002-01-01,2320956.0,,
ESTAT:DEMO_PJAN(1.0),08/05/26 11:00:00,A,NR,TOTAL,T,MD,2002-01-01,3627812.0,,
ESTAT:DEMO_PJAN(1.0),08/05/26 11:00:00,A,NR,TOTAL,T,ME,2002-01-01,608460.0,,
ESTAT:DEMO_PJAN(1.0),08/05/26 11:00:00,A,NR,TOTAL,T,MK,2002-01-01,2038651.0,,
ESTAT:DEMO_PJAN(1.0),08/05/26 11:00:00,A,NR,TOTAL,T,MT,2002-01-01,394641.0,,
ESTAT:DEMO_PJAN(1.0),08/05/26 11:00:00,A,NR,TOTAL,T,NL,2002-01-01,16105285.0,,
ESTAT:DEMO_PJAN(1.0),08/05/26 11:00:00,A,NR,TOTAL,T,NO,2002-01-01,4524066.0,,
ESTAT:DEMO_PJAN(1.0),08/05/26 11:00:00,A,NR,TOTAL,T,PL,2002-01-01,38242197.0,,
ESTAT:DEMO_PJAN(1.0),08/05/26 11:00:00,A,NR,TOTAL,T,PT,2002-01-01,10394669.0,,
ESTAT:DEMO_PJAN(1.0),08/05/26 11:00:00,A,NR,TOTAL,T,RO,2002-01-01,21833483.0,,
ESTAT:DEMO_PJAN(1.0),08/05/26 11:00:00,A,NR,TOTAL,T,RS,2002-01-01,7502126.0,,
ESTAT:DEMO_PJAN(1.0),08/05/26 11:00:00,A,NR,TOTAL,T,RU,2002-01-01,145649334.0,,
ESTAT:DEMO_PJAN(1.0),08/05/26 11:00:00,A,NR,TOTAL,T,SE,2002-01-01,8909128.0,,
ESTAT:DEMO_PJAN(1.0),08/05/26 11:00:00,A,NR,TOTAL,T,SI,2002-01-01,1994026.0,,
ESTAT:DEMO_PJAN(1.0),08/05/26 11:00:00,A,NR,TOTAL,T,SK,2002-01-01,5378951.0,,
ESTAT:DEMO_PJAN(1.0),08/05/26 11:00:00,A,NR,TOTAL,T,TR,2002-01-01,65603160.0,,
ESTAT:DEMO_PJAN(1.0),08/05/26 11:00:00,A,NR,TOTAL,T,UA,2002-01-01,48240902.0,,
ESTAT:DEMO_PJAN(1.0),08/05/26 11:00:00,A,NR,TOTAL,T,UK,2002-01-01,59239564.0,,
ESTAT:DEMO_PJAN(1.0),08/05/26 11:00:00,A,NR,TOTAL,T,AD,2003-01-01,67159.0,,
ESTAT:DEMO_PJAN(1.0),08/05/26 11:00:00,A,NR,TOTAL,T,AL,2003-01-01,3044993.0,,
ESTAT:DEMO_PJAN(1.0),08/05/26 11:00:00,A,NR,TOTAL,T,AM,2003-01-01,3210300.0,,
ESTAT:DEMO_PJAN(1.0),08/05/26 11:00:00,A,NR,TOTAL,T,AT,2003-01-01,8100273.0,,
ESTAT:DEMO_PJAN(1.0),08/05/26 11:00:00,A,NR,TOTAL,T,AZ,2003-01-01,8202500.0,,
ESTAT:DEMO_PJAN(1.0),08/05/26 11:00:00,A,NR,TOTAL,T,BA,2003-01-01,3830349.0,e,
ESTAT:DEMO_PJAN(1.0),08/05/26 11:00:00,A,NR,TOTAL,T,BE,2003-01-01,10355844.0,,
ESTAT:DEMO_PJAN(1.0),08/05/26 11:00:00,A,NR,TOTAL,T,BG,2003-01-01,7805506.0,,
ESTAT:DEMO_PJAN(1.0),08/05/26 11:00:00,A,NR,TOTAL,T,BY,2003-01-01,9898590.0,,
ESTAT:DEMO_PJAN(1.0),08/05/26 11:00:00,A,NR,TOTAL,T,CH,2003-01-01,7313853.0,,
ESTAT:DEMO_PJAN(1.0),08/05/26 11:00:00,A,NR,TOTAL,T,CY,2003-01-01,713720.0,,
ESTAT:DEMO_PJAN(1.0),08/05/26 11:00:00,A,NR,TOTAL,T,CZ,2003-01-01,10192649.0,,
ESTAT:DEMO_PJAN(1.0),08/05/26 11:00:00,A,NR,TOTAL,T,DE,2003-01-01,82536680.0,,
ESTAT:DEMO_PJAN(1.0),08/05/26 11:00:00,A,NR,TOTAL,T,DE_TOT,2003-01-01,82536680.0,,
ESTAT:DEMO_PJAN(1.0),08/05/26 11:00:00,A,NR,TOTAL,T,DK,2003-01-01,5383507.0,,
ESTAT:DEMO_PJAN(1.0),08/05/26 11:00:00,A,NR,TOTAL,T,EE,2003-01-01,1375190.0,,
ESTAT:DEMO_PJAN(1.0),08/05/26 11:00:00,A,NR,TOTAL,T,EEA30_2007,2003-01-01,491260780.0,,
ESTAT:DEMO_PJAN(1.0),08/05/26 11:00:00,A,NR,TOTAL,T,EEA31,2003-01-01,495566164.0,,
ESTAT:DEMO_PJAN(1.0),08/05/26 11:00:00,A,NR,TOTAL,T,EFTA,2003-01-01,12188439.0,,
ESTAT:DEMO_PJAN(1.0),08/05/26 11:00:00,A,NR,TOTAL,T,EL,2003-01-01,10915770.0,,
ESTAT:DEMO_PJAN(1.0),08/05/26 11:00:00,A,NR,TOTAL,T,ES,2003-01-01,41827838.0,,
ESTAT:DEMO_PJAN(1.0),08/05/26 11:00:00,A,NR,TOTAL,T,EU27_2007,2003-01-01,486386194.0,,
ESTAT:DEMO_PJAN(1.0),08/05/26 11:00:00,A,NR,TOTAL,T,EU27_2020,2003-01-01,431190184.0,,
ESTAT:DEMO_PJAN(1.0),08/05/26 11:00:00,A,NR,TOTAL,T,EU28,2003-01-01,490691578.0,,
ESTAT:DEMO_PJAN(1.0),08/05/26 11:00:00,A,NR,TOTAL,T,FI,2003-01-01,5206295.0,,
ESTAT:DEMO_PJAN(1.0),08/05/26 11:00:00,A,NR,TOTAL,T,FR,2003-01-01,61864088.0,,
ESTAT:DEMO_PJAN(1.0),08/05/26 11:00:00,A,NR,TOTAL,T,FX,2003-01-01,60101841.0,,
ESTAT:DEMO_PJAN(1.0),08/05/26 11:00:00,A,NR,TOTAL,T,GE,2003-01-01,4352600.0,e,
ESTAT:DEMO_PJAN(1.0),08/05/26 11:00:00,A,NR,TOTAL,T,HR,2003-01-01,4305384.0,,
ESTAT:DEMO_PJAN(1.0),08/05/26 11:00:00,A,NR,TOTAL,T,HU,2003-01-01,10142362.0,,
ESTAT:DEMO_PJAN(1.0),08/05/26 11:00:00,A,NR,TOTAL,T,IE,2003-01-01,3964191.0,,
ESTAT:DEMO_PJAN(1.0),08/05/26 11:00:00,A,NR,TOTAL,T,IS,2003-01-01,288471.0,,
ESTAT:DEMO_PJAN(1.0),08/05/26 11:00:00,A,NR,TOTAL,T,IT,2003-01-01,57186378.0,,
ESTAT:DEMO_PJAN(1.0),08/05/26 11:00:00,A,NR,TOTAL,T,LI,2003-01-01,33863.0,,
ESTAT:DEMO_PJAN(1.0),08/05/26 11:00:00,A,NR,TOTAL,T,LT,2003-01-01,3431497.0,,
ESTAT:DEMO_PJAN(1.0),08/05/26 11:00:00,A,NR,TOTAL,T,LU,2003-01-01,448300.0,,
ESTAT:DEMO_PJAN(1.0),08/05/26 11:00:00,A,NR,TOTAL,T,LV,2003-01-01,2299390.0,,
ESTAT:DEMO_PJAN(1.0),08/05/26 11:00:00,A,NR,TOTAL,T,MD,2003-01-01,3618312.0,,
ESTAT:DEMO_PJAN(1.0),08/05/26 11:00:00,A,NR,TOTAL,T,ME,2003-01-01,610510.0,,
ESTAT:DEMO_PJAN(1.0),08/05/26 11:00:00,A,NR,TOTAL,T,MK,2003-01-01,2023654.0,,
ESTAT:DEMO_PJAN(1.0),08/05/26 11:00:00,A,NR,TOTAL,T,MT,2003-01-01,397296.0,,
ESTAT:DEMO_PJAN(1.0),08/05/26 11:00:00,A,NR,TOTAL,T,NL,2003-01-01,16192572.0,,
ESTAT:DEMO_PJAN(1.0),08/05/26 11:00:00,A,NR,TOTAL,T,NO,2003-01-01,4552252.0,,
ESTAT:DEMO_PJAN(1.0),08/05/26 11:00:00,A,NR,TOTAL,T,PL,2003-01-01,38218531.0,,
ESTAT:DEMO_PJAN(1.0),08/05/26 11:00:00,A,NR,TOTAL,T,PT,2003-01-01,10444592.0,,
ESTAT:DEMO_PJAN(1.0),08/05/26 11:00:00,A,NR,TOTAL,T,RO,2003-01-01,21627509.0,,
ESTAT:DEMO_PJAN(1.0),08/05/26 11:00:00,A,NR,TOTAL,T,RS,2003-01-01,7490918.0,,
ESTAT:DEMO_PJAN(1.0),08/05/26 11:00:00,A,NR,TOTAL,T,RU,2003-01-01,145166731.0,,
ESTAT:DEMO_PJAN(1.0),08/05/26 11:00:00,A,NR,TOTAL,T,SE,2003-01-01,8940788.0,,
ESTAT:DEMO_PJAN(1.0),08/05/26 11:00:00,A,NR,TOTAL,T,SI,2003-01-01,1995033.0,,
ESTAT:DEMO_PJAN(1.0),08/05/26 11:00:00,A,NR,TOTAL,T,SK,2003-01-01,5374873.0,,
ESTAT:DEMO_PJAN(1.0),08/05/26 11:00:00,A,NR,TOTAL,T,TR,2003-01-01,66401851.0,,
ESTAT:DEMO_PJAN(1.0),08/05/26 11:00:00,A,NR,TOTAL,T,UA,2003-01-01,47823108.0,,
ESTAT:DEMO_PJAN(1.0),08/05/26 11:00:00,A,NR,TOTAL,T,UK,2003-01-01,59501394.0,,
ESTAT:DEMO_PJAN(1.0),08/05/26 11:00:00,A,NR,TOTAL,T,XK,2003-01-01,1985000.0,,
ESTAT:DEMO_PJAN(1.0),08/05/26 11:00:00,A,NR,TOTAL,T,AD,2004-01-01,72320.0,,
ESTAT:DEMO_PJAN(1.0),08/05/26 11:00:00,A,NR,TOTAL,T,AL,2004-01-01,3034231.0,,
ESTAT:DEMO_PJAN(1.0),08/05/26 11:00:00,A,NR,TOTAL,T,AM,2004-01-01,3212200.0,,
ESTAT:DEMO_PJAN(1.0),08/05/26 11:00:00,A,NR,TOTAL,T,AT,2004-01-01,8142573.0,,
ESTAT:DEMO_PJAN(1.0),08/05/26 11:00:00,A,NR,TOTAL,T,AZ,2004-01-01,8265700.0,,
ESTAT:DEMO_PJAN(1.0),08/05/26 11:00:00,A,NR,TOTAL,T,BA,2004-01-01,3837414.0,e,
ESTAT:DEMO_PJAN(1.0),08/05/26 11:00:00,A,NR,TOTAL,T,BE,2004-01-01,10396421.0,,
ESTAT:DEMO_PJAN(1.0),08/05/26 11:00:00,A,NR,TOTAL,T,BG,2004-01-01,7745147.0,,
ESTAT:DEMO_PJAN(1.0),08/05/26 11:00:00,A,NR,TOTAL,T,BY,2004-01-01,9849062.0,,
ESTAT:DEMO_PJAN(1.0),08/05/26 11:00:00,A,NR,TOTAL,T,CH,2004-01-01,7364148.0,,
ESTAT:DEMO_PJAN(1.0),08/05/26 11:00:00,A,NR,TOTAL,T,CY,2004-01-01,722893.0,,
ESTAT:DEMO_PJAN(1.0),08/05/26 11:00:00,A,NR,TOTAL,T,CZ,2004-01-01,10195347.0,,
ESTAT:DEMO_PJAN(1.0),08/05/26 11:00:00,A,NR,TOTAL,T,DE,2004-01-01,82531671.0,,
ESTAT:DEMO_PJAN(1.0),08/05/26 11:00:00,A,NR,TOTAL,T,DE_TOT,2004-01-01,82531671.0,,
ESTAT:DEMO_PJAN(1.0),08/05/26 11:00:00,A,NR,TOTAL,T,DK,2004-01-01,5397640.0,,
ESTAT:DEMO_PJAN(1.0),08/05/26 11:00:00,A,NR,TOTAL,T,EE,2004-01-01,1366250.0,,
ESTAT:DEMO_PJAN(1.0),08/05/26 11:00:00,A,NR,TOTAL,T,EEA30_2007,2004-01-01,493152394.0,,
ESTAT:DEMO_PJAN(1.0),08/05/26 11:00:00,A,NR,TOTAL,T,EEA31,2004-01-01,497458119.0,,
ESTAT:DEMO_PJAN(1.0),08/05/26 11:00:00,A,NR,TOTAL,T,EFTA,2004-01-01,12266469.0,,
ESTAT:DEMO_PJAN(1.0),08/05/26 11:00:00,A,NR,TOTAL,T,EL,2004-01-01,10940369.0,,
ESTAT:DEMO_PJAN(1.0),08/05/26 11:00:00,A,NR,TOTAL,T,ES,2004-01-01,42547451.0,,
ESTAT:DEMO_PJAN(1.0),08/05/26 11:00:00,A,NR,TOTAL,T,EU27_2007,2004-01-01,488250073.0,,
ESTAT:DEMO_PJAN(1.0),08/05/26 11:00:00,A,NR,TOTAL,T,EU27_2020,2004-01-01,432762039.0,,
ESTAT:DEMO_PJAN(1.0),08/05/26 11:00:00,A,NR,TOTAL,T,EU28,2004-01-01,492555798.0,,
ESTAT:DEMO_PJAN(1.0),08/05/26 11:00:00,A,NR,TOTAL,T,FI,2004-01-01,5219732.0,,
ESTAT:DEMO_PJAN(1.0),08/05/26 11:00:00,A,NR,TOTAL,T,FR,2004-01-01,62292241.0,,
ESTAT:DEMO_PJAN(1.0),08/05/26 11:00:00,A,NR,TOTAL,T,FX,2004-01-01,60505421.0,,
ESTAT:DEMO_PJAN(1.0),08/05/26 11:00:00,A,NR,TOTAL,T,GE,2004-01-01,4315200.0,e,
ESTAT:DEMO_PJAN(1.0),08/05/26 11:00:00,A,NR,TOTAL,T,HR,2004-01-01,4305725.0,,
ESTAT:DEMO_PJAN(1.0),08/05/26 11:00:00,A,NR,TOTAL,T,HU,2004-01-01,10116742.0,,
ESTAT:DEMO_PJAN(1.0),08/05/26 11:00:00,A,NR,TOTAL,T,IE,2004-01-01,4028851.0,,
ESTAT:DEMO_PJAN(1.0),08/05/26 11:00:00,A,NR,TOTAL,T,IS,2004-01-01,290570.0,,
ESTAT:DEMO_PJAN(1.0),08/05/26 11:00:00,A,NR,TOTAL,T,IT,2004-01-01,57611990.0,,
ESTAT:DEMO_PJAN(1.0),08/05/26 11:00:00,A,NR,TOTAL,T,LI,2004-01-01,34294.0,,
ESTAT:DEMO_PJAN(1.0),08/05/26 11:00:00,A,NR,TOTAL,T,LT,2004-01-01,3398929.0,,
ESTAT:DEMO_PJAN(1.0),08/05/26 11:00:00,A,NR,TOTAL,T,LU,2004-01-01,454960.0,,
ESTAT:DEMO_PJAN(1.0),08/05/26 11:00:00,A,NR,TOTAL,T,LV,2004-01-01,2276520.0,,
ESTAT:DEMO_PJAN(1.0),08/05/26 11:00:00,A,NR,TOTAL,T,MC,2004-01-01,32828.0,,
ESTAT:DEMO_PJAN(1.0),08/05/26 11:00:00,A,NR,TOTAL,T,MD,2004-01-01,3607435.0,,
ESTAT:DEMO_PJAN(1.0),08/05/26 11:00:00,A,NR,TOTAL,T,ME,2004-01-01,612214.0,,
ESTAT:DEMO_PJAN(1.0),08/05/26 11:00:00,A,NR,TOTAL,T,MK,2004-01-01,2029892.0,,
ESTAT:DEMO_PJAN(1.0),08/05/26 11:00:00,A,NR,TOTAL,T,MT,2004-01-01,399867.0,,
ESTAT:DEMO_PJAN(1.0),08/05/26 11:00:00,A,NR,TOTAL,T,NL,2004-01-01,16258032.0,,
ESTAT:DEMO_PJAN(1.0),08/05/26 11:00:00,A,NR,TOTAL,T,NO,2004-01-01,4577457.0,,
ESTAT:DEMO_PJAN(1.0),08/05/26 11:00:00,A,NR,TOTAL,T,PL,2004-01-01,38190608.0,,
ESTAT:DEMO_PJAN(1.0),08/05/26 11:00:00,A,NR,TOTAL,T,PT,2004-01-01,10473050.0,,
ESTAT:DEMO_PJAN(1.0),08/05/26 11:00:00,A,NR,TOTAL,T,RO,2004-01-01,21521142.0,,
ESTAT:DEMO_PJAN(1.0),08/05/26 11:00:00,A,NR,TOTAL,T,RS,2004-01-01,7470263.0,,
ESTAT:DEMO_PJAN(1.0),08/05/26 11:00:00,A,NR,TOTAL,T,RU,2004-01-01,144168205.0,,
ESTAT:DEMO_PJAN(1.0),08/05/26 11:00:00,A,NR,TOTAL,T,SE,2004-01-01,8975670.0,,
ESTAT:DEMO_PJAN(1.0),08/05/26 11:00:00,A,NR,TOTAL,T,SI,2004-01-01,1996433.0,,
ESTAT:DEMO_PJAN(1.0),08/05/26 11:00:00,A,NR,TOTAL,T,SK,2004-01-01,5371875.0,,
ESTAT:DEMO_PJAN(1.0),08/05/26 11:00:00,A,NR,TOTAL,T,SM,2004-01-01,29241.0,,
ESTAT:DEMO_PJAN(1.0),08/05/26 11:00:00,A,NR,TOTAL,T,TR,2004-01-01,67187251.0,,
ESTAT:DEMO_PJAN(1.0),08/05/26 11:00:00,A,NR,TOTAL,T,UA,2004-01-01,47442079.0,,
ESTAT:DEMO_PJAN(1.0),08/05/26 11:00:00,A,NR,TOTAL,T,UK,2004-01-01,59793759.0,,
ESTAT:DEMO_PJAN(1.0),08/05/26 11:00:00,A,NR,TOTAL,T,XK,2004-01-01,2016000.0,,
ESTAT:DEMO_PJAN(1.0),08/05/26 11:00:00,A,NR,TOTAL,T,AD,2005-01-01,76875.0,,
ESTAT:DEMO_PJAN(1.0),08/05/26 11:00:00,A,NR,TOTAL,T,AL,2005-01-01,3019634.0,,
ESTAT:DEMO_PJAN(1.0),08/05/26 11:00:00,A,NR,TOTAL,T,AM,2005-01-01,3215800.0,,
ESTAT:DEMO_PJAN(1.0),08/05/26 11:00:00,A,NR,TOTAL,T,AT,2005-01-01,8201359.0,,
ESTAT:DEMO_PJAN(1.0),08/05/26 11:00:00,A,NR,TOTAL,T,AZ,2005-01-01,8347300.0,,
ESTAT:DEMO_PJAN(1.0),08/05/26 11:00:00,A,NR,TOTAL,T,BA,2005-01-01,3842532.0,e,
ESTAT:DEMO_PJAN(1.0),08/05/26 11:00:00,A,NR,TOTAL,T,BE,2005-01-01,10445852.0,,
ESTAT:DEMO_PJAN(1.0),08/05/26 11:00:00,A,NR,TOTAL,T,BG,2005-01-01,7688573.0,,
ESTAT:DEMO_PJAN(1.0),08/05/26 11:00:00,A,NR,TOTAL,T,BY,2005-01-01,9800073.0,,
ESTAT:DEMO_PJAN(1.0),08/05/26 11:00:00,A,NR,TOTAL,T,CH,2005-01-01,7415102.0,,
ESTAT:DEMO_PJAN(1.0),08/05/26 11:00:00,A,NR,TOTAL,T,CY,2005-01-01,733067.0,,
ESTAT:DEMO_PJAN(1.0),08/05/26 11:00:00,A,NR,TOTAL,T,CZ,2005-01-01,10198855.0,,
ESTAT:DEMO_PJAN(1.0),08/05/26 11:00:00,A,NR,TOTAL,T,DE,2005-01-01,82500849.0,,
ESTAT:DEMO_PJAN(1.0),08/05/26 11:00:00,A,NR,TOTAL,T,DE_TOT,2005-01-01,82500849.0,,
ESTAT:DEMO_PJAN(1.0),08/05/26 11:00:00,A,NR,TOTAL,T,DK,2005-01-01,5411405.0,,
ESTAT:DEMO_PJAN(1.0),08/05/26 11:00:00,A,NR,TOTAL,T,EE,2005-01-01,1358850.0,,
ESTAT:DEMO_PJAN(1.0),08/05/26 11:00:00,A,NR,TOTAL,T,EEA30_2007,2005-01-01,495222001.0,,
ESTAT:DEMO_PJAN(1.0),08/05/26 11:00:00,A,NR,TOTAL,T,EEA31,2005-01-01,499532862.0,,
ESTAT:DEMO_PJAN(1.0),08/05/26 11:00:00,A,NR,TOTAL,T,EFTA,2005-01-01,12349642.0,,
ESTAT:DEMO_PJAN(1.0),08/05/26 11:00:00,A,NR,TOTAL,T,EL,2005-01-01,10969912.0,,
ESTAT:DEMO_PJAN(1.0),08/05/26 11:00:00,A,NR,TOTAL,T,ES,2005-01-01,43296338.0,,
ESTAT:DEMO_PJAN(1.0),08/05/26 11:00:00,A,NR,TOTAL,T,EU27_2007,2005-01-01,490287461.0,,
ESTAT:DEMO_PJAN(1.0),08/05/26 11:00:00,A,NR,TOTAL,T,EU27_2020,2005-01-01,434416272.0,,
ESTAT:DEMO_PJAN(1.0),08/05/26 11:00:00,A,NR,TOTAL,T,EU28,2005-01-01,494598322.0,,
ESTAT:DEMO_PJAN(1.0),08/05/26 11:00:00,A,NR,TOTAL,T,FI,2005-01-01,5236611.0,,
ESTAT:DEMO_PJAN(1.0),08/05/26 11:00:00,A,NR,TOTAL,T,FR,2005-01-01,62772870.0,,
ESTAT:DEMO_PJAN(1.0),08/05/26 11:00:00,A,NR,TOTAL,T,FX,2005-01-01,60963264.0,,
ESTAT:DEMO_PJAN(1.0),08/05/26 11:00:00,A,NR,TOTAL,T,GE,2005-01-01,4321500.0,e,
ESTAT:DEMO_PJAN(1.0),08/05/26 11:00:00,A,NR,TOTAL,T,HR,2005-01-01,4310861.0,,
ESTAT:DEMO_PJAN(1.0),08/05/26 11:00:00,A,NR,TOTAL,T,HU,2005-01-01,10097549.0,,
ESTAT:DEMO_PJAN(1.0),08/05/26 11:00:00,A,NR,TOTAL,T,IE,2005-01-01,4111672.0,,
ESTAT:DEMO_PJAN(1.0),08/05/26 11:00:00,A,NR,TOTAL,T,IS,2005-01-01,293577.0,,
ESTAT:DEMO_PJAN(1.0),08/05/26 11:00:00,A,NR,TOTAL,T,IT,2005-01-01,58044368.0,,
ESTAT:DEMO_PJAN(1.0),08/05/26 11:00:00,A,NR,TOTAL,T,LI,2005-01-01,34600.0,,
ESTAT:DEMO_PJAN(1.0),08/05/26 11:00:00,A,NR,TOTAL,T,LT,2005-01-01,3355220.0,,
ESTAT:DEMO_PJAN(1.0),08/05/26 11:00:00,A,NR,TOTAL,T,LU,2005-01-01,461230.0,,
ESTAT:DEMO_PJAN(1.0),08/05/26 11:00:00,A,NR,TOTAL,T,LV,2005-01-01,2249724.0,,
ESTAT:DEMO_PJAN(1.0),08/05/26 11:00:00,A,NR,TOTAL,T,MC,2005-01-01,33085.0,,
ESTAT:DEMO_PJAN(1.0),08/05/26 11:00:00,A,NR,TOTAL,T,MD,2005-01-01,3600436.0,,
ESTAT:DEMO_PJAN(1.0),08/05/26 11:00:00,A,NR,TOTAL,T,ME,2005-01-01,613420.0,,
ESTAT:DEMO_PJAN(1.0),08/05/26 11:00:00,A,NR,TOTAL,T,MK,2005-01-01,2035196.0,,
ESTAT:DEMO_PJAN(1.0),08/05/26 11:00:00,A,NR,TOTAL,T,MT,2005-01-01,402668.0,,
ESTAT:DEMO_PJAN(1.0),08/05/26 11:00:00,A,NR,TOTAL,T,NL,2005-01-01,16305526.0,,
ESTAT:DEMO_PJAN(1.0),08/05/26 11:00:00,A,NR,TOTAL,T,NO,2005-01-01,4606363.0,,
ESTAT:DEMO_PJAN(1.0),08/05/26 11:00:00,A,NR,TOTAL,T,PL,2005-01-01,38173835.0,,
ESTAT:DEMO_PJAN(1.0),08/05/26 11:00:00,A,NR,TOTAL,T,PT,2005-01-01,10494672.0,,
ESTAT:DEMO_PJAN(1.0),08/05/26 11:00:00,A,NR,TOTAL,T,RO,2005-01-01,21382354.0,,
ESTAT:DEMO_PJAN(1.0),08/05/26 11:00:00,A,NR,TOTAL,T,RS,2005-01-01,7456050.0,,
ESTAT:DEMO_PJAN(1.0),08/05/26 11:00:00,A,NR,TOTAL,T,RU,2005-01-01,143474219.0,,
ESTAT:DEMO_PJAN(1.0),08/05/26 11:00:00,A,NR,TOTAL,T,SE,2005-01-01,9011392.0,,
ESTAT:DEMO_PJAN(1.0),08/05/26 11:00:00,A,NR,TOTAL,T,SI,2005-01-01,1997590.0,,
ESTAT:DEMO_PJAN(1.0),08/05/26 11:00:00,A,NR,TOTAL,T,SK,2005-01-01,5372685.0,,
ESTAT:DEMO_PJAN(1.0),08/05/26 11:00:00,A,NR,TOTAL,T,SM,2005-01-01,29673.0,,
ESTAT:DEMO_PJAN(1.0),08/05/26 11:00:00,A,NR,TOTAL,T,TR,2005-01-01,68010221.0,,
ESTAT:DEMO_PJAN(1.0),08/05/26 11:00:00,A,NR,TOTAL,T,UA,2005-01-01,47100462.0,,
ESTAT:DEMO_PJAN(1.0),08/05/26 11:00:00,A,NR,TOTAL,T,UK,2005-01-01,60182050.0,,
ESTAT:DEMO_PJAN(1.0),08/05/26 11:00:00,A,NR,TOTAL,T,XK,2005-01-01,2041000.0,,
ESTAT:DEMO_PJAN(1.0),08/05/26 11:00:00,A,NR,TOTAL,T,AD,2006-01-01,78549.0,,
ESTAT:DEMO_PJAN(1.0),08/05/26 11:00:00,A,NR,TOTAL,T,AL,2006-01-01,3003329.0,,
ESTAT:DEMO_PJAN(1.0),08/05/26 11:00:00,A,NR,TOTAL,T,AM,2006-01-01,3219234.0,,
ESTAT:DEMO_PJAN(1.0),08/05/26 11:00:00,A,NR,TOTAL,T,AT,2006-01-01,8254298.0,,
ESTAT:DEMO_PJAN(1.0),08/05/26 11:00:00,A,NR,TOTAL,T,AZ,2006-01-01,8436400.0,,
ESTAT:DEMO_PJAN(1.0),08/05/26 11:00:00,A,NR,TOTAL,T,BA,2006-01-01,3842650.0,,
ESTAT:DEMO_PJAN(1.0),08/05/26 11:00:00,A,NR,TOTAL,T,BE,2006-01-01,10511382.0,,
ESTAT:DEMO_PJAN(1.0),08/05/26 11:00:00,A,NR,TOTAL,T,BG,2006-01-01,7629371.0,,
ESTAT:DEMO_PJAN(1.0),08/05/26 11:00:00,A,NR,TOTAL,T,BY,2006-01-01,9750540.0,,
ESTAT:DEMO_PJAN(1.0),08/05/26 11:00:00,A,NR,TOTAL,T,CH,2006-01-01,7459128.0,,
ESTAT:DEMO_PJAN(1.0),08/05/26 11:00:00,A,NR,TOTAL,T,CY,2006-01-01,744013.0,,
ESTAT:DEMO_PJAN(1.0),08/05/26 11:00:00,A,NR,TOTAL,T,CZ,2006-01-01,10223577.0,,
ESTAT:DEMO_PJAN(1.0),08/05/26 11:00:00,A,NR,TOTAL,T,DE,2006-01-01,82437995.0,,
ESTAT:DEMO_PJAN(1.0),08/05/26 11:00:00,A,NR,TOTAL,T,DE_TOT,2006-01-01,82437995.0,,
ESTAT:DEMO_PJAN(1.0),08/05/26 11:00:00,A,NR,TOTAL,T,DK,2006-01-01,5427459.0,,
ESTAT:DEMO_PJAN(1.0),08/05/26 11:00:00,A,NR,TOTAL,T,EE,2006-01-01,1350700.0,,
ESTAT:DEMO_PJAN(1.0),08/05/26 11:00:00,A,NR,TOTAL,T,EEA30_2007,2006-01-01,497099125.0,,
ESTAT:DEMO_PJAN(1.0),08/05/26 11:00:00,A,NR,TOTAL,T,EEA31,2006-01-01,501411612.0,,
ESTAT:DEMO_PJAN(1.0),08/05/26 11:00:00,A,NR,TOTAL,T,EFTA,2006-01-01,12434143.0,,
ESTAT:DEMO_PJAN(1.0),08/05/26 11:00:00,A,NR,TOTAL,T,EL,2006-01-01,11004716.0,,
ESTAT:DEMO_PJAN(1.0),08/05/26 11:00:00,A,NR,TOTAL,T,ES,2006-01-01,44009971.0,,
ESTAT:DEMO_PJAN(1.0),08/05/26 11:00:00,A,NR,TOTAL,T,EU27_2007,2006-01-01,492124110.0,,
ESTAT:DEMO_PJAN(1.0),08/05/26 11:00:00,A,NR,TOTAL,T,EU27_2020,2006-01-01,435816236.0,,
ESTAT:DEMO_PJAN(1.0),08/05/26 11:00:00,A,NR,TOTAL,T,EU28,2006-01-01,496436597.0,,
ESTAT:DEMO_PJAN(1.0),08/05/26 11:00:00,A,NR,TOTAL,T,FI,2006-01-01,5255580.0,,
ESTAT:DEMO_PJAN(1.0),08/05/26 11:00:00,A,NR,TOTAL,T,FR,2006-01-01,63229635.0,,
ESTAT:DEMO_PJAN(1.0),08/05/26 11:00:00,A,NR,TOTAL,T,FX,2006-01-01,61399733.0,,
ESTAT:DEMO_PJAN(1.0),08/05/26 11:00:00,A,NR,TOTAL,T,GE,2006-01-01,4401292.0,,
ESTAT:DEMO_PJAN(1.0),08/05/26 11:00:00,A,NR,TOTAL,T,HR,2006-01-01,4312487.0,,
ESTAT:DEMO_PJAN(1.0),08/05/26 11:00:00,A,NR,TOTAL,T,HU,2006-01-01,10076581.0,,
ESTAT:DEMO_PJAN(1.0),08/05/26 11:00:00,A,NR,TOTAL,T,IE,2006-01-01,4208156.0,,
ESTAT:DEMO_PJAN(1.0),08/05/26 11:00:00,A,NR,TOTAL,T,IS,2006-01-01,299891.0,,
ESTAT:DEMO_PJAN(1.0),08/05/26 11:00:00,A,NR,TOTAL,T,IT,2006-01-01,58288996.0,,
ESTAT:DEMO_PJAN(1.0),08/05/26 11:00:00,A,NR,TOTAL,T,LI,2006-01-01,34905.0,,
ESTAT:DEMO_PJAN(1.0),08/05/26 11:00:00,A,NR,TOTAL,T,LT,2006-01-01,3289835.0,,
ESTAT:DEMO_PJAN(1.0),08/05/26 11:00:00,A,NR,TOTAL,T,LU,2006-01-01,469086.0,,
ESTAT:DEMO_PJAN(1.0),08/05/26 11:00:00,A,NR,TOTAL,T,LV,2006-01-01,2227874.0,,
ESTAT:DEMO_PJAN(1.0),08/05/26 11:00:00,A,NR,TOTAL,T,MD,2006-01-01,3589936.0,,
ESTAT:DEMO_PJAN(1.0),08/05/26 11:00:00,A,NR,TOTAL,T,ME,2006-01-01,613109.0,,
ESTAT:DEMO_PJAN(1.0),08/05/26 11:00:00,A,NR,TOTAL,T,MK,2006-01-01,2038514.0,,
ESTAT:DEMO_PJAN(1.0),08/05/26 11:00:00,A,NR,TOTAL,T,MT,2006-01-01,404999.0,,
ESTAT:DEMO_PJAN(1.0),08/05/26 11:00:00,A,NR,TOTAL,T,NL,2006-01-01,16334210.0,,
ESTAT:DEMO_PJAN(1.0),08/05/26 11:00:00,A,NR,TOTAL,T,NO,2006-01-01,4640219.0,,
ESTAT:DEMO_PJAN(1.0),08/05/26 11:00:00,A,NR,TOTAL,T,PL,2006-01-01,38157055.0,,
ESTAT:DEMO_PJAN(1.0),08/05/26 11:00:00,A,NR,TOTAL,T,PT,2006-01-01,10511988.0,,
ESTAT:DEMO_PJAN(1.0),08/05/26 11:00:00,A,NR,TOTAL,T,RO,2006-01-01,21257016.0,,
ESTAT:DEMO_PJAN(1.0),08/05/26 11:00:00,A,NR,TOTAL,T,RS,2006-01-01,7425487.0,,
ESTAT:DEMO_PJAN(1.0),08/05/26 11:00:00,A,NR,TOTAL,T,RU,2006-01-01,142753551.0,,
ESTAT:DEMO_PJAN(1.0),08/05/26 11:00:00,A,NR,TOTAL,T,SE,2006-01-01,9047752.0,,
ESTAT:DEMO_PJAN(1.0),08/05/26 11:00:00,A,NR,TOTAL,T,SI,2006-01-01,2003358.0,,
ESTAT:DEMO_PJAN(1.0),08/05/26 11:00:00,A,NR,TOTAL,T,SK,2006-01-01,5372928.0,,
ESTAT:DEMO_PJAN(1.0),08/05/26 11:00:00,A,NR,TOTAL,T,SM,2006-01-01,29999.0,,
ESTAT:DEMO_PJAN(1.0),08/05/26 11:00:00,A,NR,TOTAL,T,TR,2006-01-01,68860539.0,,
ESTAT:DEMO_PJAN(1.0),08/05/26 11:00:00,A,NR,TOTAL,T,UA,2006-01-01,46749170.0,,
ESTAT:DEMO_PJAN(1.0),08/05/26 11:00:00,A,NR,TOTAL,T,UK,2006-01-01,60620361.0,,
ESTAT:DEMO_PJAN(1.0),08/05/26 11:00:00,A,NR,TOTAL,T,XK,2006-01-01,2100000.0,,
ESTAT:DEMO_PJAN(1.0),08/05/26 11:00:00,A,NR,TOTAL,T,AD,2007-01-01,81222.0,,
ESTAT:DEMO_PJAN(1.0),08/05/26 11:00:00,A,NR,TOTAL,T,AL,2007-01-01,2981755.0,,
ESTAT:DEMO_PJAN(1.0),08/05/26 11:00:00,A,NR,TOTAL,T,AM,2007-01-01,3222953.0,,
ESTAT:DEMO_PJAN(1.0),08/05/26 11:00:00,A,NR,TOTAL,T,AT,2007-01-01,8282984.0,,
ESTAT:DEMO_PJAN(1.0),08/05/26 11:00:00,A,NR,TOTAL,T,AZ,2007-01-01,8532700.0,,
ESTAT:DEMO_PJAN(1.0),08/05/26 11:00:00,A,NR,TOTAL,T,BA,2007-01-01,3844017.0,,
ESTAT:DEMO_PJAN(1.0),08/05/26 11:00:00,A,NR,TOTAL,T,BE,2007-01-01,10584534.0,,
ESTAT:DEMO_PJAN(1.0),08/05/26 11:00:00,A,NR,TOTAL,T,BG,2007-01-01,7572673.0,,
ESTAT:DEMO_PJAN(1.0),08/05/26 11:00:00,A,NR,TOTAL,T,BY,2007-01-01,9714461.0,,
ESTAT:DEMO_PJAN(1.0),08/05/26 11:00:00,A,NR,TOTAL,T,CH,2007-01-01,7508739.0,,
ESTAT:DEMO_PJAN(1.0),08/05/26 11:00:00,A,NR,TOTAL,T,CY,2007-01-01,757916.0,,
ESTAT:DEMO_PJAN(1.0),08/05/26 11:00:00,A,NR,TOTAL,T,CZ,2007-01-01,10254233.0,,
ESTAT:DEMO_PJAN(1.0),08/05/26 11:00:00,A,NR,TOTAL,T,DE,2007-01-01,82314906.0,,
ESTAT:DEMO_PJAN(1.0),08/05/26 11:00:00,A,NR,TOTAL,T,DE_TOT,2007-01-01,82314906.0,,
ESTAT:DEMO_PJAN(1.0),08/05/26 11:00:00,A,NR,TOTAL,T,DK,2007-01-01,5447084.0,,
ESTAT:DEMO_PJAN(1.0),08/05/26 11:00:00,A,NR,TOTAL,T,EE,2007-01-01,1342920.0,,
ESTAT:DEMO_PJAN(1.0),08/05/26 11:00:00,A,NR,TOTAL,T,EEA30_2007,2007-01-01,499011219.0,,
ESTAT:DEMO_PJAN(1.0),08/05/26 11:00:00,A,NR,TOTAL,T,EEA31,2007-01-01,503324749.0,,
ESTAT:DEMO_PJAN(1.0),08/05/26 11:00:00,A,NR,TOTAL,T,EFTA,2007-01-01,12532713.0,,
ESTAT:DEMO_PJAN(1.0),08/05/26 11:00:00,A,NR,TOTAL,T,EL,2007-01-01,11036008.0,,
ESTAT:DEMO_PJAN(1.0),08/05/26 11:00:00,A,NR,TOTAL,T,ES,2007-01-01,44784666.0,,
ESTAT:DEMO_PJAN(1.0),08/05/26 11:00:00,A,NR,TOTAL,T,EU27_2007,2007-01-01,493987245.0,,
ESTAT:DEMO_PJAN(1.0),08/05/26 11:00:00,A,NR,TOTAL,T,EU27_2020,2007-01-01,437227496.0,,
ESTAT:DEMO_PJAN(1.0),08/05/26 11:00:00,A,NR,TOTAL,T,EU28,2007-01-01,498300775.0,,
ESTAT:DEMO_PJAN(1.0),08/05/26 11:00:00,A,NR,TOTAL,T,FI,2007-01-01,5276955.0,,
ESTAT:DEMO_PJAN(1.0),08/05/26 11:00:00,A,NR,TOTAL,T,FR,2007-01-01,63645065.0,,
ESTAT:DEMO_PJAN(1.0),08/05/26 11:00:00,A,NR,TOTAL,T,FX,2007-01-01,61795238.0,,
ESTAT:DEMO_PJAN(1.0),08/05/26 11:00:00,A,NR,TOTAL,T,GE,2007-01-01,4394702.0,,
ESTAT:DEMO_PJAN(1.0),08/05/26 11:00:00,A,NR,TOTAL,T,HR,2007-01-01,4313530.0,,
ESTAT:DEMO_PJAN(1.0),08/05/26 11:00:00,A,NR,TOTAL,T,HU,2007-01-01,10066158.0,,
ESTAT:DEMO_PJAN(1.0),08/05/26 11:00:00,A,NR,TOTAL,T,IE,2007-01-01,4340118.0,,
ESTAT:DEMO_PJAN(1.0),08/05/26 11:00:00,A,NR,TOTAL,T,IS,2007-01-01,307672.0,,
ESTAT:DEMO_PJAN(1.0),08/05/26 11:00:00,A,NR,TOTAL,T,IT,2007-01-01,58510725.0,,
ESTAT:DEMO_PJAN(1.0),08/05/26 11:00:00,A,NR,TOTAL,T,LI,2007-01-01,35168.0,,
ESTAT:DEMO_PJAN(1.0),08/05/26 11:00:00,A,NR,TOTAL,T,LT,2007-01-01,3249983.0,,
ESTAT:DEMO_PJAN(1.0),08/05/26 11:00:00,A,NR,TOTAL,T,LU,2007-01-01,476187.0,,
ESTAT:DEMO_PJAN(1.0),08/05/26 11:00:00,A,NR,TOTAL,T,LV,2007-01-01,2208840.0,,
ESTAT:DEMO_PJAN(1.0),08/05/26 11:00:00,A,NR,TOTAL,T,MD,2007-01-01,3581110.0,,
ESTAT:DEMO_PJAN(1.0),08/05/26 11:00:00,A,NR,TOTAL,T,ME,2007-01-01,614624.0,,
ESTAT:DEMO_PJAN(1.0),08/05/26 11:00:00,A,NR,TOTAL,T,MK,2007-01-01,2041941.0,,
ESTAT:DEMO_PJAN(1.0),08/05/26 11:00:00,A,NR,TOTAL,T,MT,2007-01-01,405616.0,,
ESTAT:DEMO_PJAN(1.0),08/05/26 11:00:00,A,NR,TOTAL,T,NL,2007-01-01,16357992.0,,
ESTAT:DEMO_PJAN(1.0),08/05/26 11:00:00,A,NR,TOTAL,T,NO,2007-01-01,4681134.0,,
ESTAT:DEMO_PJAN(1.0),08/05/26 11:00:00,A,NR,TOTAL,T,PL,2007-01-01,38125479.0,,
ESTAT:DEMO_PJAN(1.0),08/05/26 11:00:00,A,NR,TOTAL,T,PT,2007-01-01,10532588.0,,
ESTAT:DEMO_PJAN(1.0),08/05/26 11:00:00,A,NR,TOTAL,T,RO,2007-01-01,21130503.0,,
ESTAT:DEMO_PJAN(1.0),08/05/26 11:00:00,A,NR,TOTAL,T,RS,2007-01-01,7397651.0,,
ESTAT:DEMO_PJAN(1.0),08/05/26 11:00:00,A,NR,TOTAL,T,RU,2007-01-01,142220968.0,,
ESTAT:DEMO_PJAN(1.0),08/05/26 11:00:00,A,NR,TOTAL,T,SE,2007-01-01,9113257.0,,
ESTAT:DEMO_PJAN(1.0),08/05/26 11:00:00,A,NR,TOTAL,T,SI,2007-01-01,2010377.0,,
ESTAT:DEMO_PJAN(1.0),08/05/26 11:00:00,A,NR,TOTAL,T,SK,2007-01-01,5373180.0,,
ESTAT:DEMO_PJAN(1.0),08/05/26 11:00:00,A,NR,TOTAL,T,SM,2007-01-01,30368.0,,
ESTAT:DEMO_PJAN(1.0),08/05/26 11:00:00,A,NR,TOTAL,T,TR,2007-01-01,69729967.0,,
ESTAT:DEMO_PJAN(1.0),08/05/26 11:00:00,A,NR,TOTAL,T,UA,2007-01-01,46465691.0,,
ESTAT:DEMO_PJAN(1.0),08/05/26 11:00:00,A,NR,TOTAL,T,UK,2007-01-01,61073279.0,,
ESTAT:DEMO_PJAN(1.0),08/05/26 11:00:00,A,NR,TOTAL,T,XK,2007-01-01,2126708.0,,
ESTAT:DEMO_PJAN(1.0),08/05/26 11:00:00,A,NR,TOTAL,T,AD,2008-01-01,83137.0,,
ESTAT:DEMO_PJAN(1.0),08/05/26 11:00:00,A,NR,TOTAL,T,AL,2008-01-01,2958266.0,,
ESTAT:DEMO_PJAN(1.0),08/05/26 11:00:00,A,NR,TOTAL,T,AM,2008-01-01,3230086.0,,
ESTAT:DEMO_PJAN(1.0),08/05/26 11:00:00,A,NR,TOTAL,T,AT,2008-01-01,8307989.0,,
ESTAT:DEMO_PJAN(1.0),08/05/26 11:00:00,A,NR,TOTAL,T,AZ,2008-01-01,8629900.0,,
ESTAT:DEMO_PJAN(1.0),08/05/26 11:00:00,A,NR,TOTAL,T,BA,2008-01-01,3843846.0,,
ESTAT:DEMO_PJAN(1.0),08/05/26 11:00:00,A,NR,TOTAL,T,BE,2008-01-01,10666866.0,,
ESTAT:DEMO_PJAN(1.0),08/05/26 11:00:00,A,NR,TOTAL,T,BG,2008-01-01,7518002.0,,
ESTAT:DEMO_PJAN(1.0),08/05/26 11:00:00,A,NR,TOTAL,T,BY,2008-01-01,9689770.0,,
ESTAT:DEMO_PJAN(1.0),08/05/26 11:00:00,A,NR,TOTAL,T,CH,2008-01-01,7593494.0,,
ESTAT:DEMO_PJAN(1.0),08/05/26 11:00:00,A,NR,TOTAL,T,CY,2008-01-01,776333.0,,
ESTAT:DEMO_PJAN(1.0),08/05/26 11:00:00,A,NR,TOTAL,T,CZ,2008-01-01,10343422.0,,
ESTAT:DEMO_PJAN(1.0),08/05/26 11:00:00,A,NR,TOTAL,T,DE,2008-01-01,82217837.0,,
ESTAT:DEMO_PJAN(1.0),08/05/26 11:00:00,A,NR,TOTAL,T,DE_TOT,2008-01-01,82217837.0,,
ESTAT:DEMO_PJAN(1.0),08/05/26 11:00:00,A,NR,TOTAL,T,DK,2008-01-01,5475791.0,,
ESTAT:DEMO_PJAN(1.0),08/05/26 11:00:00,A,NR,TOTAL,T,EE,2008-01-01,1338440.0,,
ESTAT:DEMO_PJAN(1.0),08/05/26 11:00:00,A,NR,TOTAL,T,EEA30_2007,2008-01-01,501073052.0,b,
ESTAT:DEMO_PJAN(1.0),08/05/26 11:00:00,A,NR,TOTAL,T,EEA31,2008-01-01,505385019.0,b,
ESTAT:DEMO_PJAN(1.0),08/05/26 11:00:00,A,NR,TOTAL,T,EFTA,2008-01-01,12681480.0,,
ESTAT:DEMO_PJAN(1.0),08/05/26 11:00:00,A,NR,TOTAL,T,EL,2008-01-01,11060937.0,,
ESTAT:DEMO_PJAN(1.0),08/05/26 11:00:00,A,NR,TOTAL,T,ES,2008-01-01,45668939.0,,
ESTAT:DEMO_PJAN(1.0),08/05/26 11:00:00,A,NR,TOTAL,T,EU27_2007,2008-01-01,495985066.0,b,
ESTAT:DEMO_PJAN(1.0),08/05/26 11:00:00,A,NR,TOTAL,T,EU27_2020,2008-01-01,438725386.0,b,
ESTAT:DEMO_PJAN(1.0),08/05/26 11:00:00,A,NR,TOTAL,T,EU28,2008-01-01,500297033.0,b,
ESTAT:DEMO_PJAN(1.0),08/05/26 11:00:00,A,NR,TOTAL,T,FI,2008-01-01,5300484.0,,
ESTAT:DEMO_PJAN(1.0),08/05/26 11:00:00,A,NR,TOTAL,T,FR,2008-01-01,64007193.0,,
ESTAT:DEMO_PJAN(1.0),08/05/26 11:00:00,A,NR,TOTAL,T,FX,2008-01-01,62134866.0,,
ESTAT:DEMO_PJAN(1.0),08/05/26 11:00:00,A,NR,TOTAL,T,GE,2008-01-01,4382070.0,,
ESTAT:DEMO_PJAN(1.0),08/05/26 11:00:00,A,NR,TOTAL,T,HR,2008-01-01,4311967.0,,
ESTAT:DEMO_PJAN(1.0),08/05/26 11:00:00,A,NR,TOTAL,T,HU,2008-01-01,10045401.0,,
ESTAT:DEMO_PJAN(1.0),08/05/26 11:00:00,A,NR,TOTAL,T,IE,2008-01-01,4457765.0,,
ESTAT:DEMO_PJAN(1.0),08/05/26 11:00:00,A,NR,TOTAL,T,IS,2008-01-01,315459.0,,
ESTAT:DEMO_PJAN(1.0),08/05/26 11:00:00,A,NR,TOTAL,T,IT,2008-01-01,59001769.0,,
ESTAT:DEMO_PJAN(1.0),08/05/26 11:00:00,A,NR,TOTAL,T,LI,2008-01-01,35356.0,,
ESTAT:DEMO_PJAN(1.0),08/05/26 11:00:00,A,NR,TOTAL,T,LT,2008-01-01,3212605.0,,
ESTAT:DEMO_PJAN(1.0),08/05/26 11:00:00,A,NR,TOTAL,T,LU,2008-01-01,483799.0,,
ESTAT:DEMO_PJAN(1.0),08/05/26 11:00:00,A,NR,TOTAL,T,LV,2008-01-01,2191810.0,,
ESTAT:DEMO_PJAN(1.0),08/05/26 11:00:00,A,NR,TOTAL,T,MD,2008-01-01,3572703.0,,
ESTAT:DEMO_PJAN(1.0),08/05/26 11:00:00,A,NR,TOTAL,T,ME,2008-01-01,615543.0,,
ESTAT:DEMO_PJAN(1.0),08/05/26 11:00:00,A,NR,TOTAL,T,MK,2008-01-01,2045177.0,,
ESTAT:DEMO_PJAN(1.0),08/05/26 11:00:00,A,NR,TOTAL,T,MT,2008-01-01,407832.0,,
ESTAT:DEMO_PJAN(1.0),08/05/26 11:00:00,A,NR,TOTAL,T,NL,2008-01-01,16405399.0,,
ESTAT:DEMO_PJAN(1.0),08/05/26 11:00:00,A,NR,TOTAL,T,NO,2008-01-01,4737171.0,,
ESTAT:DEMO_PJAN(1.0),08/05/26 11:00:00,A,NR,TOTAL,T,PL,2008-01-01,38115641.0,,
ESTAT:DEMO_PJAN(1.0),08/05/26 11:00:00,A,NR,TOTAL,T,PT,2008-01-01,10553339.0,,
ESTAT:DEMO_PJAN(1.0),08/05/26 11:00:00,A,NR,TOTAL,T,RO,2008-01-01,20635460.0,,
ESTAT:DEMO_PJAN(1.0),08/05/26 11:00:00,A,NR,TOTAL,T,RS,2008-01-01,7365507.0,,
ESTAT:DEMO_PJAN(1.0),08/05/26 11:00:00,A,NR,TOTAL,T,RU,2008-01-01,142008838.0,,
ESTAT:DEMO_PJAN(1.0),08/05/26 11:00:00,A,NR,TOTAL,T,SE,2008-01-01,9182927.0,,
ESTAT:DEMO_PJAN(1.0),08/05/26 11:00:00,A,NR,TOTAL,T,SI,2008-01-01,2010269.0,b,
ESTAT:DEMO_PJAN(1.0),08/05/26 11:00:00,A,NR,TOTAL,T,SK,2008-01-01,5376064.0,,
ESTAT:DEMO_PJAN(1.0),08/05/26 11:00:00,A,NR,TOTAL,T,SM,2008-01-01,32054.0,,
ESTAT:DEMO_PJAN(1.0),08/05/26 11:00:00,A,NR,TOTAL,T,TR,2008-01-01,70586256.0,,
ESTAT:DEMO_PJAN(1.0),08/05/26 11:00:00,A,NR,TOTAL,T,UA,2008-01-01,46192309.0,,
ESTAT:DEMO_PJAN(1.0),08/05/26 11:00:00,A,NR,TOTAL,T,UK,2008-01-01,61571647.0,,
ESTAT:DEMO_PJAN(1.0),08/05/26 11:00:00,A,NR,TOTAL,T,XK,2008-01-01,2153139.0,,
ESTAT:DEMO_PJAN(1.0),08/05/26 11:00:00,A,NR,TOTAL,T,AD,2009-01-01,84484.0,,
ESTAT:DEMO_PJAN(1.0),08/05/26 11:00:00,A,NR,TOTAL,T,AL,2009-01-01,2936355.0,,
ESTAT:DEMO_PJAN(1.0),08/05/26 11:00:00,A,NR,TOTAL,T,AM,2009-01-01,3237976.0,,
ESTAT:DEMO_PJAN(1.0),08/05/26 11:00:00,A,NR,TOTAL,T,AT,2009-01-01,8335003.0,,
ESTAT:DEMO_PJAN(1.0),08/05/26 11:00:00,A,NR,TOTAL,T,AZ,2009-01-01,8896900.0,,
ESTAT:DEMO_PJAN(1.0),08/05/26 11:00:00,A,NR,TOTAL,T,BA,2009-01-01,3843998.0,,
ESTAT:DEMO_PJAN(1.0),08/05/26 11:00:00,A,NR,TOTAL,T,BE,2009-01-01,10753080.0,,
ESTAT:DEMO_PJAN(1.0),08/05/26 11:00:00,A,NR,TOTAL,T,BG,2009-01-01,7467119.0,,
ESTAT:DEMO_PJAN(1.0),08/05/26 11:00:00,A,NR,TOTAL,T,BY,2009-01-01,9671912.0,,
ESTAT:DEMO_PJAN(1.0),08/05/26 11:00:00,A,NR,TOTAL,T,CH,2009-01-01,7701856.0,,
ESTAT:DEMO_PJAN(1.0),08/05/26 11:00:00,A,NR,TOTAL,T,CY,2009-01-01,796930.0,,
ESTAT:DEMO_PJAN(1.0),08/05/26 11:00:00,A,NR,TOTAL,T,CZ,2009-01-01,10425783.0,,
ESTAT:DEMO_PJAN(1.0),08/05/26 11:00:00,A,NR,TOTAL,T,DE,2009-01-01,82002356.0,,
ESTAT:DEMO_PJAN(1.0),08/05/26 11:00:00,A,NR,TOTAL,T,DE_TOT,2009-01-01,82002356.0,,
ESTAT:DEMO_PJAN(1.0),08/05/26 11:00:00,A,NR,TOTAL,T,DK,2009-01-01,5511451.0,,
ESTAT:DEMO_PJAN(1.0),08/05/26 11:00:00,A,NR,TOTAL,T,EE,2009-01-01,1335740.0,,
ESTAT:DEMO_PJAN(1.0),08/05/26 11:00:00,A,NR,TOTAL,T,EEA30_2007,2009-01-01,502934648.0,,
ESTAT:DEMO_PJAN(1.0),08/05/26 11:00:00,A,NR,TOTAL,T,EEA31,2009-01-01,507244444.0,,
ESTAT:DEMO_PJAN(1.0),08/05/26 11:00:00,A,NR,TOTAL,T,EFTA,2009-01-01,12856065.0,,
ESTAT:DEMO_PJAN(1.0),08/05/26 11:00:00,A,NR,TOTAL,T,EL,2009-01-01,11094745.0,,
ESTAT:DEMO_PJAN(1.0),08/05/26 11:00:00,A,NR,TOTAL,T,ES,2009-01-01,46239273.0,,
ESTAT:DEMO_PJAN(1.0),08/05/26 11:00:00,A,NR,TOTAL,T,EU27_2007,2009-01-01,497780439.0,,
ESTAT:DEMO_PJAN(1.0),08/05/26 11:00:00,A,NR,TOTAL,T,EU27_2020,2009-01-01,440047892.0,,
ESTAT:DEMO_PJAN(1.0),08/05/26 11:00:00,A,NR,TOTAL,T,EU28,2009-01-01,502090235.0,,
ESTAT:DEMO_PJAN(1.0),08/05/26 11:00:00,A,NR,TOTAL,T,FI,2009-01-01,5326314.0,,
ESTAT:DEMO_PJAN(1.0),08/05/26 11:00:00,A,NR,TOTAL,T,FR,2009-01-01,64350226.0,,
ESTAT:DEMO_PJAN(1.0),08/05/26 11:00:00,A,NR,TOTAL,T,FX,2009-01-01,62465709.0,,
ESTAT:DEMO_PJAN(1.0),08/05/26 11:00:00,A,NR,TOTAL,T,GE,2009-01-01,4385429.0,,
ESTAT:DEMO_PJAN(1.0),08/05/26 11:00:00,A,NR,TOTAL,T,HR,2009-01-01,4309796.0,,
ESTAT:DEMO_PJAN(1.0),08/05/26 11:00:00,A,NR,TOTAL,T,HU,2009-01-01,10030975.0,,
ESTAT:DEMO_PJAN(1.0),08/05/26 11:00:00,A,NR,TOTAL,T,IE,2009-01-01,4521322.0,,
ESTAT:DEMO_PJAN(1.0),08/05/26 11:00:00,A,NR,TOTAL,T,IS,2009-01-01,319368.0,,
ESTAT:DEMO_PJAN(1.0),08/05/26 11:00:00,A,NR,TOTAL,T,IT,2009-01-01,59420592.0,,
ESTAT:DEMO_PJAN(1.0),08/05/26 11:00:00,A,NR,TOTAL,T,LI,2009-01-01,35589.0,,
ESTAT:DEMO_PJAN(1.0),08/05/26 11:00:00,A,NR,TOTAL,T,LT,2009-01-01,3183856.0,,
ESTAT:DEMO_PJAN(1.0),08/05/26 11:00:00,A,NR,TOTAL,T,LU,2009-01-01,493500.0,,
ESTAT:DEMO_PJAN(1.0),08/05/26 11:00:00,A,NR,TOTAL,T,LV,2009-01-01,2162834.0,,
ESTAT:DEMO_PJAN(1.0),08/05/26 11:00:00,A,NR,TOTAL,T,MD,2009-01-01,3567512.0,,
ESTAT:DEMO_PJAN(1.0),08/05/26 11:00:00,A,NR,TOTAL,T,ME,2009-01-01,617157.0,,
ESTAT:DEMO_PJAN(1.0),08/05/26 11:00:00,A,NR,TOTAL,T,MK,2009-01-01,2048619.0,,
ESTAT:DEMO_PJAN(1.0),08/05/26 11:00:00,A,NR,TOTAL,T,MT,2009-01-01,410926.0,,
ESTAT:DEMO_PJAN(1.0),08/05/26 11:00:00,A,NR,TOTAL,T,NL,2009-01-01,16485787.0,,
ESTAT:DEMO_PJAN(1.0),08/05/26 11:00:00,A,NR,TOTAL,T,NO,2009-01-01,4799252.0,,
ESTAT:DEMO_PJAN(1.0),08/05/26 11:00:00,A,NR,TOTAL,T,PL,2009-01-01,38135876.0,,
ESTAT:DEMO_PJAN(1.0),08/05/26 11:00:00,A,NR,TOTAL,T,PT,2009-01-01,10563014.0,,
ESTAT:DEMO_PJAN(1.0),08/05/26 11:00:00,A,NR,TOTAL,T,RO,2009-01-01,20440290.0,,
ESTAT:DEMO_PJAN(1.0),08/05/26 11:00:00,A,NR,TOTAL,T,RS,2009-01-01,7334937.0,,
ESTAT:DEMO_PJAN(1.0),08/05/26 11:00:00,A,NR,TOTAL,T,RU,2009-01-01,141903979.0,,
ESTAT:DEMO_PJAN(1.0),08/05/26 11:00:00,A,NR,TOTAL,T,SE,2009-01-01,9256347.0,,
ESTAT:DEMO_PJAN(1.0),08/05/26 11:00:00,A,NR,TOTAL,T,SI,2009-01-01,2032362.0,,
ESTAT:DEMO_PJAN(1.0),08/05/26 11:00:00,A,NR,TOTAL,T,SK,2009-01-01,5382401.0,,
ESTAT:DEMO_PJAN(1.0),08/05/26 11:00:00,A,NR,TOTAL,T,SM,2009-01-01,31269.0,,
ESTAT:DEMO_PJAN(1.0),08/05/26 11:00:00,A,NR,TOTAL,T,TR,2009-01-01,71517100.0,,
ESTAT:DEMO_PJAN(1.0),08/05/26 11:00:00,A,NR,TOTAL,T,UA,2009-01-01,45963359.0,,
ESTAT:DEMO_PJAN(1.0),08/05/26 11:00:00,A,NR,TOTAL,T,UK,2009-01-01,62042343.0,,
ESTAT:DEMO_PJAN(1.0),08/05/26 11:00:00,A,NR,TOTAL,T,XK,2009-01-01,2180686.0,,
ESTAT:DEMO_PJAN(1.0),08/05/26 11:00:00,A,NR,TOTAL,T,AD,2010-01-01,84082.0,,
ESTAT:DEMO_PJAN(1.0),08/05/26 11:00:00,A,NR,TOTAL,T,AL,2010-01-01,2918674.0,,
ESTAT:DEMO_PJAN(1.0),08/05/26 11:00:00,A,NR,TOTAL,T,AM,2010-01-01,3249482.0,,
ESTAT:DEMO_PJAN(1.0),08/05/26 11:00:00,A,NR,TOTAL,T,AT,2010-01-01,8351643.0,,
ESTAT:DEMO_PJAN(1.0),08/05/26 11:00:00,A,NR,TOTAL,T,AZ,2010-01-01,8997586.0,,
ESTAT:DEMO_PJAN(1.0),08/05/26 11:00:00,A,NR,TOTAL,T,BA,2010-01-01,3844046.0,,
ESTAT:DEMO_PJAN(1.0),08/05/26 11:00:00,A,NR,TOTAL,T,BE,2010-01-01,10839905.0,,
ESTAT:DEMO_PJAN(1.0),08/05/26 11:00:00,A,NR,TOTAL,T,BG,2010-01-01,7421766.0,,
ESTAT:DEMO_PJAN(1.0),08/05/26 11:00:00,A,NR,TOTAL,T,BY,2010-01-01,9480178.0,,
ESTAT:DEMO_PJAN(1.0),08/05/26 11:00:00,A,NR,TOTAL,T,CH,2010-01-01,7785806.0,,
ESTAT:DEMO_PJAN(1.0),08/05/26 11:00:00,A,NR,TOTAL,T,CY,2010-01-01,819140.0,,
ESTAT:DEMO_PJAN(1.0),08/05/26 11:00:00,A,NR,TOTAL,T,CZ,2010-01-01,10462088.0,,
ESTAT:DEMO_PJAN(1.0),08/05/26 11:00:00,A,NR,TOTAL,T,DE,2010-01-01,81802257.0,,
ESTAT:DEMO_PJAN(1.0),08/05/26 11:00:00,A,NR,TOTAL,T,DE_TOT,2010-01-01,81802257.0,,
ESTAT:DEMO_PJAN(1.0),08/05/26 11:00:00,A,NR,TOTAL,T,DK,2010-01-01,5534738.0,,
ESTAT:DEMO_PJAN(1.0),08/05/26 11:00:00,A,NR,TOTAL,T,EE,2010-01-01,1333290.0,,
ESTAT:DEMO_PJAN(1.0),08/05/26 11:00:00,A,NR,TOTAL,T,EEA30_2007,2010-01-01,504079494.0,b,
ESTAT:DEMO_PJAN(1.0),08/05/26 11:00:00,A,NR,TOTAL,T,EEA31,2010-01-01,508382341.0,b,
ESTAT:DEMO_PJAN(1.0),08/05/26 11:00:00,A,NR,TOTAL,T,EFTA,2010-01-01,12997529.0,,
ESTAT:DEMO_PJAN(1.0),08/05/26 11:00:00,A,NR,TOTAL,T,EL,2010-01-01,11119289.0,,
ESTAT:DEMO_PJAN(1.0),08/05/26 11:00:00,A,NR,TOTAL,T,ES,2010-01-01,46486619.0,,
ESTAT:DEMO_PJAN(1.0),08/05/26 11:00:00,A,NR,TOTAL,T,EU27_2007,2010-01-01,498867771.0,b,
ESTAT:DEMO_PJAN(1.0),08/05/26 11:00:00,A,NR,TOTAL,T,EU27_2020,2010-01-01,440660421.0,b,
ESTAT:DEMO_PJAN(1.0),08/05/26 11:00:00,A,NR,TOTAL,T,EU28,2010-01-01,503170618.0,b,
ESTAT:DEMO_PJAN(1.0),08/05/26 11:00:00,A,NR,TOTAL,T,FI,2010-01-01,5351427.0,,
ESTAT:DEMO_PJAN(1.0),08/05/26 11:00:00,A,NR,TOTAL,T,FR,2010-01-01,64658856.0,,
ESTAT:DEMO_PJAN(1.0),08/05/26 11:00:00,A,NR,TOTAL,T,FX,2010-01-01,62765235.0,,
ESTAT:DEMO_PJAN(1.0),08/05/26 11:00:00,A,NR,TOTAL,T,GE,2010-01-01,4436391.0,,
ESTAT:DEMO_PJAN(1.0),08/05/26 11:00:00,A,NR,TOTAL,T,HR,2010-01-01,4302847.0,,
ESTAT:DEMO_PJAN(1.0),08/05/26 11:00:00,A,NR,TOTAL,T,HU,2010-01-01,10014324.0,,
ESTAT:DEMO_PJAN(1.0),08/05/26 11:00:00,A,NR,TOTAL,T,IE,2010-01-01,4549428.0,,
ESTAT:DEMO_PJAN(1.0),08/05/26 11:00:00,A,NR,TOTAL,T,IS,2010-01-01,317630.0,,
ESTAT:DEMO_PJAN(1.0),08/05/26 11:00:00,A,NR,TOTAL,T,IT,2010-01-01,59690316.0,,
ESTAT:DEMO_PJAN(1.0),08/05/26 11:00:00,A,NR,TOTAL,T,LI,2010-01-01,35894.0,,
ESTAT:DEMO_PJAN(1.0),08/05/26 11:00:00,A,NR,TOTAL,T,LT,2010-01-01,3141976.0,,
ESTAT:DEMO_PJAN(1.0),08/05/26 11:00:00,A,NR,TOTAL,T,LU,2010-01-01,502066.0,,
ESTAT:DEMO_PJAN(1.0),08/05/26 11:00:00,A,NR,TOTAL,T,LV,2010-01-01,2120504.0,,
ESTAT:DEMO_PJAN(1.0),08/05/26 11:00:00,A,NR,TOTAL,T,MD,2010-01-01,3563695.0,,
ESTAT:DEMO_PJAN(1.0),08/05/26 11:00:00,A,NR,TOTAL,T,ME,2010-01-01,619001.0,,
ESTAT:DEMO_PJAN(1.0),08/05/26 11:00:00,A,NR,TOTAL,T,MK,2010-01-01,2052722.0,,
ESTAT:DEMO_PJAN(1.0),08/05/26 11:00:00,A,NR,TOTAL,T,MT,2010-01-01,414027.0,,
ESTAT:DEMO_PJAN(1.0),08/05/26 11:00:00,A,NR,TOTAL,T,NL,2010-01-01,16574989.0,,
ESTAT:DEMO_PJAN(1.0),08/05/26 11:00:00,A,NR,TOTAL,T,NO,2010-01-01,4858199.0,,
ESTAT:DEMO_PJAN(1.0),08/05/26 11:00:00,A,NR,TOTAL,T,PL,2010-01-01,38022869.0,b,
ESTAT:DEMO_PJAN(1.0),08/05/26 11:00:00,A,NR,TOTAL,T,PT,2010-01-01,10573479.0,,
ESTAT:DEMO_PJAN(1.0),08/05/26 11:00:00,A,NR,TOTAL,T,RO,2010-01-01,20294683.0,,
ESTAT:DEMO_PJAN(1.0),08/05/26 11:00:00,A,NR,TOTAL,T,RS,2010-01-01,7306677.0,,
ESTAT:DEMO_PJAN(1.0),08/05/26 11:00:00,A,NR,TOTAL,T,RU,2010-01-01,141914509.0,,
ESTAT:DEMO_PJAN(1.0),08/05/26 11:00:00,A,NR,TOTAL,T,SE,2010-01-01,9340682.0,,
ESTAT:DEMO_PJAN(1.0),08/05/26 11:00:00,A,NR,TOTAL,T,SI,2010-01-01,2046976.0,,
ESTAT:DEMO_PJAN(1.0),08/05/26 11:00:00,A,NR,TOTAL,T,SK,2010-01-01,5390410.0,,
ESTAT:DEMO_PJAN(1.0),08/05/26 11:00:00,A,NR,TOTAL,T,TR,2010-01-01,72561312.0,,
ESTAT:DEMO_PJAN(1.0),08/05/26 11:00:00,A,NR,TOTAL,T,UA,2010-01-01,45782592.0,,
ESTAT:DEMO_PJAN(1.0),08/05/26 11:00:00,A,NR,TOTAL,T,UK,2010-01-01,62510197.0,,
ESTAT:DEMO_PJAN(1.0),08/05/26 11:00:00,A,NR,TOTAL,T,XK,2010-01-01,2208107.0,,
ESTAT:DEMO_PJAN(1.0),08/05/26 11:00:00,A,NR,TOTAL,T,AD,2011-01-01,78115.0,,
ESTAT:DEMO_PJAN(1.0),08/05/26 11:00:00,A,NR,TOTAL,T,AL,2011-01-01,2907361.0,,
ESTAT:DEMO_PJAN(1.0),08/05/26 11:00:00,A,NR,TOTAL,T,AM,2011-01-01,3262650.0,,
ESTAT:DEMO_PJAN(1.0),08/05/26 11:00:00,A,NR,TOTAL,T,AT,2011-01-01,8375164.0,,
ESTAT:DEMO_PJAN(1.0),08/05/26 11:00:00,A,NR,TOTAL,T,AZ,2011-01-01,9111078.0,,
ESTAT:DEMO_PJAN(1.0),08/05/26 11:00:00,A,NR,TOTAL,T,BA,2011-01-01,3843183.0,,
ESTAT:DEMO_PJAN(1.0),08/05/26 11:00:00,A,NR,TOTAL,T,BE,2011-01-01,11000638.0,b,
ESTAT:DEMO_PJAN(1.0),08/05/26 11:00:00,A,NR,TOTAL,T,BG,2011-01-01,7369431.0,,
ESTAT:DEMO_PJAN(1.0),08/05/26 11:00:00,A,NR,TOTAL,T,BY,2011-01-01,9481193.0,,
ESTAT:DEMO_PJAN(1.0),08/05/26 11:00:00,A,NR,TOTAL,T,CH,2011-01-01,7870134.0,b,
ESTAT:DEMO_PJAN(1.0),08/05/26 11:00:00,A,NR,TOTAL,T,CY,2011-01-01,839751.0,,
ESTAT:DEMO_PJAN(1.0),08/05/26 11:00:00,A,NR,TOTAL,T,CZ,2011-01-01,10486731.0,,
ESTAT:DEMO_PJAN(1.0),08/05/26 11:00:00,A,NR,TOTAL,T,DE,2011-01-01,80222065.0,b,
ESTAT:DEMO_PJAN(1.0),08/05/26 11:00:00,A,NR,TOTAL,T,DE_TOT,2011-01-01,80222065.0,b,
ESTAT:DEMO_PJAN(1.0),08/05/26 11:00:00,A,NR,TOTAL,T,DK,2011-01-01,5560628.0,,
ESTAT:DEMO_PJAN(1.0),08/05/26 11:00:00,A,NR,TOTAL,T,EE,2011-01-01,1329660.0,,
ESTAT:DEMO_PJAN(1.0),08/05/26 11:00:00,A,NR,TOTAL,T,EEA30_2007,2011-01-01,503949886.0,b,
ESTAT:DEMO_PJAN(1.0),08/05/26 11:00:00,A,NR,TOTAL,T,EEA31,2011-01-01,508239743.0,b,
ESTAT:DEMO_PJAN(1.0),08/05/26 11:00:00,A,NR,TOTAL,T,EFTA,2011-01-01,13145040.0,b,
ESTAT:DEMO_PJAN(1.0),08/05/26 11:00:00,A,NR,TOTAL,T,EL,2011-01-01,11123392.0,,
ESTAT:DEMO_PJAN(1.0),08/05/26 11:00:00,A,NR,TOTAL,T,ES,2011-01-01,46667174.0,,
ESTAT:DEMO_PJAN(1.0),08/05/26 11:00:00,A,NR,TOTAL,T,EU27_2007,2011-01-01,498674980.0,b,
ESTAT:DEMO_PJAN(1.0),08/05/26 11:00:00,A,NR,TOTAL,T,EU27_2020,2011-01-01,439942305.0,b,
ESTAT:DEMO_PJAN(1.0),08/05/26 11:00:00,A,NR,TOTAL,T,EU28,2011-01-01,502964837.0,b,
ESTAT:DEMO_PJAN(1.0),08/05/26 11:00:00,A,NR,TOTAL,T,FI,2011-01-01,5375276.0,,
ESTAT:DEMO_PJAN(1.0),08/05/26 11:00:00,A,NR,TOTAL,T,FR,2011-01-01,64978721.0,,
ESTAT:DEMO_PJAN(1.0),08/05/26 11:00:00,A,NR,TOTAL,T,FX,2011-01-01,63070344.0,,
ESTAT:DEMO_PJAN(1.0),08/05/26 11:00:00,A,NR,TOTAL,T,GE,2011-01-01,4469250.0,,
ESTAT:DEMO_PJAN(1.0),08/05/26 11:00:00,A,NR,TOTAL,T,HR,2011-01-01,4289857.0,,
ESTAT:DEMO_PJAN(1.0),08/05/26 11:00:00,A,NR,TOTAL,T,HU,2011-01-01,9985722.0,,
ESTAT:DEMO_PJAN(1.0),08/05/26 11:00:00,A,NR,TOTAL,T,IE,2011-01-01,4570881.0,,
ESTAT:DEMO_PJAN(1.0),08/05/26 11:00:00,A,NR,TOTAL,T,IS,2011-01-01,318452.0,,
ESTAT:DEMO_PJAN(1.0),08/05/26 11:00:00,A,NR,TOTAL,T,IT,2011-01-01,59948497.0,,
ESTAT:DEMO_PJAN(1.0),08/05/26 11:00:00,A,NR,TOTAL,T,LI,2011-01-01,36149.0,,
ESTAT:DEMO_PJAN(1.0),08/05/26 11:00:00,A,NR,TOTAL,T,LT,2011-01-01,3052588.0,,
ESTAT:DEMO_PJAN(1.0),08/05/26 11:00:00,A,NR,TOTAL,T,LU,2011-01-01,511840.0,,
ESTAT:DEMO_PJAN(1.0),08/05/26 11:00:00,A,NR,TOTAL,T,LV,2011-01-01,2074605.0,,
ESTAT:DEMO_PJAN(1.0),08/05/26 11:00:00,A,NR,TOTAL,T,MD,2011-01-01,3560430.0,,
ESTAT:DEMO_PJAN(1.0),08/05/26 11:00:00,A,NR,TOTAL,T,ME,2011-01-01,619850.0,,
ESTAT:DEMO_PJAN(1.0),08/05/26 11:00:00,A,NR,TOTAL,T,MK,2011-01-01,2057284.0,,
ESTAT:DEMO_PJAN(1.0),08/05/26 11:00:00,A,NR,TOTAL,T,MT,2011-01-01,414989.0,,
ESTAT:DEMO_PJAN(1.0),08/05/26 11:00:00,A,NR,TOTAL,T,NL,2011-01-01,16655799.0,,
ESTAT:DEMO_PJAN(1.0),08/05/26 11:00:00,A,NR,TOTAL,T,NO,2011-01-01,4920305.0,,
ESTAT:DEMO_PJAN(1.0),08/05/26 11:00:00,A,NR,TOTAL,T,PL,2011-01-01,38062718.0,,
ESTAT:DEMO_PJAN(1.0),08/05/26 11:00:00,A,NR,TOTAL,T,PT,2011-01-01,10572721.0,,
ESTAT:DEMO_PJAN(1.0),08/05/26 11:00:00,A,NR,TOTAL,T,RO,2011-01-01,20199059.0,,
ESTAT:DEMO_PJAN(1.0),08/05/26 11:00:00,A,NR,TOTAL,T,RS,2011-01-01,7251549.0,b,
ESTAT:DEMO_PJAN(1.0),08/05/26 11:00:00,A,NR,TOTAL,T,RU,2011-01-01,142856536.0,,
ESTAT:DEMO_PJAN(1.0),08/05/26 11:00:00,A,NR,TOTAL,T,SE,2011-01-01,9415570.0,,
ESTAT:DEMO_PJAN(1.0),08/05/26 11:00:00,A,NR,TOTAL,T,SI,2011-01-01,2050189.0,,
ESTAT:DEMO_PJAN(1.0),08/05/26 11:00:00,A,NR,TOTAL,T,SK,2011-01-01,5392446.0,,
ESTAT:DEMO_PJAN(1.0),08/05/26 11:00:00,A,NR,TOTAL,T,SM,2011-01-01,31863.0,,
ESTAT:DEMO_PJAN(1.0),08/05/26 11:00:00,A,NR,TOTAL,T,TR,2011-01-01,73722988.0,,
ESTAT:DEMO_PJAN(1.0),08/05/26 11:00:00,A,NR,TOTAL,T,UA,2011-01-01,45598179.0,,
ESTAT:DEMO_PJAN(1.0),08/05/26 11:00:00,A,NR,TOTAL,T,UK,2011-01-01,63022532.0,,
ESTAT:DEMO_PJAN(1.0),08/05/26 11:00:00,A,NR,TOTAL,T,XK,2011-01-01,1794180.0,b,
ESTAT:DEMO_PJAN(1.0),08/05/26 11:00:00,A,NR,TOTAL,T,AD,2012-01-01,78115.0,,
ESTAT:DEMO_PJAN(1.0),08/05/26 11:00:00,A,NR,TOTAL,T,AL,2012-01-01,2903008.0,,
ESTAT:DEMO_PJAN(1.0),08/05/26 11:00:00,A,NR,TOTAL,T,AM,2012-01-01,3274285.0,,
ESTAT:DEMO_PJAN(1.0),08/05/26 11:00:00,A,NR,TOTAL,T,AT,2012-01-01,8408121.0,,
ESTAT:DEMO_PJAN(1.0),08/05/26 11:00:00,A,NR,TOTAL,T,AZ,2012-01-01,9235085.0,,
ESTAT:DEMO_PJAN(1.0),08/05/26 11:00:00,A,NR,TOTAL,T,BA,2012-01-01,3839265.0,,
ESTAT:DEMO_PJAN(1.0),08/05/26 11:00:00,A,NR,TOTAL,T,BE,2012-01-01,11075889.0,b,
ESTAT:DEMO_PJAN(1.0),08/05/26 11:00:00,A,NR,TOTAL,T,BG,2012-01-01,7327224.0,,
ESTAT:DEMO_PJAN(1.0),08/05/26 11:00:00,A,NR,TOTAL,T,BY,2012-01-01,9465150.0,,
ESTAT:DEMO_PJAN(1.0),08/05/26 11:00:00,A,NR,TOTAL,T,CH,2012-01-01,7954662.0,,
ESTAT:DEMO_PJAN(1.0),08/05/26 11:00:00,A,NR,TOTAL,T,CY,2012-01-01,862011.0,,
ESTAT:DEMO_PJAN(1.0),08/05/26 11:00:00,A,NR,TOTAL,T,CZ,2012-01-01,10505445.0,,
ESTAT:DEMO_PJAN(1.0),08/05/26 11:00:00,A,NR,TOTAL,T,DE,2012-01-01,80327900.0,,
ESTAT:DEMO_PJAN(1.0),08/05/26 11:00:00,A,NR,TOTAL,T,DE_TOT,2012-01-01,80327900.0,,
ESTAT:DEMO_PJAN(1.0),08/05/26 11:00:00,A,NR,TOTAL,T,DK,2012-01-01,5580516.0,,
ESTAT:DEMO_PJAN(1.0),08/05/26 11:00:00,A,NR,TOTAL,T,EE,2012-01-01,1325217.0,,
ESTAT:DEMO_PJAN(1.0),08/05/26 11:00:00,A,NR,TOTAL,T,EEA30_2007,2012-01-01,505113900.0,b,
ESTAT:DEMO_PJAN(1.0),08/05/26 11:00:00,A,NR,TOTAL,T,EEA31,2012-01-01,509389884.0,b,
ESTAT:DEMO_PJAN(1.0),08/05/26 11:00:00,A,NR,TOTAL,T,EFTA,2012-01-01,13296582.0,,
ESTAT:DEMO_PJAN(1.0),08/05/26 11:00:00,A,NR,TOTAL,T,EL,2012-01-01,11072725.0,,
ESTAT:DEMO_PJAN(1.0),08/05/26 11:00:00,A,NR,TOTAL,T,ES,2012-01-01,46818219.0,,
ESTAT:DEMO_PJAN(1.0),08/05/26 11:00:00,A,NR,TOTAL,T,EU27_2007,2012-01-01,499771980.0,b,
ESTAT:DEMO_PJAN(1.0),08/05/26 11:00:00,A,NR,TOTAL,T,EU27_2020,2012-01-01,440552661.0,b,
ESTAT:DEMO_PJAN(1.0),08/05/26 11:00:00,A,NR,TOTAL,T,EU28,2012-01-01,504047964.0,b,
ESTAT:DEMO_PJAN(1.0),08/05/26 11:00:00,A,NR,TOTAL,T,FI,2012-01-01,5401267.0,,
ESTAT:DEMO_PJAN(1.0),08/05/26 11:00:00,A,NR,TOTAL,T,FR,2012-01-01,65276983.0,b,
ESTAT:DEMO_PJAN(1.0),08/05/26 11:00:00,A,NR,TOTAL,T,FX,2012-01-01,63375971.0,,
ESTAT:DEMO_PJAN(1.0),08/05/26 11:00:00,A,NR,TOTAL,T,GE,2012-01-01,4497617.0,,
ESTAT:DEMO_PJAN(1.0),08/05/26 11:00:00,A,NR,TOTAL,T,HR,2012-01-01,4275984.0,,
ESTAT:DEMO_PJAN(1.0),08/05/26 11:00:00,A,NR,TOTAL,T,HU,2012-01-01,9931925.0,b,
ESTAT:DEMO_PJAN(1.0),08/05/26 11:00:00,A,NR,TOTAL,T,IE,2012-01-01,4589287.0,,
ESTAT:DEMO_PJAN(1.0),08/05/26 11:00:00,A,NR,TOTAL,T,IS,2012-01-01,319575.0,,
ESTAT:DEMO_PJAN(1.0),08/05/26 11:00:00,A,NR,TOTAL,T,IT,2012-01-01,60105185.0,,
ESTAT:DEMO_PJAN(1.0),08/05/26 11:00:00,A,NR,TOTAL,T,LI,2012-01-01,36475.0,,
ESTAT:DEMO_PJAN(1.0),08/05/26 11:00:00,A,NR,TOTAL,T,LT,2012-01-01,3003641.0,,
ESTAT:DEMO_PJAN(1.0),08/05/26 11:00:00,A,NR,TOTAL,T,LU,2012-01-01,524853.0,b,
ESTAT:DEMO_PJAN(1.0),08/05/26 11:00:00,A,NR,TOTAL,T,LV,2012-01-01,2044813.0,,
ESTAT:DEMO_PJAN(1.0),08/05/26 11:00:00,A,NR,TOTAL,T,MD,2012-01-01,3559541.0,,
ESTAT:DEMO_PJAN(1.0),08/05/26 11:00:00,A,NR,TOTAL,T,ME,2012-01-01,620308.0,,
ESTAT:DEMO_PJAN(1.0),08/05/26 11:00:00,A,NR,TOTAL,T,MK,2012-01-01,2059794.0,,
ESTAT:DEMO_PJAN(1.0),08/05/26 11:00:00,A,NR,TOTAL,T,MT,2012-01-01,417546.0,,
ESTAT:DEMO_PJAN(1.0),08/05/26 11:00:00,A,NR,TOTAL,T,NL,2012-01-01,16730348.0,,
ESTAT:DEMO_PJAN(1.0),08/05/26 11:00:00,A,NR,TOTAL,T,NO,2012-01-01,4985870.0,,
ESTAT:DEMO_PJAN(1.0),08/05/26 11:00:00,A,NR,TOTAL,T,PL,2012-01-01,38063792.0,,
ESTAT:DEMO_PJAN(1.0),08/05/26 11:00:00,A,NR,TOTAL,T,PT,2012-01-01,10558950.0,,
ESTAT:DEMO_PJAN(1.0),08/05/26 11:00:00,A,NR,TOTAL,T,RO,2012-01-01,20095996.0,,
ESTAT:DEMO_PJAN(1.0),08/05/26 11:00:00,A,NR,TOTAL,T,RS,2012-01-01,7216649.0,,
ESTAT:DEMO_PJAN(1.0),08/05/26 11:00:00,A,NR,TOTAL,T,RU,2012-01-01,143056383.0,,
ESTAT:DEMO_PJAN(1.0),08/05/26 11:00:00,A,NR,TOTAL,T,SE,2012-01-01,9482855.0,,
ESTAT:DEMO_PJAN(1.0),08/05/26 11:00:00,A,NR,TOTAL,T,SI,2012-01-01,2055496.0,,
ESTAT:DEMO_PJAN(1.0),08/05/26 11:00:00,A,NR,TOTAL,T,SK,2012-01-01,5404322.0,,
ESTAT:DEMO_PJAN(1.0),08/05/26 11:00:00,A,NR,TOTAL,T,SM,2012-01-01,33376.0,,
ESTAT:DEMO_PJAN(1.0),08/05/26 11:00:00,A,NR,TOTAL,T,TR,2012-01-01,74724269.0,,
ESTAT:DEMO_PJAN(1.0),08/05/26 11:00:00,A,NR,TOTAL,T,UA,2012-01-01,45453282.0,,
ESTAT:DEMO_PJAN(1.0),08/05/26 11:00:00,A,NR,TOTAL,T,UK,2012-01-01,63495088.0,,
ESTAT:DEMO_PJAN(1.0),08/05/26 11:00:00,A,NR,TOTAL,T,AD,2013-01-01,76246.0,,
ESTAT:DEMO_PJAN(1.0),08/05/26 11:00:00,A,NR,TOTAL,T,AL,2013-01-01,2897770.0,,
ESTAT:DEMO_PJAN(1.0),08/05/26 11:00:00,A,NR,TOTAL,T,AT,2013-01-01,8451860.0,,
ESTAT:DEMO_PJAN(1.0),08/05/26 11:00:00,A,NR,TOTAL,T,AZ,2013-01-01,9356483.0,,
ESTAT:DEMO_PJAN(1.0),08/05/26 11:00:00,A,NR,TOTAL,T,BE,2013-01-01,11137974.0,,
ESTAT:DEMO_PJAN(1.0),08/05/26 11:00:00,A,NR,TOTAL,T,BG,2013-01-01,7202556.0,,
ESTAT:DEMO_PJAN(1.0),08/05/26 11:00:00,A,NR,TOTAL,T,BY,2013-01-01,9463840.0,,
ESTAT:DEMO_PJAN(1.0),08/05/26 11:00:00,A,NR,TOTAL,T,CH,2013-01-01,8039060.0,,
ESTAT:DEMO_PJAN(1.0),08/05/26 11:00:00,A,NR,TOTAL,T,CY,2013-01-01,862854.0,,
ESTAT:DEMO_PJAN(1.0),08/05/26 11:00:00,A,NR,TOTAL,T,CZ,2013-01-01,10516125.0,,
ESTAT:DEMO_PJAN(1.0),08/05/26 11:00:00,A,NR,TOTAL,T,DE,2013-01-01,80523746.0,,
ESTAT:DEMO_PJAN(1.0),08/05/26 11:00:00,A,NR,TOTAL,T,DE_TOT,2013-01-01,80523746.0,,
ESTAT:DEMO_PJAN(1.0),08/05/26 11:00:00,A,NR,TOTAL,T,DK,2013-01-01,5602628.0,,
ESTAT:DEMO_PJAN(1.0),08/05/26 11:00:00,A,NR,TOTAL,T,EA20,2013-01-01,340884869.0,,
ESTAT:DEMO_PJAN(1.0),08/05/26 11:00:00,A,NR,TOTAL,T,EEA30_2007,2013-01-01,506310838.0,,
ESTAT:DEMO_PJAN(1.0),08/05/26 11:00:00,A,NR,TOTAL,T,EEA31,2013-01-01,511055242.0,b,
ESTAT:DEMO_PJAN(1.0),08/05/26 11:00:00,A,NR,TOTAL,T,EFTA,2013-01-01,13449030.0,,
ESTAT:DEMO_PJAN(1.0),08/05/26 11:00:00,A,NR,TOTAL,T,EL,2013-01-01,10980006.0,,
ESTAT:DEMO_PJAN(1.0),08/05/26 11:00:00,A,NR,TOTAL,T,ES,2013-01-01,46712650.0,,
ESTAT:DEMO_PJAN(1.0),08/05/26 11:00:00,A,NR,TOTAL,T,EU27_2007,2013-01-01,501397469.0,b,
ESTAT:DEMO_PJAN(1.0),08/05/26 11:00:00,A,NR,TOTAL,T,EU27_2020,2013-01-01,441739930.0,b,
ESTAT:DEMO_PJAN(1.0),08/05/26 11:00:00,A,NR,TOTAL,T,EU28,2013-01-01,505645272.0,b,
ESTAT:DEMO_PJAN(1.0),08/05/26 11:00:00,A,NR,TOTAL,T,FI,2013-01-01,5426674.0,,
ESTAT:DEMO_PJAN(1.0),08/05/26 11:00:00,A,NR,TOTAL,T,FR,2013-01-01,65600350.0,,
ESTAT:DEMO_PJAN(1.0),08/05/26 11:00:00,A,NR,TOTAL,T,FX,2013-01-01,63697865.0,,
ESTAT:DEMO_PJAN(1.0),08/05/26 11:00:00,A,NR,TOTAL,T,HR,2013-01-01,4247803.0,,
ESTAT:DEMO_PJAN(1.0),08/05/26 11:00:00,A,NR,TOTAL,T,HU,2013-01-01,9895250.0,,
ESTAT:DEMO_PJAN(1.0),08/05/26 11:00:00,A,NR,TOTAL,T,IE,2013-01-01,4609779.0,,
ESTAT:DEMO_PJAN(1.0),08/05/26 11:00:00,A,NR,TOTAL,T,IS,2013-01-01,321857.0,,
ESTAT:DEMO_PJAN(1.0),08/05/26 11:00:00,A,NR,TOTAL,T,IT,2013-01-01,60277309.0,,
ESTAT:DEMO_PJAN(1.0),08/05/26 11:00:00,A,NR,TOTAL,T,LI,2013-01-01,36838.0,,
ESTAT:DEMO_PJAN(1.0),08/05/26 11:00:00,A,NR,TOTAL,T,LT,2013-01-01,2974637.0,,
ESTAT:DEMO_PJAN(1.0),08/05/26 11:00:00,A,NR,TOTAL,T,LU,2013-01-01,537039.0,,
ESTAT:DEMO_PJAN(1.0),08/05/26 11:00:00,A,NR,TOTAL,T,LV,2013-01-01,2023825.0,,
ESTAT:DEMO_PJAN(1.0),08/05/26 11:00:00,A,NR,TOTAL,T,MD,2013-01-01,3559497.0,,
ESTAT:DEMO_PJAN(1.0),08/05/26 11:00:00,A,NR,TOTAL,T,ME,2013-01-01,620893.0,,
ESTAT:DEMO_PJAN(1.0),08/05/26 11:00:00,A,NR,TOTAL,T,MK,2013-01-01,2062294.0,,
ESTAT:DEMO_PJAN(1.0),08/05/26 11:00:00,A,NR,TOTAL,T,MT,2013-01-01,421464.0,,
ESTAT:DEMO_PJAN(1.0),08/05/26 11:00:00,A,NR,TOTAL,T,NL,2013-01-01,16779575.0,,
ESTAT:DEMO_PJAN(1.0),08/05/26 11:00:00,A,NR,TOTAL,T,NO,2013-01-01,5051275.0,,
ESTAT:DEMO_PJAN(1.0),08/05/26 11:00:00,A,NR,TOTAL,T,PL,2013-01-01,38062535.0,,
ESTAT:DEMO_PJAN(1.0),08/05/26 11:00:00,A,NR,TOTAL,T,PT,2013-01-01,10503889.0,,
ESTAT:DEMO_PJAN(1.0),08/05/26 11:00:00,A,NR,TOTAL,T,RO,2013-01-01,20020074.0,,
ESTAT:DEMO_PJAN(1.0),08/05/26 11:00:00,A,NR,TOTAL,T,RS,2013-01-01,7181505.0,,
ESTAT:DEMO_PJAN(1.0),08/05/26 11:00:00,A,NR,TOTAL,T,SE,2013-01-01,9555893.0,,
ESTAT:DEMO_PJAN(1.0),08/05/26 11:00:00,A,NR,TOTAL,T,SI,2013-01-01,2058821.0,,
ESTAT:DEMO_PJAN(1.0),08/05/26 11:00:00,A,NR,TOTAL,T,SK,2013-01-01,5410836.0,,
ESTAT:DEMO_PJAN(1.0),08/05/26 11:00:00,A,NR,TOTAL,T,SM,2013-01-01,33562.0,,
ESTAT:DEMO_PJAN(1.0),08/05/26 11:00:00,A,NR,TOTAL,T,TR,2013-01-01,75627384.0,,
ESTAT:DEMO_PJAN(1.0),08/05/26 11:00:00,A,NR,TOTAL,T,UA,2013-01-01,45372692.0,,
ESTAT:DEMO_PJAN(1.0),08/05/26 11:00:00,A,NR,TOTAL,T,UK,2013-01-01,63905342.0,,
ESTAT:DEMO_PJAN(1.0),08/05/26 11:00:00,A,NR,TOTAL,T,AL,2014-01-01,2892394.0,,
ESTAT:DEMO_PJAN(1.0),08/05/26 11:00:00,A,NR,TOTAL,T,AT,2014-01-01,8507786.0,,
ESTAT:DEMO_PJAN(1.0),08/05/26 11:00:00,A,NR,TOTAL,T,AZ,2014-01-01,9477119.0,,
ESTAT:DEMO_PJAN(1.0),08/05/26 11:00:00,A,NR,TOTAL,T,BE,2014-01-01,11180840.0,,
ESTAT:DEMO_PJAN(1.0),08/05/26 11:00:00,A,NR,TOTAL,T,BG,2014-01-01,7117453.0,,
ESTAT:DEMO_PJAN(1.0),08/05/26 11:00:00,A,NR,TOTAL,T,BY,2014-01-01,9468154.0,,
ESTAT:DEMO_PJAN(1.0),08/05/26 11:00:00,A,NR,TOTAL,T,CH,2014-01-01,8139631.0,,
ESTAT:DEMO_PJAN(1.0),08/05/26 11:00:00,A,NR,TOTAL,T,CY,2014-01-01,860032.0,,
ESTAT:DEMO_PJAN(1.0),08/05/26 11:00:00,A,NR,TOTAL,T,CZ,2014-01-01,10512419.0,,
ESTAT:DEMO_PJAN(1.0),08/05/26 11:00:00,A,NR,TOTAL,T,DE,2014-01-01,80767463.0,,
ESTAT:DEMO_PJAN(1.0),08/05/26 11:00:00,A,NR,TOTAL,T,DE_TOT,2014-01-01,80767463.0,,
ESTAT:DEMO_PJAN(1.0),08/05/26 11:00:00,A,NR,TOTAL,T,DK,2014-01-01,5627235.0,,
ESTAT:DEMO_PJAN(1.0),08/05/26 11:00:00,A,NR,TOTAL,T,EA20,2014-01-01,341550723.0,be,
ESTAT:DEMO_PJAN(1.0),08/05/26 11:00:00,A,NR,TOTAL,T,EE,2014-01-01,1315819.0,,
ESTAT:DEMO_PJAN(1.0),08/05/26 11:00:00,A,NR,TOTAL,T,EFTA,2014-01-01,13611487.0,,
ESTAT:DEMO_PJAN(1.0),08/05/26 11:00:00,A,NR,TOTAL,T,EL,2014-01-01,10894294.0,,
ESTAT:DEMO_PJAN(1.0),08/05/26 11:00:00,A,NR,TOTAL,T,ES,2014-01-01,46495744.0,,
ESTAT:DEMO_PJAN(1.0),08/05/26 11:00:00,A,NR,TOTAL,T,EU27_2020,2014-01-01,442268078.0,be,
ESTAT:DEMO_PJAN(1.0),08/05/26 11:00:00,A,NR,TOTAL,T,FI,2014-01-01,5451270.0,,
ESTAT:DEMO_PJAN(1.0),08/05/26 11:00:00,A,NR,TOTAL,T,FR,2014-01-01,66165980.0,b,
ESTAT:DEMO_PJAN(1.0),08/05/26 11:00:00,A,NR,TOTAL,T,GE,2014-01-01,4490498.0,,
ESTAT:DEMO_PJAN(1.0),08/05/26 11:00:00,A,NR,TOTAL,T,HR,2014-01-01,4217632.0,,
ESTAT:DEMO_PJAN(1.0),08/05/26 11:00:00,A,NR,TOTAL,T,HU,2014-01-01,9850217.0,,
ESTAT:DEMO_PJAN(1.0),08/05/26 11:00:00,A,NR,TOTAL,T,IE,2014-01-01,4637852.0,,
ESTAT:DEMO_PJAN(1.0),08/05/26 11:00:00,A,NR,TOTAL,T,IS,2014-01-01,325671.0,,
ESTAT:DEMO_PJAN(1.0),08/05/26 11:00:00,A,NR,TOTAL,T,IT,2014-01-01,60345917.0,,
ESTAT:DEMO_PJAN(1.0),08/05/26 11:00:00,A,NR,TOTAL,T,LI,2014-01-01,37129.0,,
ESTAT:DEMO_PJAN(1.0),08/05/26 11:00:00,A,NR,TOTAL,T,LT,2014-01-01,2947862.0,,
ESTAT:DEMO_PJAN(1.0),08/05/26 11:00:00,A,NR,TOTAL,T,LU,2014-01-01,549680.0,,
ESTAT:DEMO_PJAN(1.0),08/05/26 11:00:00,A,NR,TOTAL,T,LV,2014-01-01,2001468.0,,
ESTAT:DEMO_PJAN(1.0),08/05/26 11:00:00,A,NR,TOTAL,T,MD,2014-01-01,3557634.0,,
ESTAT:DEMO_PJAN(1.0),08/05/26 11:00:00,A,NR,TOTAL,T,ME,2014-01-01,621521.0,,
ESTAT:DEMO_PJAN(1.0),08/05/26 11:00:00,A,NR,TOTAL,T,MK,2014-01-01,2065769.0,,
ESTAT:DEMO_PJAN(1.0),08/05/26 11:00:00,A,NR,TOTAL,T,MT,2014-01-01,428156.0,,
ESTAT:DEMO_PJAN(1.0),08/05/26 11:00:00,A,NR,TOTAL,T,NL,2014-01-01,16829289.0,,
ESTAT:DEMO_PJAN(1.0),08/05/26 11:00:00,A,NR,TOTAL,T,NO,2014-01-01,5109056.0,,
ESTAT:DEMO_PJAN(1.0),08/05/26 11:00:00,A,NR,TOTAL,T,PL,2014-01-01,38017856.0,,
ESTAT:DEMO_PJAN(1.0),08/05/26 11:00:00,A,NR,TOTAL,T,PT,2014-01-01,10444092.0,,
ESTAT:DEMO_PJAN(1.0),08/05/26 11:00:00,A,NR,TOTAL,T,RO,2014-01-01,19947311.0,,
ESTAT:DEMO_PJAN(1.0),08/05/26 11:00:00,A,NR,TOTAL,T,RS,2014-01-01,7146759.0,,
ESTAT:DEMO_PJAN(1.0),08/05/26 11:00:00,A,NR,TOTAL,T,RU,2014-01-01,143666931.0,,
ESTAT:DEMO_PJAN(1.0),08/05/26 11:00:00,A,NR,TOTAL,T,SE,2014-01-01,9644864.0,,
ESTAT:DEMO_PJAN(1.0),08/05/26 11:00:00,A,NR,TOTAL,T,SI,2014-01-01,2061085.0,,
ESTAT:DEMO_PJAN(1.0),08/05/26 11:00:00,A,NR,TOTAL,T,SK,2014-01-01,5415949.0,,
ESTAT:DEMO_PJAN(1.0),08/05/26 11:00:00,A,NR,TOTAL,T,TR,2014-01-01,76667864.0,,
ESTAT:DEMO_PJAN(1.0),08/05/26 11:00:00,A,NR,TOTAL,T,UA,2014-01-01,45245894.0,,
ESTAT:DEMO_PJAN(1.0),08/05/26 11:00:00,A,NR,TOTAL,T,UK,2014-01-01,64351203.0,,
ESTAT:DEMO_PJAN(1.0),08/05/26 11:00:00,A,NR,TOTAL,T,AL,2015-01-01,2885796.0,,
ESTAT:DEMO_PJAN(1.0),08/05/26 11:00:00,A,NR,TOTAL,T,AM,2015-01-01,3010598.0,,
ESTAT:DEMO_PJAN(1.0),08/05/26 11:00:00,A,NR,TOTAL,T,AT,2015-01-01,8584926.0,,
ESTAT:DEMO_PJAN(1.0),08/05/26 11:00:00,A,NR,TOTAL,T,AZ,2015-01-01,9593038.0,,
ESTAT:DEMO_PJAN(1.0),08/05/26 11:00:00,A,NR,TOTAL,T,BE,2015-01-01,11237274.0,,
ESTAT:DEMO_PJAN(1.0),08/05/26 11:00:00,A,NR,TOTAL,T,BG,2015-01-01,7029690.0,,
ESTAT:DEMO_PJAN(1.0),08/05/26 11:00:00,A,NR,TOTAL,T,BY,2015-01-01,9480868.0,,
ESTAT:DEMO_PJAN(1.0),08/05/26 11:00:00,A,NR,TOTAL,T,CH,2015-01-01,8237666.0,,
ESTAT:DEMO_PJAN(1.0),08/05/26 11:00:00,A,NR,TOTAL,T,CY,2015-01-01,860846.0,,
ESTAT:DEMO_PJAN(1.0),08/05/26 11:00:00,A,NR,TOTAL,T,CZ,2015-01-01,10538275.0,,
ESTAT:DEMO_PJAN(1.0),08/05/26 11:00:00,A,NR,TOTAL,T,DE,2015-01-01,81197537.0,,
ESTAT:DEMO_PJAN(1.0),08/05/26 11:00:00,A,NR,TOTAL,T,DE_TOT,2015-01-01,81197537.0,,
ESTAT:DEMO_PJAN(1.0),08/05/26 11:00:00,A,NR,TOTAL,T,DK,2015-01-01,5659715.0,,
ESTAT:DEMO_PJAN(1.0),08/05/26 11:00:00,A,NR,TOTAL,T,EA20,2015-01-01,342257711.0,be,
ESTAT:DEMO_PJAN(1.0),08/05/26 11:00:00,A,NR,TOTAL,T,EE,2015-01-01,1313271.0,,
ESTAT:DEMO_PJAN(1.0),08/05/26 11:00:00,A,NR,TOTAL,T,EEA30_2007,2015-01-01,509115773.0,be,
ESTAT:DEMO_PJAN(1.0),08/05/26 11:00:00,A,NR,TOTAL,T,EEA31,2015-01-01,513310526.0,be,
ESTAT:DEMO_PJAN(1.0),08/05/26 11:00:00,A,NR,TOTAL,T,EFTA,2015-01-01,13769934.0,,
ESTAT:DEMO_PJAN(1.0),08/05/26 11:00:00,A,NR,TOTAL,T,EL,2015-01-01,10818041.0,,
ESTAT:DEMO_PJAN(1.0),08/05/26 11:00:00,A,NR,TOTAL,T,ES,2015-01-01,46425722.0,,
ESTAT:DEMO_PJAN(1.0),08/05/26 11:00:00,A,NR,TOTAL,T,EU27_2007,2015-01-01,503597343.0,be,
ESTAT:DEMO_PJAN(1.0),08/05/26 11:00:00,A,NR,TOTAL,T,EU27_2020,2015-01-01,442924865.0,be,
ESTAT:DEMO_PJAN(1.0),08/05/26 11:00:00,A,NR,TOTAL,T,EU28,2015-01-01,507778258.0,be,
ESTAT:DEMO_PJAN(1.0),08/05/26 11:00:00,A,NR,TOTAL,T,FI,2015-01-01,5471753.0,,
ESTAT:DEMO_PJAN(1.0),08/05/26 11:00:00,A,NR,TOTAL,T,FR,2015-01-01,66458153.0,,
ESTAT:DEMO_PJAN(1.0),08/05/26 11:00:00,A,NR,TOTAL,T,GE,2015-01-01,3729500.0,b,
ESTAT:DEMO_PJAN(1.0),08/05/26 11:00:00,A,NR,TOTAL,T,HR,2015-01-01,4180915.0,,
ESTAT:DEMO_PJAN(1.0),08/05/26 11:00:00,A,NR,TOTAL,T,HU,2015-01-01,9815858.0,,
ESTAT:DEMO_PJAN(1.0),08/05/26 11:00:00,A,NR,TOTAL,T,IE,2015-01-01,4677627.0,,
ESTAT:DEMO_PJAN(1.0),08/05/26 11:00:00,A,NR,TOTAL,T,IS,2015-01-01,329100.0,,
ESTAT:DEMO_PJAN(1.0),08/05/26 11:00:00,A,NR,TOTAL,T,IT,2015-01-01,60295497.0,,
ESTAT:DEMO_PJAN(1.0),08/05/26 11:00:00,A,NR,TOTAL,T,LI,2015-01-01,37366.0,,
ESTAT:DEMO_PJAN(1.0),08/05/26 11:00:00,A,NR,TOTAL,T,LT,2015-01-01,2926644.0,,
ESTAT:DEMO_PJAN(1.0),08/05/26 11:00:00,A,NR,TOTAL,T,LU,2015-01-01,562958.0,,
ESTAT:DEMO_PJAN(1.0),08/05/26 11:00:00,A,NR,TOTAL,T,LV,2015-01-01,1986096.0,,
ESTAT:DEMO_PJAN(1.0),08/05/26 11:00:00,A,NR,TOTAL,T,MD,2015-01-01,2869302.0,be,
ESTAT:DEMO_PJAN(1.0),08/05/26 11:00:00,A,NR,TOTAL,T,ME,2015-01-01,622099.0,,
ESTAT:DEMO_PJAN(1.0),08/05/26 11:00:00,A,NR,TOTAL,T,MK,2015-01-01,2069172.0,,
ESTAT:DEMO_PJAN(1.0),08/05/26 11:00:00,A,NR,TOTAL,T,MT,2015-01-01,438805.0,,
ESTAT:DEMO_PJAN(1.0),08/05/26 11:00:00,A,NR,TOTAL,T,NL,2015-01-01,16900726.0,,
ESTAT:DEMO_PJAN(1.0),08/05/26 11:00:00,A,NR,TOTAL,T,NO,2015-01-01,5165802.0,,
ESTAT:DEMO_PJAN(1.0),08/05/26 11:00:00,A,NR,TOTAL,T,PL,2015-01-01,38005614.0,,
ESTAT:DEMO_PJAN(1.0),08/05/26 11:00:00,A,NR,TOTAL,T,PT,2015-01-01,10395121.0,,
ESTAT:DEMO_PJAN(1.0),08/05/26 11:00:00,A,NR,TOTAL,T,RO,2015-01-01,19870647.0,,
ESTAT:DEMO_PJAN(1.0),08/05/26 11:00:00,A,NR,TOTAL,T,RS,2015-01-01,7114393.0,,
ESTAT:DEMO_PJAN(1.0),08/05/26 11:00:00,A,NR,TOTAL,T,SE,2015-01-01,9747355.0,,
ESTAT:DEMO_PJAN(1.0),08/05/26 11:00:00,A,NR,TOTAL,T,SI,2015-01-01,2062874.0,,
ESTAT:DEMO_PJAN(1.0),08/05/26 11:00:00,A,NR,TOTAL,T,SK,2015-01-01,5421349.0,,
ESTAT:DEMO_PJAN(1.0),08/05/26 11:00:00,A,NR,TOTAL,T,TR,2015-01-01,77695904.0,,
ESTAT:DEMO_PJAN(1.0),08/05/26 11:00:00,A,NR,TOTAL,T,UA,2015-01-01,42759661.0,b,
ESTAT:DEMO_PJAN(1.0),08/05/26 11:00:00,A,NR,TOTAL,T,UK,2015-01-01,64853393.0,,
ESTAT:DEMO_PJAN(1.0),08/05/26 11:00:00,A,NR,TOTAL,T,AL,2016-01-01,2875592.0,,
ESTAT:DEMO_PJAN(1.0),08/05/26 11:00:00,A,NR,TOTAL,T,AM,2016-01-01,2998577.0,,
ESTAT:DEMO_PJAN(1.0),08/05/26 11:00:00,A,NR,TOTAL,T,AT,2016-01-01,8700471.0,,
ESTAT:DEMO_PJAN(1.0),08/05/26 11:00:00,A,NR,TOTAL,T,AZ,2016-01-01,9705643.0,,
ESTAT:DEMO_PJAN(1.0),08/05/26 11:00:00,A,NR,TOTAL,T,BE,2016-01-01,11311117.0,,
ESTAT:DEMO_PJAN(1.0),08/05/26 11:00:00,A,NR,TOTAL,T,BG,2016-01-01,6938759.0,,
ESTAT:DEMO_PJAN(1.0),08/05/26 11:00:00,A,NR,TOTAL,T,BY,2016-01-01,9498364.0,,
ESTAT:DEMO_PJAN(1.0),08/05/26 11:00:00,A,NR,TOTAL,T,CH,2016-01-01,8327126.0,,
ESTAT:DEMO_PJAN(1.0),08/05/26 11:00:00,A,NR,TOTAL,T,CY,2016-01-01,863764.0,,
ESTAT:DEMO_PJAN(1.0),08/05/26 11:00:00,A,NR,TOTAL,T,CZ,2016-01-01,10553843.0,,
ESTAT:DEMO_PJAN(1.0),08/05/26 11:00:00,A,NR,TOTAL,T,DE,2016-01-01,82175684.0,,
ESTAT:DEMO_PJAN(1.0),08/05/26 11:00:00,A,NR,TOTAL,T,DE_TOT,2016-01-01,82175684.0,,
ESTAT:DEMO_PJAN(1.0),08/05/26 11:00:00,A,NR,TOTAL,T,DK,2016-01-01,5707251.0,,
ESTAT:DEMO_PJAN(1.0),08/05/26 11:00:00,A,NR,TOTAL,T,EA20,2016-01-01,343444952.0,,
ESTAT:DEMO_PJAN(1.0),08/05/26 11:00:00,A,NR,TOTAL,T,EE,2016-01-01,1315944.0,,
ESTAT:DEMO_PJAN(1.0),08/05/26 11:00:00,A,NR,TOTAL,T,EEA30_2007,2016-01-01,510819888.0,e,
ESTAT:DEMO_PJAN(1.0),08/05/26 11:00:00,A,NR,TOTAL,T,EEA31,2016-01-01,514966448.0,e,
ESTAT:DEMO_PJAN(1.0),08/05/26 11:00:00,A,NR,TOTAL,T,EFTA,2016-01-01,13911262.0,,
ESTAT:DEMO_PJAN(1.0),08/05/26 11:00:00,A,NR,TOTAL,T,EL,2016-01-01,10735415.0,,
ESTAT:DEMO_PJAN(1.0),08/05/26 11:00:00,A,NR,TOTAL,T,ES,2016-01-01,46418884.0,,
ESTAT:DEMO_PJAN(1.0),08/05/26 11:00:00,A,NR,TOTAL,T,EU27_2007,2016-01-01,505251197.0,e,
ESTAT:DEMO_PJAN(1.0),08/05/26 11:00:00,A,NR,TOTAL,T,EU27_2020,2016-01-01,444003268.0,e,
ESTAT:DEMO_PJAN(1.0),08/05/26 11:00:00,A,NR,TOTAL,T,EU28,2016-01-01,509382312.0,e,
ESTAT:DEMO_PJAN(1.0),08/05/26 11:00:00,A,NR,TOTAL,T,FI,2016-01-01,5487308.0,,
ESTAT:DEMO_PJAN(1.0),08/05/26 11:00:00,A,NR,TOTAL,T,FR,2016-01-01,66638391.0,,
ESTAT:DEMO_PJAN(1.0),08/05/26 11:00:00,A,NR,TOTAL,T,GE,2016-01-01,3720400.0,,
ESTAT:DEMO_PJAN(1.0),08/05/26 11:00:00,A,NR,TOTAL,T,HR,2016-01-01,4131115.0,,
ESTAT:DEMO_PJAN(1.0),08/05/26 11:00:00,A,NR,TOTAL,T,HU,2016-01-01,9779652.0,,
ESTAT:DEMO_PJAN(1.0),08/05/26 11:00:00,A,NR,TOTAL,T,IE,2016-01-01,4726286.0,,
ESTAT:DEMO_PJAN(1.0),08/05/26 11:00:00,A,NR,TOTAL,T,IS,2016-01-01,332529.0,,
ESTAT:DEMO_PJAN(1.0),08/05/26 11:00:00,A,NR,TOTAL,T,IT,2016-01-01,60163712.0,,
ESTAT:DEMO_PJAN(1.0),08/05/26 11:00:00,A,NR,TOTAL,T,LI,2016-01-01,37622.0,,
ESTAT:DEMO_PJAN(1.0),08/05/26 11:00:00,A,NR,TOTAL,T,LT,2016-01-01,2895573.0,,
ESTAT:DEMO_PJAN(1.0),08/05/26 11:00:00,A,NR,TOTAL,T,LU,2016-01-01,576249.0,,
ESTAT:DEMO_PJAN(1.0),08/05/26 11:00:00,A,NR,TOTAL,T,LV,2016-01-01,1968957.0,,
ESTAT:DEMO_PJAN(1.0),08/05/26 11:00:00,A,NR,TOTAL,T,MD,2016-01-01,2846327.0,e,
ESTAT:DEMO_PJAN(1.0),08/05/26 11:00:00,A,NR,TOTAL,T,ME,2016-01-01,622218.0,,
ESTAT:DEMO_PJAN(1.0),08/05/26 11:00:00,A,NR,TOTAL,T,MK,2016-01-01,2071278.0,,
ESTAT:DEMO_PJAN(1.0),08/05/26 11:00:00,A,NR,TOTAL,T,MT,2016-01-01,449635.0,,
ESTAT:DEMO_PJAN(1.0),08/05/26 11:00:00,A,NR,TOTAL,T,NL,2016-01-01,16979120.0,,
ESTAT:DEMO_PJAN(1.0),08/05/26 11:00:00,A,NR,TOTAL,T,NO,2016-01-01,5213985.0,,
ESTAT:DEMO_PJAN(1.0),08/05/26 11:00:00,A,NR,TOTAL,T,PL,2016-01-01,37967209.0,,
ESTAT:DEMO_PJAN(1.0),08/05/26 11:00:00,A,NR,TOTAL,T,PT,2016-01-01,10368554.0,,
ESTAT:DEMO_PJAN(1.0),08/05/26 11:00:00,A,NR,TOTAL,T,RO,2016-01-01,19760585.0,,
ESTAT:DEMO_PJAN(1.0),08/05/26 11:00:00,A,NR,TOTAL,T,RS,2016-01-01,7076372.0,,
ESTAT:DEMO_PJAN(1.0),08/05/26 11:00:00,A,NR,TOTAL,T,SE,2016-01-01,9851017.0,,
ESTAT:DEMO_PJAN(1.0),08/05/26 11:00:00,A,NR,TOTAL,T,SI,2016-01-01,2064188.0,,
ESTAT:DEMO_PJAN(1.0),08/05/26 11:00:00,A,NR,TOTAL,T,SK,2016-01-01,5426252.0,,
ESTAT:DEMO_PJAN(1.0),08/05/26 11:00:00,A,NR,TOTAL,T,TR,2016-01-01,78741053.0,,
ESTAT:DEMO_PJAN(1.0),08/05/26 11:00:00,A,NR,TOTAL,T,UA,2016-01-01,42590879.0,,
ESTAT:DEMO_PJAN(1.0),08/05/26 11:00:00,A,NR,TOTAL,T,UK,2016-01-01,65379044.0,,
ESTAT:DEMO_PJAN(1.0),08/05/26 11:00:00,A,NR,TOTAL,T,XK,2016-01-01,1771604.0,p,
ESTAT:DEMO_PJAN(1.0),08/05/26 11:00:00,A,NR,TOTAL,T,AL,2017-01-01,2876591.0,,
ESTAT:DEMO_PJAN(1.0),08/05/26 11:00:00,A,NR,TOTAL,T,AM,2017-01-01,2986151.0,,
ESTAT:DEMO_PJAN(1.0),08/05/26 11:00:00,A,NR,TOTAL,T,AT,2017-01-01,8772865.0,,
ESTAT:DEMO_PJAN(1.0),08/05/26 11:00:00,A,NR,TOTAL,T,AZ,2017-01-01,9809981.0,,
ESTAT:DEMO_PJAN(1.0),08/05/26 11:00:00,A,NR,TOTAL,T,BE,2017-01-01,11351727.0,,
ESTAT:DEMO_PJAN(1.0),08/05/26 11:00:00,A,NR,TOTAL,T,BG,2017-01-01,6849518.0,,
ESTAT:DEMO_PJAN(1.0),08/05/26 11:00:00,A,NR,TOTAL,T,BY,2017-01-01,9504704.0,,
ESTAT:DEMO_PJAN(1.0),08/05/26 11:00:00,A,NR,TOTAL,T,CH,2017-01-01,8419550.0,,
ESTAT:DEMO_PJAN(1.0),08/05/26 11:00:00,A,NR,TOTAL,T,CY,2017-01-01,869878.0,,
ESTAT:DEMO_PJAN(1.0),08/05/26 11:00:00,A,NR,TOTAL,T,CZ,2017-01-01,10578820.0,,
ESTAT:DEMO_PJAN(1.0),08/05/26 11:00:00,A,NR,TOTAL,T,DE,2017-01-01,82521653.0,,
ESTAT:DEMO_PJAN(1.0),08/05/26 11:00:00,A,NR,TOTAL,T,DE_TOT,2017-01-01,82521653.0,,
ESTAT:DEMO_PJAN(1.0),08/05/26 11:00:00,A,NR,TOTAL,T,DK,2017-01-01,5748769.0,,
ESTAT:DEMO_PJAN(1.0),08/05/26 11:00:00,A,NR,TOTAL,T,EA20,2017-01-01,344141575.0,b,
ESTAT:DEMO_PJAN(1.0),08/05/26 11:00:00,A,NR,TOTAL,T,EE,2017-01-01,1315635.0,,
ESTAT:DEMO_PJAN(1.0),08/05/26 11:00:00,A,NR,TOTAL,T,EEA30_2007,2017-01-01,512055378.0,be,
ESTAT:DEMO_PJAN(1.0),08/05/26 11:00:00,A,NR,TOTAL,T,EEA31,2017-01-01,516149223.0,be,
ESTAT:DEMO_PJAN(1.0),08/05/26 11:00:00,A,NR,TOTAL,T,EFTA,2017-01-01,14054026.0,,
ESTAT:DEMO_PJAN(1.0),08/05/26 11:00:00,A,NR,TOTAL,T,EL,2017-01-01,10707527.0,,
ESTAT:DEMO_PJAN(1.0),08/05/26 11:00:00,A,NR,TOTAL,T,ES,2017-01-01,46497393.0,,
ESTAT:DEMO_PJAN(1.0),08/05/26 11:00:00,A,NR,TOTAL,T,EU27_2007,2017-01-01,506435978.0,be,
ESTAT:DEMO_PJAN(1.0),08/05/26 11:00:00,A,NR,TOTAL,T,EU27_2020,2017-01-01,444670605.0,be,
ESTAT:DEMO_PJAN(1.0),08/05/26 11:00:00,A,NR,TOTAL,T,EU28,2017-01-01,510514747.0,be,
ESTAT:DEMO_PJAN(1.0),08/05/26 11:00:00,A,NR,TOTAL,T,FI,2017-01-01,5503297.0,,
ESTAT:DEMO_PJAN(1.0),08/05/26 11:00:00,A,NR,TOTAL,T,FR,2017-01-01,66809816.0,,
ESTAT:DEMO_PJAN(1.0),08/05/26 11:00:00,A,NR,TOTAL,T,GE,2017-01-01,3718200.0,,
ESTAT:DEMO_PJAN(1.0),08/05/26 11:00:00,A,NR,TOTAL,T,HR,2017-01-01,4078769.0,,
ESTAT:DEMO_PJAN(1.0),08/05/26 11:00:00,A,NR,TOTAL,T,HU,2017-01-01,9739857.0,,
ESTAT:DEMO_PJAN(1.0),08/05/26 11:00:00,A,NR,TOTAL,T,IE,2017-01-01,4799157.0,,
ESTAT:DEMO_PJAN(1.0),08/05/26 11:00:00,A,NR,TOTAL,T,IS,2017-01-01,338349.0,,
ESTAT:DEMO_PJAN(1.0),08/05/26 11:00:00,A,NR,TOTAL,T,IT,2017-01-01,60066734.0,,
ESTAT:DEMO_PJAN(1.0),08/05/26 11:00:00,A,NR,TOTAL,T,LI,2017-01-01,37810.0,,
ESTAT:DEMO_PJAN(1.0),08/05/26 11:00:00,A,NR,TOTAL,T,LT,2017-01-01,2859077.0,,
ESTAT:DEMO_PJAN(1.0),08/05/26 11:00:00,A,NR,TOTAL,T,LU,2017-01-01,590667.0,b,
ESTAT:DEMO_PJAN(1.0),08/05/26 11:00:00,A,NR,TOTAL,T,LV,2017-01-01,1950116.0,,
ESTAT:DEMO_PJAN(1.0),08/05/26 11:00:00,A,NR,TOTAL,T,MD,2017-01-01,2825628.0,e,
ESTAT:DEMO_PJAN(1.0),08/05/26 11:00:00,A,NR,TOTAL,T,ME,2017-01-01,622387.0,,
ESTAT:DEMO_PJAN(1.0),08/05/26 11:00:00,A,NR,TOTAL,T,MK,2017-01-01,2073702.0,,
ESTAT:DEMO_PJAN(1.0),08/05/26 11:00:00,A,NR,TOTAL,T,MT,2017-01-01,459375.0,,
ESTAT:DEMO_PJAN(1.0),08/05/26 11:00:00,A,NR,TOTAL,T,NL,2017-01-01,17081507.0,,
ESTAT:DEMO_PJAN(1.0),08/05/26 11:00:00,A,NR,TOTAL,T,NO,2017-01-01,5258317.0,,
ESTAT:DEMO_PJAN(1.0),08/05/26 11:00:00,A,NR,TOTAL,T,PL,2017-01-01,37972964.0,,
ESTAT:DEMO_PJAN(1.0),08/05/26 11:00:00,A,NR,TOTAL,T,PT,2017-01-01,10344478.0,,
ESTAT:DEMO_PJAN(1.0),08/05/26 11:00:00,A,NR,TOTAL,T,RO,2017-01-01,19643949.0,,
ESTAT:DEMO_PJAN(1.0),08/05/26 11:00:00,A,NR,TOTAL,T,RS,2017-01-01,7040272.0,,
ESTAT:DEMO_PJAN(1.0),08/05/26 11:00:00,A,NR,TOTAL,T,SE,2017-01-01,9995153.0,,
ESTAT:DEMO_PJAN(1.0),08/05/26 11:00:00,A,NR,TOTAL,T,SI,2017-01-01,2065895.0,,
ESTAT:DEMO_PJAN(1.0),08/05/26 11:00:00,A,NR,TOTAL,T,SK,2017-01-01,5435343.0,,
ESTAT:DEMO_PJAN(1.0),08/05/26 11:00:00,A,NR,TOTAL,T,TR,2017-01-01,79814871.0,,
ESTAT:DEMO_PJAN(1.0),08/05/26 11:00:00,A,NR,TOTAL,T,UA,2017-01-01,42414905.0,,
ESTAT:DEMO_PJAN(1.0),08/05/26 11:00:00,A,NR,TOTAL,T,UK,2017-01-01,65844142.0,,
ESTAT:DEMO_PJAN(1.0),08/05/26 11:00:00,A,NR,TOTAL,T,XK,2017-01-01,1783531.0,,
ESTAT:DEMO_PJAN(1.0),08/05/26 11:00:00,A,NR,TOTAL,T,AL,2018-01-01,2870324.0,,
ESTAT:DEMO_PJAN(1.0),08/05/26 11:00:00,A,NR,TOTAL,T,AM,2018-01-01,2972732.0,,
ESTAT:DEMO_PJAN(1.0),08/05/26 11:00:00,A,NR,TOTAL,T,AT,2018-01-01,8822267.0,,
ESTAT:DEMO_PJAN(1.0),08/05/26 11:00:00,A,NR,TOTAL,T,AZ,2018-01-01,9898085.0,,
ESTAT:DEMO_PJAN(1.0),08/05/26 11:00:00,A,NR,TOTAL,T,BE,2018-01-01,11398589.0,,
ESTAT:DEMO_PJAN(1.0),08/05/26 11:00:00,A,NR,TOTAL,T,BG,2018-01-01,6757418.0,,
ESTAT:DEMO_PJAN(1.0),08/05/26 11:00:00,A,NR,TOTAL,T,BY,2018-01-01,9491823.0,,
ESTAT:DEMO_PJAN(1.0),08/05/26 11:00:00,A,NR,TOTAL,T,CH,2018-01-01,8484130.0,,
ESTAT:DEMO_PJAN(1.0),08/05/26 11:00:00,A,NR,TOTAL,T,CY,2018-01-01,878601.0,,
ESTAT:DEMO_PJAN(1.0),08/05/26 11:00:00,A,NR,TOTAL,T,CZ,2018-01-01,10610055.0,,
ESTAT:DEMO_PJAN(1.0),08/05/26 11:00:00,A,NR,TOTAL,T,DE,2018-01-01,82792351.0,,
ESTAT:DEMO_PJAN(1.0),08/05/26 11:00:00,A,NR,TOTAL,T,DE_TOT,2018-01-01,82792351.0,,
ESTAT:DEMO_PJAN(1.0),08/05/26 11:00:00,A,NR,TOTAL,T,DK,2018-01-01,5781190.0,,
ESTAT:DEMO_PJAN(1.0),08/05/26 11:00:00,A,NR,TOTAL,T,EA20,2018-01-01,344808648.0,,
ESTAT:DEMO_PJAN(1.0),08/05/26 11:00:00,A,NR,TOTAL,T,EE,2018-01-01,1319133.0,,
ESTAT:DEMO_PJAN(1.0),08/05/26 11:00:00,A,NR,TOTAL,T,EEA30_2007,2018-01-01,513228429.0,e,
ESTAT:DEMO_PJAN(1.0),08/05/26 11:00:00,A,NR,TOTAL,T,EEA31,2018-01-01,517257135.0,e,
ESTAT:DEMO_PJAN(1.0),08/05/26 11:00:00,A,NR,TOTAL,T,EFTA,2018-01-01,14166313.0,,
ESTAT:DEMO_PJAN(1.0),08/05/26 11:00:00,A,NR,TOTAL,T,EL,2018-01-01,10667336.0,,
ESTAT:DEMO_PJAN(1.0),08/05/26 11:00:00,A,NR,TOTAL,T,ES,2018-01-01,46645070.0,,
ESTAT:DEMO_PJAN(1.0),08/05/26 11:00:00,A,NR,TOTAL,T,EU27_2007,2018-01-01,507560611.0,e,
ESTAT:DEMO_PJAN(1.0),08/05/26 11:00:00,A,NR,TOTAL,T,EU27_2020,2018-01-01,445301376.0,e,
ESTAT:DEMO_PJAN(1.0),08/05/26 11:00:00,A,NR,TOTAL,T,EU28,2018-01-01,511574952.0,e,
ESTAT:DEMO_PJAN(1.0),08/05/26 11:00:00,A,NR,TOTAL,T,FI,2018-01-01,5513130.0,,
ESTAT:DEMO_PJAN(1.0),08/05/26 11:00:00,A,NR,TOTAL,T,FR,2018-01-01,67026224.0,p,
ESTAT:DEMO_PJAN(1.0),08/05/26 11:00:00,A,NR,TOTAL,T,GE,2018-01-01,3729633.0,,
ESTAT:DEMO_PJAN(1.0),08/05/26 11:00:00,A,NR,TOTAL,T,HR,2018-01-01,4014341.0,,
ESTAT:DEMO_PJAN(1.0),08/05/26 11:00:00,A,NR,TOTAL,T,HU,2018-01-01,9713655.0,,
ESTAT:DEMO_PJAN(1.0),08/05/26 11:00:00,A,NR,TOTAL,T,IE,2018-01-01,4855733.0,,
ESTAT:DEMO_PJAN(1.0),08/05/26 11:00:00,A,NR,TOTAL,T,IS,2018-01-01,348450.0,,
ESTAT:DEMO_PJAN(1.0),08/05/26 11:00:00,A,NR,TOTAL,T,IT,2018-01-01,59937769.0,,
ESTAT:DEMO_PJAN(1.0),08/05/26 11:00:00,A,NR,TOTAL,T,LI,2018-01-01,38114.0,,
ESTAT:DEMO_PJAN(1.0),08/05/26 11:00:00,A,NR,TOTAL,T,LT,2018-01-01,2826200.0,,
ESTAT:DEMO_PJAN(1.0),08/05/26 11:00:00,A,NR,TOTAL,T,LU,2018-01-01,602005.0,,
ESTAT:DEMO_PJAN(1.0),08/05/26 11:00:00,A,NR,TOTAL,T,LV,2018-01-01,1934379.0,,
ESTAT:DEMO_PJAN(1.0),08/05/26 11:00:00,A,NR,TOTAL,T,MD,2018-01-01,2780744.0,e,
ESTAT:DEMO_PJAN(1.0),08/05/26 11:00:00,A,NR,TOTAL,T,ME,2018-01-01,622359.0,,
ESTAT:DEMO_PJAN(1.0),08/05/26 11:00:00,A,NR,TOTAL,T,MK,2018-01-01,2075301.0,,
ESTAT:DEMO_PJAN(1.0),08/05/26 11:00:00,A,NR,TOTAL,T,MT,2018-01-01,474837.0,,
ESTAT:DEMO_PJAN(1.0),08/05/26 11:00:00,A,NR,TOTAL,T,NL,2018-01-01,17181084.0,,
ESTAT:DEMO_PJAN(1.0),08/05/26 11:00:00,A,NR,TOTAL,T,NO,2018-01-01,5295619.0,,
ESTAT:DEMO_PJAN(1.0),08/05/26 11:00:00,A,NR,TOTAL,T,PL,2018-01-01,37976687.0,,
ESTAT:DEMO_PJAN(1.0),08/05/26 11:00:00,A,NR,TOTAL,T,PT,2018-01-01,10335770.0,,
ESTAT:DEMO_PJAN(1.0),08/05/26 11:00:00,A,NR,TOTAL,T,RO,2018-01-01,19533481.0,,
ESTAT:DEMO_PJAN(1.0),08/05/26 11:00:00,A,NR,TOTAL,T,RS,2018-01-01,7001444.0,,
ESTAT:DEMO_PJAN(1.0),08/05/26 11:00:00,A,NR,TOTAL,T,SE,2018-01-01,10120242.0,,
ESTAT:DEMO_PJAN(1.0),08/05/26 11:00:00,A,NR,TOTAL,T,SI,2018-01-01,2066880.0,,
ESTAT:DEMO_PJAN(1.0),08/05/26 11:00:00,A,NR,TOTAL,T,SK,2018-01-01,5443120.0,,
ESTAT:DEMO_PJAN(1.0),08/05/26 11:00:00,A,NR,TOTAL,T,SM,2018-01-01,34453.0,,
ESTAT:DEMO_PJAN(1.0),08/05/26 11:00:00,A,NR,TOTAL,T,TR,2018-01-01,80810525.0,,
ESTAT:DEMO_PJAN(1.0),08/05/26 11:00:00,A,NR,TOTAL,T,UA,2018-01-01,42216766.0,,
ESTAT:DEMO_PJAN(1.0),08/05/26 11:00:00,A,NR,TOTAL,T,UK,2018-01-01,66273576.0,,
ESTAT:DEMO_PJAN(1.0),08/05/26 11:00:00,A,NR,TOTAL,T,XK,2018-01-01,1798506.0,,
ESTAT:DEMO_PJAN(1.0),08/05/26 11:00:00,A,NR,TOTAL,T,AD,2019-01-01,76177.0,,
ESTAT:DEMO_PJAN(1.0),08/05/26 11:00:00,A,NR,TOTAL,T,AL,2019-01-01,2862427.0,,
ESTAT:DEMO_PJAN(1.0),08/05/26 11:00:00,A,NR,TOTAL,T,AM,2019-01-01,2965269.0,,
ESTAT:DEMO_PJAN(1.0),08/05/26 11:00:00,A,NR,TOTAL,T,AT,2019-01-01,8858775.0,,
ESTAT:DEMO_PJAN(1.0),08/05/26 11:00:00,A,NR,TOTAL,T,AZ,2019-01-01,9981457.0,,
ESTAT:DEMO_PJAN(1.0),08/05/26 11:00:00,A,NR,TOTAL,T,BE,2019-01-01,11455519.0,,
ESTAT:DEMO_PJAN(1.0),08/05/26 11:00:00,A,NR,TOTAL,T,BG,2019-01-01,6664177.0,,
ESTAT:DEMO_PJAN(1.0),08/05/26 11:00:00,A,NR,TOTAL,T,BY,2019-01-01,9475174.0,,
ESTAT:DEMO_PJAN(1.0),08/05/26 11:00:00,A,NR,TOTAL,T,CH,2019-01-01,8544527.0,,
ESTAT:DEMO_PJAN(1.0),08/05/26 11:00:00,A,NR,TOTAL,T,CY,2019-01-01,890194.0,,
ESTAT:DEMO_PJAN(1.0),08/05/26 11:00:00,A,NR,TOTAL,T,CZ,2019-01-01,10649800.0,,
ESTAT:DEMO_PJAN(1.0),08/05/26 11:00:00,A,NR,TOTAL,T,DE,2019-01-01,83019213.0,,
ESTAT:DEMO_PJAN(1.0),08/05/26 11:00:00,A,NR,TOTAL,T,DE_TOT,2019-01-01,83019213.0,,
ESTAT:DEMO_PJAN(1.0),08/05/26 11:00:00,A,NR,TOTAL,T,DK,2019-01-01,5806081.0,,
ESTAT:DEMO_PJAN(1.0),08/05/26 11:00:00,A,NR,TOTAL,T,EA20,2019-01-01,345712139.0,,
ESTAT:DEMO_PJAN(1.0),08/05/26 11:00:00,A,NR,TOTAL,T,EE,2019-01-01,1324820.0,,
ESTAT:DEMO_PJAN(1.0),08/05/26 11:00:00,A,NR,TOTAL,T,EEA30_2007,2019-01-01,514537646.0,b,
ESTAT:DEMO_PJAN(1.0),08/05/26 11:00:00,A,NR,TOTAL,T,EEA31,2019-01-01,518520617.0,,
ESTAT:DEMO_PJAN(1.0),08/05/26 11:00:00,A,NR,TOTAL,T,EFTA,2019-01-01,14268108.0,,
ESTAT:DEMO_PJAN(1.0),08/05/26 11:00:00,A,NR,TOTAL,T,EL,2019-01-01,10635213.0,,
ESTAT:DEMO_PJAN(1.0),08/05/26 11:00:00,A,NR,TOTAL,T,ES,2019-01-01,46918951.0,,
ESTAT:DEMO_PJAN(1.0),08/05/26 11:00:00,A,NR,TOTAL,T,EU27_2007,2019-01-01,508828360.0,,
ESTAT:DEMO_PJAN(1.0),08/05/26 11:00:00,A,NR,TOTAL,T,EU27_2020,2019-01-01,446149924.0,,
ESTAT:DEMO_PJAN(1.0),08/05/26 11:00:00,A,NR,TOTAL,T,EU28,2019-01-01,512797036.0,,
ESTAT:DEMO_PJAN(1.0),08/05/26 11:00:00,A,NR,TOTAL,T,FI,2019-01-01,5517919.0,,
ESTAT:DEMO_PJAN(1.0),08/05/26 11:00:00,A,NR,TOTAL,T,FR,2019-01-01,67290471.0,,
ESTAT:DEMO_PJAN(1.0),08/05/26 11:00:00,A,NR,TOTAL,T,GE,2019-01-01,3723464.0,,
ESTAT:DEMO_PJAN(1.0),08/05/26 11:00:00,A,NR,TOTAL,T,HR,2019-01-01,3968676.0,,
ESTAT:DEMO_PJAN(1.0),08/05/26 11:00:00,A,NR,TOTAL,T,HU,2019-01-01,9700272.0,,
ESTAT:DEMO_PJAN(1.0),08/05/26 11:00:00,A,NR,TOTAL,T,IE,2019-01-01,4940311.0,,
ESTAT:DEMO_PJAN(1.0),08/05/26 11:00:00,A,NR,TOTAL,T,IS,2019-01-01,356991.0,,
ESTAT:DEMO_PJAN(1.0),08/05/26 11:00:00,A,NR,TOTAL,T,IT,2019-01-01,59816673.0,b,
ESTAT:DEMO_PJAN(1.0),08/05/26 11:00:00,A,NR,TOTAL,T,LI,2019-01-01,38378.0,,
ESTAT:DEMO_PJAN(1.0),08/05/26 11:00:00,A,NR,TOTAL,T,LT,2019-01-01,2812200.0,,
ESTAT:DEMO_PJAN(1.0),08/05/26 11:00:00,A,NR,TOTAL,T,LU,2019-01-01,613894.0,,
ESTAT:DEMO_PJAN(1.0),08/05/26 11:00:00,A,NR,TOTAL,T,LV,2019-01-01,1919968.0,,
ESTAT:DEMO_PJAN(1.0),08/05/26 11:00:00,A,NR,TOTAL,T,MD,2019-01-01,2729634.0,e,
ESTAT:DEMO_PJAN(1.0),08/05/26 11:00:00,A,NR,TOTAL,T,ME,2019-01-01,622182.0,,
ESTAT:DEMO_PJAN(1.0),08/05/26 11:00:00,A,NR,TOTAL,T,MK,2019-01-01,2077132.0,,
ESTAT:DEMO_PJAN(1.0),08/05/26 11:00:00,A,NR,TOTAL,T,MT,2019-01-01,492968.0,,
ESTAT:DEMO_PJAN(1.0),08/05/26 11:00:00,A,NR,TOTAL,T,NL,2019-01-01,17282163.0,,
ESTAT:DEMO_PJAN(1.0),08/05/26 11:00:00,A,NR,TOTAL,T,NO,2019-01-01,5328212.0,,
ESTAT:DEMO_PJAN(1.0),08/05/26 11:00:00,A,NR,TOTAL,T,PL,2019-01-01,37972812.0,,
ESTAT:DEMO_PJAN(1.0),08/05/26 11:00:00,A,NR,TOTAL,T,PT,2019-01-01,10333496.0,,
ESTAT:DEMO_PJAN(1.0),08/05/26 11:00:00,A,NR,TOTAL,T,RO,2019-01-01,19414458.0,,
ESTAT:DEMO_PJAN(1.0),08/05/26 11:00:00,A,NR,TOTAL,T,RS,2019-01-01,6963764.0,,
ESTAT:DEMO_PJAN(1.0),08/05/26 11:00:00,A,NR,TOTAL,T,SE,2019-01-01,10230185.0,,
ESTAT:DEMO_PJAN(1.0),08/05/26 11:00:00,A,NR,TOTAL,T,SI,2019-01-01,2080908.0,,
ESTAT:DEMO_PJAN(1.0),08/05/26 11:00:00,A,NR,TOTAL,T,SK,2019-01-01,5450421.0,,
ESTAT:DEMO_PJAN(1.0),08/05/26 11:00:00,A,NR,TOTAL,T,TR,2019-01-01,82003882.0,,
ESTAT:DEMO_PJAN(1.0),08/05/26 11:00:00,A,NR,TOTAL,T,UA,2019-01-01,41983564.0,,
ESTAT:DEMO_PJAN(1.0),08/05/26 11:00:00,A,NR,TOTAL,T,UK,2019-01-01,66647112.0,,
ESTAT:DEMO_PJAN(1.0),08/05/26 11:00:00,A,NR,TOTAL,T,XK,2019-01-01,1795666.0,,
ESTAT:DEMO_PJAN(1.0),08/05/26 11:00:00,A,NR,TOTAL,T,AL,2020-01-01,2845955.0,,
ESTAT:DEMO_PJAN(1.0),08/05/26 11:00:00,A,NR,TOTAL,T,AM,2020-01-01,2959694.0,,
ESTAT:DEMO_PJAN(1.0),08/05/26 11:00:00,A,NR,TOTAL,T,AT,2020-01-01,8901064.0,,
ESTAT:DEMO_PJAN(1.0),08/05/26 11:00:00,A,NR,TOTAL,T,AZ,2020-01-01,10067108.0,,
ESTAT:DEMO_PJAN(1.0),08/05/26 11:00:00,A,NR,TOTAL,T,BE,2020-01-01,11522440.0,,
ESTAT:DEMO_PJAN(1.0),08/05/26 11:00:00,A,NR,TOTAL,T,BG,2020-01-01,6569275.0,,
ESTAT:DEMO_PJAN(1.0),08/05/26 11:00:00,A,NR,TOTAL,T,CH,2020-01-01,8606033.0,,
ESTAT:DEMO_PJAN(1.0),08/05/26 11:00:00,A,NR,TOTAL,T,CY,2020-01-01,902429.0,,
ESTAT:DEMO_PJAN(1.0),08/05/26 11:00:00,A,NR,TOTAL,T,CZ,2020-01-01,10693939.0,,
ESTAT:DEMO_PJAN(1.0),08/05/26 11:00:00,A,NR,TOTAL,T,DE,2020-01-01,83166711.0,,
ESTAT:DEMO_PJAN(1.0),08/05/26 11:00:00,A,NR,TOTAL,T,DE_TOT,2020-01-01,83166711.0,,
ESTAT:DEMO_PJAN(1.0),08/05/26 11:00:00,A,NR,TOTAL,T,DK,2020-01-01,5822763.0,,
ESTAT:DEMO_PJAN(1.0),08/05/26 11:00:00,A,NR,TOTAL,T,EA20,2020-01-01,346640106.0,,
ESTAT:DEMO_PJAN(1.0),08/05/26 11:00:00,A,NR,TOTAL,T,EE,2020-01-01,1328889.0,,
ESTAT:DEMO_PJAN(1.0),08/05/26 11:00:00,A,NR,TOTAL,T,EEA30_2007,2020-01-01,515878092.0,e,
ESTAT:DEMO_PJAN(1.0),08/05/26 11:00:00,A,NR,TOTAL,T,EEA31,2020-01-01,519826027.0,e,
ESTAT:DEMO_PJAN(1.0),08/05/26 11:00:00,A,NR,TOTAL,T,EFTA,2020-01-01,14376494.0,,
ESTAT:DEMO_PJAN(1.0),08/05/26 11:00:00,A,NR,TOTAL,T,EL,2020-01-01,10612591.0,,
ESTAT:DEMO_PJAN(1.0),08/05/26 11:00:00,A,NR,TOTAL,T,ES,2020-01-01,47318050.0,,
ESTAT:DEMO_PJAN(1.0),08/05/26 11:00:00,A,NR,TOTAL,T,EU27_2007,2020-01-01,510122055.0,e,
ESTAT:DEMO_PJAN(1.0),08/05/26 11:00:00,A,NR,TOTAL,T,EU27_2020,2020-01-01,447030024.0,e,
ESTAT:DEMO_PJAN(1.0),08/05/26 11:00:00,A,NR,TOTAL,T,EU28,2020-01-01,514055566.0,e,
ESTAT:DEMO_PJAN(1.0),08/05/26 11:00:00,A,NR,TOTAL,T,FI,2020-01-01,5525292.0,,
ESTAT:DEMO_PJAN(1.0),08/05/26 11:00:00,A,NR,TOTAL,T,FR,2020-01-01,67473651.0,,
ESTAT:DEMO_PJAN(1.0),08/05/26 11:00:00,A,NR,TOTAL,T,GE,2020-01-01,3716858.0,,
ESTAT:DEMO_PJAN(1.0),08/05/26 11:00:00,A,NR,TOTAL,T,HR,2020-01-01,3933511.0,,
ESTAT:DEMO_PJAN(1.0),08/05/26 11:00:00,A,NR,TOTAL,T,HU,2020-01-01,9689376.0,,
ESTAT:DEMO_PJAN(1.0),08/05/26 11:00:00,A,NR,TOTAL,T,IE,2020-01-01,5012600.0,,
ESTAT:DEMO_PJAN(1.0),08/05/26 11:00:00,A,NR,TOTAL,T,IS,2020-01-01,364134.0,,
ESTAT:DEMO_PJAN(1.0),08/05/26 11:00:00,A,NR,TOTAL,T,IT,2020-01-01,59641488.0,,
ESTAT:DEMO_PJAN(1.0),08/05/26 11:00:00,A,NR,TOTAL,T,LI,2020-01-01,38747.0,,
ESTAT:DEMO_PJAN(1.0),08/05/26 11:00:00,A,NR,TOTAL,T,LT,2020-01-01,2809977.0,,
ESTAT:DEMO_PJAN(1.0),08/05/26 11:00:00,A,NR,TOTAL,T,LU,2020-01-01,626108.0,,
ESTAT:DEMO_PJAN(1.0),08/05/26 11:00:00,A,NR,TOTAL,T,LV,2020-01-01,1907675.0,,
ESTAT:DEMO_PJAN(1.0),08/05/26 11:00:00,A,NR,TOTAL,T,MD,2020-01-01,2684772.0,e,
ESTAT:DEMO_PJAN(1.0),08/05/26 11:00:00,A,NR,TOTAL,T,ME,2020-01-01,621873.0,,
ESTAT:DEMO_PJAN(1.0),08/05/26 11:00:00,A,NR,TOTAL,T,MK,2020-01-01,2076255.0,,
ESTAT:DEMO_PJAN(1.0),08/05/26 11:00:00,A,NR,TOTAL,T,MT,2020-01-01,514855.0,,
ESTAT:DEMO_PJAN(1.0),08/05/26 11:00:00,A,NR,TOTAL,T,NL,2020-01-01,17407585.0,,
ESTAT:DEMO_PJAN(1.0),08/05/26 11:00:00,A,NR,TOTAL,T,NO,2020-01-01,5367580.0,,
ESTAT:DEMO_PJAN(1.0),08/05/26 11:00:00,A,NR,TOTAL,T,PL,2020-01-01,37958138.0,,
ESTAT:DEMO_PJAN(1.0),08/05/26 11:00:00,A,NR,TOTAL,T,PT,2020-01-01,10375395.0,,
ESTAT:DEMO_PJAN(1.0),08/05/26 11:00:00,A,NR,TOTAL,T,RO,2020-01-01,19328838.0,e,
ESTAT:DEMO_PJAN(1.0),08/05/26 11:00:00,A,NR,TOTAL,T,RS,2020-01-01,6926705.0,,
ESTAT:DEMO_PJAN(1.0),08/05/26 11:00:00,A,NR,TOTAL,T,SE,2020-01-01,10327589.0,,
ESTAT:DEMO_PJAN(1.0),08/05/26 11:00:00,A,NR,TOTAL,T,SI,2020-01-01,2095861.0,,
ESTAT:DEMO_PJAN(1.0),08/05/26 11:00:00,A,NR,TOTAL,T,SK,2020-01-01,5457873.0,,
ESTAT:DEMO_PJAN(1.0),08/05/26 11:00:00,A,NR,TOTAL,T,TR,2020-01-01,83154997.0,,
ESTAT:DEMO_PJAN(1.0),08/05/26 11:00:00,A,NR,TOTAL,T,UA,2020-01-01,41732779.0,,
ESTAT:DEMO_PJAN(1.0),08/05/26 11:00:00,A,NR,TOTAL,T,UK,2020-01-01,67025542.0,p,
ESTAT:DEMO_PJAN(1.0),08/05/26 11:00:00,A,NR,TOTAL,T,XK,2020-01-01,1782115.0,,
ESTAT:DEMO_PJAN(1.0),08/05/26 11:00:00,A,NR,TOTAL,T,AL,2021-01-01,2829741.0,,
ESTAT:DEMO_PJAN(1.0),08/05/26 11:00:00,A,NR,TOTAL,T,AM,2021-01-01,2963251.0,,
ESTAT:DEMO_PJAN(1.0),08/05/26 11:00:00,A,NR,TOTAL,T,AT,2021-01-01,8932664.0,,
ESTAT:DEMO_PJAN(1.0),08/05/26 11:00:00,A,NR,TOTAL,T,AZ,2021-01-01,10119133.0,,
ESTAT:DEMO_PJAN(1.0),08/05/26 11:00:00,A,NR,TOTAL,T,BE,2021-01-01,11554767.0,,
ESTAT:DEMO_PJAN(1.0),08/05/26 11:00:00,A,NR,TOTAL,T,BG,2021-01-01,6532117.0,,
ESTAT:DEMO_PJAN(1.0),08/05/26 11:00:00,A,NR,TOTAL,T,CH,2021-01-01,8670300.0,,
ESTAT:DEMO_PJAN(1.0),08/05/26 11:00:00,A,NR,TOTAL,T,CY,2021-01-01,914476.0,,
ESTAT:DEMO_PJAN(1.0),08/05/26 11:00:00,A,NR,TOTAL,T,CZ,2021-01-01,10494836.0,b,
ESTAT:DEMO_PJAN(1.0),08/05/26 11:00:00,A,NR,TOTAL,T,DE,2021-01-01,83155031.0,,
ESTAT:DEMO_PJAN(1.0),08/05/26 11:00:00,A,NR,TOTAL,T,DE_TOT,2021-01-01,83155031.0,,
ESTAT:DEMO_PJAN(1.0),08/05/26 11:00:00,A,NR,TOTAL,T,DK,2021-01-01,5840045.0,,
ESTAT:DEMO_PJAN(1.0),08/05/26 11:00:00,A,NR,TOTAL,T,EA20,2021-01-01,346718238.0,,
ESTAT:DEMO_PJAN(1.0),08/05/26 11:00:00,A,NR,TOTAL,T,EE,2021-01-01,1330068.0,,
ESTAT:DEMO_PJAN(1.0),08/05/26 11:00:00,A,NR,TOTAL,T,EFTA,2021-01-01,14469516.0,,
ESTAT:DEMO_PJAN(1.0),08/05/26 11:00:00,A,NR,TOTAL,T,EL,2021-01-01,10555344.0,,
ESTAT:DEMO_PJAN(1.0),08/05/26 11:00:00,A,NR,TOTAL,T,ES,2021-01-01,47400798.0,,
ESTAT:DEMO_PJAN(1.0),08/05/26 11:00:00,A,NR,TOTAL,T,EU27_2020,2021-01-01,445891011.0,bep,
ESTAT:DEMO_PJAN(1.0),08/05/26 11:00:00,A,NR,TOTAL,T,FI,2021-01-01,5533793.0,,
ESTAT:DEMO_PJAN(1.0),08/05/26 11:00:00,A,NR,TOTAL,T,FR,2021-01-01,67728568.0,,
ESTAT:DEMO_PJAN(1.0),08/05/26 11:00:00,A,NR,TOTAL,T,GE,2021-01-01,3728573.0,,
ESTAT:DEMO_PJAN(1.0),08/05/26 11:00:00,A,NR,TOTAL,T,HR,2021-01-01,3893026.0,,
ESTAT:DEMO_PJAN(1.0),08/05/26 11:00:00,A,NR,TOTAL,T,HU,2021-01-01,9651461.0,,
ESTAT:DEMO_PJAN(1.0),08/05/26 11:00:00,A,NR,TOTAL,T,IE,2021-01-01,5066893.0,,
ESTAT:DEMO_PJAN(1.0),08/05/26 11:00:00,A,NR,TOTAL,T,IS,2021-01-01,368792.0,,
ESTAT:DEMO_PJAN(1.0),08/05/26 11:00:00,A,NR,TOTAL,T,IT,2021-01-01,59236213.0,,
ESTAT:DEMO_PJAN(1.0),08/05/26 11:00:00,A,NR,TOTAL,T,LI,2021-01-01,39055.0,,
ESTAT:DEMO_PJAN(1.0),08/05/26 11:00:00,A,NR,TOTAL,T,LT,2021-01-01,2810761.0,,
ESTAT:DEMO_PJAN(1.0),08/05/26 11:00:00,A,NR,TOTAL,T,LU,2021-01-01,634730.0,,
ESTAT:DEMO_PJAN(1.0),08/05/26 11:00:00,A,NR,TOTAL,T,LV,2021-01-01,1893223.0,,
ESTAT:DEMO_PJAN(1.0),08/05/26 11:00:00,A,NR,TOTAL,T,MD,2021-01-01,2643675.0,e,
ESTAT:DEMO_PJAN(1.0),08/05/26 11:00:00,A,NR,TOTAL,T,ME,2021-01-01,620739.0,,
ESTAT:DEMO_PJAN(1.0),08/05/26 11:00:00,A,NR,TOTAL,T,MK,2021-01-01,2068808.0,,
ESTAT:DEMO_PJAN(1.0),08/05/26 11:00:00,A,NR,TOTAL,T,MT,2021-01-01,516125.0,,
ESTAT:DEMO_PJAN(1.0),08/05/26 11:00:00,A,NR,TOTAL,T,NL,2021-01-01,17475415.0,,
ESTAT:DEMO_PJAN(1.0),08/05/26 11:00:00,A,NR,TOTAL,T,NO,2021-01-01,5391369.0,,
ESTAT:DEMO_PJAN(1.0),08/05/26 11:00:00,A,NR,TOTAL,T,PL,2021-01-01,37073357.0,bep,
ESTAT:DEMO_PJAN(1.0),08/05/26 11:00:00,A,NR,TOTAL,T,PT,2021-01-01,10394297.0,,
ESTAT:DEMO_PJAN(1.0),08/05/26 11:00:00,A,NR,TOTAL,T,RO,2021-01-01,19201662.0,,
ESTAT:DEMO_PJAN(1.0),08/05/26 11:00:00,A,NR,TOTAL,T,RS,2021-01-01,6871547.0,,
ESTAT:DEMO_PJAN(1.0),08/05/26 11:00:00,A,NR,TOTAL,T,SE,2021-01-01,10379295.0,,
ESTAT:DEMO_PJAN(1.0),08/05/26 11:00:00,A,NR,TOTAL,T,SI,2021-01-01,2108977.0,,
ESTAT:DEMO_PJAN(1.0),08/05/26 11:00:00,A,NR,TOTAL,T,SK,2021-01-01,5459781.0,,
ESTAT:DEMO_PJAN(1.0),08/05/26 11:00:00,A,NR,TOTAL,T,TR,2021-01-01,83614362.0,,
ESTAT:DEMO_PJAN(1.0),08/05/26 11:00:00,A,NR,TOTAL,T,UA,2021-01-01,41418717.0,,
ESTAT:DEMO_PJAN(1.0),08/05/26 11:00:00,A,NR,TOTAL,T,XK,2021-01-01,1798186.0,,
ESTAT:DEMO_PJAN(1.0),08/05/26 11:00:00,A,NR,TOTAL,T,AL,2022-01-01,2793592.0,,
ESTAT:DEMO_PJAN(1.0),08/05/26 11:00:00,A,NR,TOTAL,T,AT,2022-01-01,8978929.0,,
ESTAT:DEMO_PJAN(1.0),08/05/26 11:00:00,A,NR,TOTAL,T,AZ,2022-01-01,10156366.0,,
ESTAT:DEMO_PJAN(1.0),08/05/26 11:00:00,A,NR,TOTAL,T,BE,2022-01-01,11617623.0,,
ESTAT:DEMO_PJAN(1.0),08/05/26 11:00:00,A,NR,TOTAL,T,BG,2022-01-01,6482484.0,,
ESTAT:DEMO_PJAN(1.0),08/05/26 11:00:00,A,NR,TOTAL,T,CH,2022-01-01,8738791.0,,
ESTAT:DEMO_PJAN(1.0),08/05/26 11:00:00,A,NR,TOTAL,T,CY,2022-01-01,929764.0,,
ESTAT:DEMO_PJAN(1.0),08/05/26 11:00:00,A,NR,TOTAL,T,CZ,2022-01-01,10516707.0,,
ESTAT:DEMO_PJAN(1.0),08/05/26 11:00:00,A,NR,TOTAL,T,DE,2022-01-01,83237124.0,,
ESTAT:DEMO_PJAN(1.0),08/05/26 11:00:00,A,NR,TOTAL,T,DE_TOT,2022-01-01,83237124.0,,
ESTAT:DEMO_PJAN(1.0),08/05/26 11:00:00,A,NR,TOTAL,T,DK,2022-01-01,5873420.0,,
ESTAT:DEMO_PJAN(1.0),08/05/26 11:00:00,A,NR,TOTAL,T,EA20,2022-01-01,347104468.0,,
ESTAT:DEMO_PJAN(1.0),08/05/26 11:00:00,A,NR,TOTAL,T,EE,2022-01-01,1331796.0,,
ESTAT:DEMO_PJAN(1.0),08/05/26 11:00:00,A,NR,TOTAL,T,EFTA,2022-01-01,14579617.0,,
ESTAT:DEMO_PJAN(1.0),08/05/26 11:00:00,A,NR,TOTAL,T,EL,2022-01-01,10461627.0,,
ESTAT:DEMO_PJAN(1.0),08/05/26 11:00:00,A,NR,TOTAL,T,ES,2022-01-01,47486843.0,,
ESTAT:DEMO_PJAN(1.0),08/05/26 11:00:00,A,NR,TOTAL,T,EU27_2020,2022-01-01,445972024.0,ep,
ESTAT:DEMO_PJAN(1.0),08/05/26 11:00:00,A,NR,TOTAL,T,FI,2022-01-01,5548241.0,,
ESTAT:DEMO_PJAN(1.0),08/05/26 11:00:00,A,NR,TOTAL,T,FR,2022-01-01,68091703.0,,
ESTAT:DEMO_PJAN(1.0),08/05/26 11:00:00,A,NR,TOTAL,T,GE,2022-01-01,3688647.0,,
ESTAT:DEMO_PJAN(1.0),08/05/26 11:00:00,A,NR,TOTAL,T,HR,2022-01-01,3862305.0,,
ESTAT:DEMO_PJAN(1.0),08/05/26 11:00:00,A,NR,TOTAL,T,HU,2022-01-01,9610403.0,,
ESTAT:DEMO_PJAN(1.0),08/05/26 11:00:00,A,NR,TOTAL,T,IE,2022-01-01,5154277.0,,
ESTAT:DEMO_PJAN(1.0),08/05/26 11:00:00,A,NR,TOTAL,T,IS,2022-01-01,376248.0,,
ESTAT:DEMO_PJAN(1.0),08/05/26 11:00:00,A,NR,TOTAL,T,IT,2022-01-01,59030133.0,,
ESTAT:DEMO_PJAN(1.0),08/05/26 11:00:00,A,NR,TOTAL,T,LI,2022-01-01,39308.0,,
ESTAT:DEMO_PJAN(1.0),08/05/26 11:00:00,A,NR,TOTAL,T,LT,2022-01-01,2805998.0,,
ESTAT:DEMO_PJAN(1.0),08/05/26 11:00:00,A,NR,TOTAL,T,LU,2022-01-01,645397.0,,
ESTAT:DEMO_PJAN(1.0),08/05/26 11:00:00,A,NR,TOTAL,T,LV,2022-01-01,1875757.0,,
ESTAT:DEMO_PJAN(1.0),08/05/26 11:00:00,A,NR,TOTAL,T,MD,2022-01-01,2565030.0,e,
ESTAT:DEMO_PJAN(1.0),08/05/26 11:00:00,A,NR,TOTAL,T,ME,2022-01-01,617683.0,,
ESTAT:DEMO_PJAN(1.0),08/05/26 11:00:00,A,NR,TOTAL,T,MK,2022-01-01,1837114.0,b,
ESTAT:DEMO_PJAN(1.0),08/05/26 11:00:00,A,NR,TOTAL,T,MT,2022-01-01,520174.0,,
ESTAT:DEMO_PJAN(1.0),08/05/26 11:00:00,A,NR,TOTAL,T,NL,2022-01-01,17590672.0,,
ESTAT:DEMO_PJAN(1.0),08/05/26 11:00:00,A,NR,TOTAL,T,NO,2022-01-01,5425270.0,,
ESTAT:DEMO_PJAN(1.0),08/05/26 11:00:00,A,NR,TOTAL,T,PL,2022-01-01,36889761.0,ep,
ESTAT:DEMO_PJAN(1.0),08/05/26 11:00:00,A,NR,TOTAL,T,PT,2022-01-01,10421117.0,,
ESTAT:DEMO_PJAN(1.0),08/05/26 11:00:00,A,NR,TOTAL,T,RO,2022-01-01,19043098.0,e,
ESTAT:DEMO_PJAN(1.0),08/05/26 11:00:00,A,NR,TOTAL,T,RS,2022-01-01,6797105.0,,
ESTAT:DEMO_PJAN(1.0),08/05/26 11:00:00,A,NR,TOTAL,T,SE,2022-01-01,10452326.0,,
ESTAT:DEMO_PJAN(1.0),08/05/26 11:00:00,A,NR,TOTAL,T,SI,2022-01-01,2107180.0,,
ESTAT:DEMO_PJAN(1.0),08/05/26 11:00:00,A,NR,TOTAL,T,SK,2022-01-01,5434712.0,,
ESTAT:DEMO_PJAN(1.0),08/05/26 11:00:00,A,NR,TOTAL,T,TR,2022-01-01,84680273.0,,
ESTAT:DEMO_PJAN(1.0),08/05/26 11:00:00,A,NR,TOTAL,T,UA,2022-01-01,40997698.0,,
ESTAT:DEMO_PJAN(1.0),08/05/26 11:00:00,A,NR,TOTAL,T,XK,2022-01-01,1773971.0,,
ESTAT:DEMO_PJAN(1.0),08/05/26 11:00:00,A,NR,TOTAL,T,AL,2023-01-01,2761785.0,,
ESTAT:DEMO_PJAN(1.0),08/05/26 11:00:00,A,NR,TOTAL,T,AM,2023-01-01,2977130.0,,
ESTAT:DEMO_PJAN(1.0),08/05/26 11:00:00,A,NR,TOTAL,T,AT,2023-01-01,9104772.0,,
ESTAT:DEMO_PJAN(1.0),08/05/26 11:00:00,A,NR,TOTAL,T,AZ,2023-01-01,10127145.0,,
ESTAT:DEMO_PJAN(1.0),08/05/26 11:00:00,A,NR,TOTAL,T,BE,2023-01-01,11742796.0,,
ESTAT:DEMO_PJAN(1.0),08/05/26 11:00:00,A,NR,TOTAL,T,BG,2023-01-01,6447710.0,,
ESTAT:DEMO_PJAN(1.0),08/05/26 11:00:00,A,NR,TOTAL,T,CH,2023-01-01,8815385.0,,
ESTAT:DEMO_PJAN(1.0),08/05/26 11:00:00,A,NR,TOTAL,T,CY,2023-01-01,949084.0,,
ESTAT:DEMO_PJAN(1.0),08/05/26 11:00:00,A,NR,TOTAL,T,CZ,2023-01-01,10827529.0,,
ESTAT:DEMO_PJAN(1.0),08/05/26 11:00:00,A,NR,TOTAL,T,DE,2023-01-01,83118501.0,b,
ESTAT:DEMO_PJAN(1.0),08/05/26 11:00:00,A,NR,TOTAL,T,DE_TOT,2023-01-01,83118501.0,b,
ESTAT:DEMO_PJAN(1.0),08/05/26 11:00:00,A,NR,TOTAL,T,DK,2023-01-01,5932654.0,,
ESTAT:DEMO_PJAN(1.0),08/05/26 11:00:00,A,NR,TOTAL,T,EA20,2023-01-01,348557873.0,bp,
ESTAT:DEMO_PJAN(1.0),08/05/26 11:00:00,A,NR,TOTAL,T,EE,2023-01-01,1365884.0,,
ESTAT:DEMO_PJAN(1.0),08/05/26 11:00:00,A,NR,TOTAL,T,EFTA,2023-01-01,14731804.0,,
ESTAT:DEMO_PJAN(1.0),08/05/26 11:00:00,A,NR,TOTAL,T,EL,2023-01-01,10401868.0,,
ESTAT:DEMO_PJAN(1.0),08/05/26 11:00:00,A,NR,TOTAL,T,ES,2023-01-01,48085361.0,,
ESTAT:DEMO_PJAN(1.0),08/05/26 11:00:00,A,NR,TOTAL,T,EU27_2020,2023-01-01,447695350.0,bep,
ESTAT:DEMO_PJAN(1.0),08/05/26 11:00:00,A,NR,TOTAL,T,FI,2023-01-01,5563970.0,,
ESTAT:DEMO_PJAN(1.0),08/05/26 11:00:00,A,NR,TOTAL,T,FR,2023-01-01,68277210.0,p,
ESTAT:DEMO_PJAN(1.0),08/05/26 11:00:00,A,NR,TOTAL,T,GE,2023-01-01,3736357.0,,
ESTAT:DEMO_PJAN(1.0),08/05/26 11:00:00,A,NR,TOTAL,T,HR,2023-01-01,3850894.0,,
ESTAT:DEMO_PJAN(1.0),08/05/26 11:00:00,A,NR,TOTAL,T,HU,2023-01-01,9599744.0,,
ESTAT:DEMO_PJAN(1.0),08/05/26 11:00:00,A,NR,TOTAL,T,IE,2023-01-01,5271395.0,,
ESTAT:DEMO_PJAN(1.0),08/05/26 11:00:00,A,NR,TOTAL,T,IS,2023-01-01,387758.0,,
ESTAT:DEMO_PJAN(1.0),08/05/26 11:00:00,A,NR,TOTAL,T,IT,2023-01-01,58997201.0,,
ESTAT:DEMO_PJAN(1.0),08/05/26 11:00:00,A,NR,TOTAL,T,LI,2023-01-01,39677.0,,
ESTAT:DEMO_PJAN(1.0),08/05/26 11:00:00,A,NR,TOTAL,T,LT,2023-01-01,2857279.0,,
ESTAT:DEMO_PJAN(1.0),08/05/26 11:00:00,A,NR,TOTAL,T,LU,2023-01-01,660809.0,,
ESTAT:DEMO_PJAN(1.0),08/05/26 11:00:00,A,NR,TOTAL,T,LV,2023-01-01,1895239.0,,
ESTAT:DEMO_PJAN(1.0),08/05/26 11:00:00,A,NR,TOTAL,T,MD,2023-01-01,2512758.0,ep,
ESTAT:DEMO_PJAN(1.0),08/05/26 11:00:00,A,NR,TOTAL,T,ME,2023-01-01,616695.0,,
ESTAT:DEMO_PJAN(1.0),08/05/26 11:00:00,A,NR,TOTAL,T,MK,2023-01-01,1829954.0,,
ESTAT:DEMO_PJAN(1.0),08/05/26 11:00:00,A,NR,TOTAL,T,MT,2023-01-01,542051.0,,
ESTAT:DEMO_PJAN(1.0),08/05/26 11:00:00,A,NR,TOTAL,T,NL,2023-01-01,17811291.0,,
ESTAT:DEMO_PJAN(1.0),08/05/26 11:00:00,A,NR,TOTAL,T,NO,2023-01-01,5488984.0,,
ESTAT:DEMO_PJAN(1.0),08/05/26 11:00:00,A,NR,TOTAL,T,PL,2023-01-01,36753736.0,ep,
ESTAT:DEMO_PJAN(1.0),08/05/26 11:00:00,A,NR,TOTAL,T,PT,2023-01-01,10516621.0,,
ESTAT:DEMO_PJAN(1.0),08/05/26 11:00:00,A,NR,TOTAL,T,RO,2023-01-01,19055228.0,e,
ESTAT:DEMO_PJAN(1.0),08/05/26 11:00:00,A,NR,TOTAL,T,RS,2023-01-01,6641197.0,b,
ESTAT:DEMO_PJAN(1.0),08/05/26 11:00:00,A,NR,TOTAL,T,SE,2023-01-01,10521556.0,,
ESTAT:DEMO_PJAN(1.0),08/05/26 11:00:00,A,NR,TOTAL,T,SI,2023-01-01,2116972.0,,
ESTAT:DEMO_PJAN(1.0),08/05/26 11:00:00,A,NR,TOTAL,T,SK,2023-01-01,5428792.0,,
ESTAT:DEMO_PJAN(1.0),08/05/26 11:00:00,A,NR,TOTAL,T,TR,2023-01-01,85279553.0,,
ESTAT:DEMO_PJAN(1.0),08/05/26 11:00:00,A,NR,TOTAL,T,AM,2024-01-01,2991201.0,,
ESTAT:DEMO_PJAN(1.0),08/05/26 11:00:00,A,NR,TOTAL,T,AT,2024-01-01,9158750.0,,
ESTAT:DEMO_PJAN(1.0),08/05/26 11:00:00,A,NR,TOTAL,T,AZ,2024-01-01,10180770.0,,
ESTAT:DEMO_PJAN(1.0),08/05/26 11:00:00,A,NR,TOTAL,T,BE,2024-01-01,11817096.0,,
ESTAT:DEMO_PJAN(1.0),08/05/26 11:00:00,A,NR,TOTAL,T,BG,2024-01-01,6445481.0,,
ESTAT:DEMO_PJAN(1.0),08/05/26 11:00:00,A,NR,TOTAL,T,CH,2024-01-01,8962258.0,,
ESTAT:DEMO_PJAN(1.0),08/05/26 11:00:00,A,NR,TOTAL,T,CY,2024-01-01,966365.0,,
ESTAT:DEMO_PJAN(1.0),08/05/26 11:00:00,A,NR,TOTAL,T,CZ,2024-01-01,10900555.0,,
ESTAT:DEMO_PJAN(1.0),08/05/26 11:00:00,A,NR,TOTAL,T,DE,2024-01-01,83456045.0,,
ESTAT:DEMO_PJAN(1.0),08/05/26 11:00:00,A,NR,TOTAL,T,DE_TOT,2024-01-01,83456045.0,,
ESTAT:DEMO_PJAN(1.0),08/05/26 11:00:00,A,NR,TOTAL,T,DK,2024-01-01,5961249.0,,
ESTAT:DEMO_PJAN(1.0),08/05/26 11:00:00,A,NR,TOTAL,T,EA20,2024-01-01,350174019.0,p,
ESTAT:DEMO_PJAN(1.0),08/05/26 11:00:00,A,NR,TOTAL,T,EE,2024-01-01,1374687.0,,
ESTAT:DEMO_PJAN(1.0),08/05/26 11:00:00,A,NR,TOTAL,T,EFTA,2024-01-01,14936057.0,,
ESTAT:DEMO_PJAN(1.0),08/05/26 11:00:00,A,NR,TOTAL,T,EL,2024-01-01,10375764.0,,
ESTAT:DEMO_PJAN(1.0),08/05/26 11:00:00,A,NR,TOTAL,T,ES,2024-01-01,48619695.0,,
ESTAT:DEMO_PJAN(1.0),08/05/26 11:00:00,A,NR,TOTAL,T,EU27_2020,2024-01-01,449306184.0,ep,
ESTAT:DEMO_PJAN(1.0),08/05/26 11:00:00,A,NR,TOTAL,T,FI,2024-01-01,5603851.0,,
ESTAT:DEMO_PJAN(1.0),08/05/26 11:00:00,A,NR,TOTAL,T,FR,2024-01-01,68669303.0,p,
ESTAT:DEMO_PJAN(1.0),08/05/26 11:00:00,A,NR,TOTAL,T,GE,2024-01-01,3694608.0,,
ESTAT:DEMO_PJAN(1.0),08/05/26 11:00:00,A,NR,TOTAL,T,HR,2024-01-01,3861967.0,,
ESTAT:DEMO_PJAN(1.0),08/05/26 11:00:00,A,NR,TOTAL,T,HU,2024-01-01,9584627.0,,
ESTAT:DEMO_PJAN(1.0),08/05/26 11:00:00,A,NR,TOTAL,T,IE,2024-01-01,5351681.0,,
ESTAT:DEMO_PJAN(1.0),08/05/26 11:00:00,A,NR,TOTAL,T,IS,2024-01-01,383567.0,,
ESTAT:DEMO_PJAN(1.0),08/05/26 11:00:00,A,NR,TOTAL,T,IT,2024-01-01,58971230.0,,
ESTAT:DEMO_PJAN(1.0),08/05/26 11:00:00,A,NR,TOTAL,T,LI,2024-01-01,40015.0,,
ESTAT:DEMO_PJAN(1.0),08/05/26 11:00:00,A,NR,TOTAL,T,LT,2024-01-01,2885891.0,,
ESTAT:DEMO_PJAN(1.0),08/05/26 11:00:00,A,NR,TOTAL,T,LU,2024-01-01,672050.0,,
ESTAT:DEMO_PJAN(1.0),08/05/26 11:00:00,A,NR,TOTAL,T,LV,2024-01-01,1878575.0,,
ESTAT:DEMO_PJAN(1.0),08/05/26 11:00:00,A,NR,TOTAL,T,MC,2024-01-01,38367.0,,
ESTAT:DEMO_PJAN(1.0),08/05/26 11:00:00,A,NR,TOTAL,T,MD,2024-01-01,2423287.0,ep,
ESTAT:DEMO_PJAN(1.0),08/05/26 11:00:00,A,NR,TOTAL,T,ME,2024-01-01,623680.0,,
ESTAT:DEMO_PJAN(1.0),08/05/26 11:00:00,A,NR,TOTAL,T,MK,2024-01-01,1826247.0,,
ESTAT:DEMO_PJAN(1.0),08/05/26 11:00:00,A,NR,TOTAL,T,MT,2024-01-01,563443.0,,
ESTAT:DEMO_PJAN(1.0),08/05/26 11:00:00,A,NR,TOTAL,T,NL,2024-01-01,17942942.0,,
ESTAT:DEMO_PJAN(1.0),08/05/26 11:00:00,A,NR,TOTAL,T,NO,2024-01-01,5550203.0,,
ESTAT:DEMO_PJAN(1.0),08/05/26 11:00:00,A,NR,TOTAL,T,PL,2024-01-01,36620970.0,,
ESTAT:DEMO_PJAN(1.0),08/05/26 11:00:00,A,NR,TOTAL,T,PT,2024-01-01,10639726.0,,
ESTAT:DEMO_PJAN(1.0),08/05/26 11:00:00,A,NR,TOTAL,T,RO,2024-01-01,19067576.0,e,
ESTAT:DEMO_PJAN(1.0),08/05/26 11:00:00,A,NR,TOTAL,T,RS,2024-01-01,6605168.0,,
ESTAT:DEMO_PJAN(1.0),08/05/26 11:00:00,A,NR,TOTAL,T,SE,2024-01-01,10551707.0,,
ESTAT:DEMO_PJAN(1.0),08/05/26 11:00:00,A,NR,TOTAL,T,SI,2024-01-01,2123949.0,,
ESTAT:DEMO_PJAN(1.0),08/05/26 11:00:00,A,NR,TOTAL,T,SK,2024-01-01,5424687.0,,
ESTAT:DEMO_PJAN(1.0),08/05/26 11:00:00,A,NR,TOTAL,T,TR,2024-01-01,85372377.0,,
ESTAT:DEMO_PJAN(1.0),08/05/26 11:00:00,A,NR,TOTAL,T,AL,2025-01-01,2363314.0,,
ESTAT:DEMO_PJAN(1.0),08/05/26 11:00:00,A,NR,TOTAL,T,AT,2025-01-01,9197213.0,,
ESTAT:DEMO_PJAN(1.0),08/05/26 11:00:00,A,NR,TOTAL,T,AZ,2025-01-01,10224889.0,,
ESTAT:DEMO_PJAN(1.0),08/05/26 11:00:00,A,NR,TOTAL,T,BE,2025-01-01,11883495.0,,
ESTAT:DEMO_PJAN(1.0),08/05/26 11:00:00,A,NR,TOTAL,T,BG,2025-01-01,6437360.0,,
ESTAT:DEMO_PJAN(1.0),08/05/26 11:00:00,A,NR,TOTAL,T,CH,2025-01-01,9051029.0,,
ESTAT:DEMO_PJAN(1.0),08/05/26 11:00:00,A,NR,TOTAL,T,CY,2025-01-01,982966.0,,
ESTAT:DEMO_PJAN(1.0),08/05/26 11:00:00,A,NR,TOTAL,T,CZ,2025-01-01,10909500.0,,
ESTAT:DEMO_PJAN(1.0),08/05/26 11:00:00,A,NR,TOTAL,T,DE,2025-01-01,83577140.0,,
ESTAT:DEMO_PJAN(1.0),08/05/26 11:00:00,A,NR,TOTAL,T,DE_TOT,2025-01-01,83577140.0,,
ESTAT:DEMO_PJAN(1.0),08/05/26 11:00:00,A,NR,TOTAL,T,DK,2025-01-01,5992734.0,,
ESTAT:DEMO_PJAN(1.0),08/05/26 11:00:00,A,NR,TOTAL,T,EA20,2025-01-01,351639519.0,p,
ESTAT:DEMO_PJAN(1.0),08/05/26 11:00:00,A,NR,TOTAL,T,EA21,2025-01-01,358076879.0,p,
ESTAT:DEMO_PJAN(1.0),08/05/26 11:00:00,A,NR,TOTAL,T,EE,2025-01-01,1369995.0,,
ESTAT:DEMO_PJAN(1.0),08/05/26 11:00:00,A,NR,TOTAL,T,EFTA,2025-01-01,15075699.0,,
ESTAT:DEMO_PJAN(1.0),08/05/26 11:00:00,A,NR,TOTAL,T,EL,2025-01-01,10372335.0,,
ESTAT:DEMO_PJAN(1.0),08/05/26 11:00:00,A,NR,TOTAL,T,ES,2025-01-01,49128297.0,,
ESTAT:DEMO_PJAN(1.0),08/05/26 11:00:00,A,NR,TOTAL,T,EU27_2020,2025-01-01,450646971.0,ep,
ESTAT:DEMO_PJAN(1.0),08/05/26 11:00:00,A,NR,TOTAL,T,FI,2025-01-01,5635971.0,,
ESTAT:DEMO_PJAN(1.0),08/05/26 11:00:00,A,NR,TOTAL,T,FR,2025-01-01,68882600.0,p,
ESTAT:DEMO_PJAN(1.0),08/05/26 11:00:00,A,NR,TOTAL,T,GE,2025-01-01,3704506.0,,
ESTAT:DEMO_PJAN(1.0),08/05/26 11:00:00,A,NR,TOTAL,T,HR,2025-01-01,3874350.0,,
ESTAT:DEMO_PJAN(1.0),08/05/26 11:00:00,A,NR,TOTAL,T,HU,2025-01-01,9539502.0,,
ESTAT:DEMO_PJAN(1.0),08/05/26 11:00:00,A,NR,TOTAL,T,IE,2025-01-01,5440278.0,,
ESTAT:DEMO_PJAN(1.0),08/05/26 11:00:00,A,NR,TOTAL,T,IS,2025-01-01,389444.0,,
ESTAT:DEMO_PJAN(1.0),08/05/26 11:00:00,A,NR,TOTAL,T,IT,2025-01-01,58943464.0,,
ESTAT:DEMO_PJAN(1.0),08/05/26 11:00:00,A,NR,TOTAL,T,LI,2025-01-01,40886.0,,
ESTAT:DEMO_PJAN(1.0),08/05/26 11:00:00,A,NR,TOTAL,T,LT,2025-01-01,2890664.0,,
ESTAT:DEMO_PJAN(1.0),08/05/26 11:00:00,A,NR,TOTAL,T,LU,2025-01-01,681973.0,,
ESTAT:DEMO_PJAN(1.0),08/05/26 11:00:00,A,NR,TOTAL,T,LV,2025-01-01,1860565.0,,
ESTAT:DEMO_PJAN(1.0),08/05/26 11:00:00,A,NR,TOTAL,T,MC,2025-01-01,38423.0,,
ESTAT:DEMO_PJAN(1.0),08/05/26 11:00:00,A,NR,TOTAL,T,MD,2025-01-01,2386893.0,ep,
ESTAT:DEMO_PJAN(1.0),08/05/26 11:00:00,A,NR,TOTAL,T,ME,2025-01-01,623327.0,,
ESTAT:DEMO_PJAN(1.0),08/05/26 11:00:00,A,NR,TOTAL,T,MK,2025-01-01,1822612.0,,
ESTAT:DEMO_PJAN(1.0),08/05/26 11:00:00,A,NR,TOTAL,T,MT,2025-01-01,574250.0,,
ESTAT:DEMO_PJAN(1.0),08/05/26 11:00:00,A,NR,TOTAL,T,NL,2025-01-01,18044027.0,,
ESTAT:DEMO_PJAN(1.0),08/05/26 11:00:00,A,NR,TOTAL,T,NO,2025-01-01,5594340.0,,
ESTAT:DEMO_PJAN(1.0),08/05/26 11:00:00,A,NR,TOTAL,T,PL,2025-01-01,36497495.0,,
ESTAT:DEMO_PJAN(1.0),08/05/26 11:00:00,A,NR,TOTAL,T,PT,2025-01-01,10749635.0,,
ESTAT:DEMO_PJAN(1.0),08/05/26 11:00:00,A,NR,TOTAL,T,RO,2025-01-01,19043151.0,e,
ESTAT:DEMO_PJAN(1.0),08/05/26 11:00:00,A,NR,TOTAL,T,RS,2025-01-01,6567783.0,,
ESTAT:DEMO_PJAN(1.0),08/05/26 11:00:00,A,NR,TOTAL,T,SE,2025-01-01,10587710.0,,
ESTAT:DEMO_PJAN(1.0),08/05/26 11:00:00,A,NR,TOTAL,T,SI,2025-01-01,2130850.0,,
ESTAT:DEMO_PJAN(1.0),08/05/26 11:00:00,A,NR,TOTAL,T,SK,2025-01-01,5419451.0,,
ESTAT:DEMO_PJAN(1.0),08/05/26 11:00:00,A,NR,TOTAL,T,TR,2025-01-01,85664944.0,,
